time,time_week,time_year,time_month,time_day,time_hour,station_id,NO2_Concentration,NOx_Concentration,O3_Concentration
2022-01-15 00:00:00,5,2022,1,15,0,Oesterbro,4.88,4.67,66.2
2022-01-15 01:00:00,5,2022,1,15,1,Oesterbro,3.39,2.87,65.3
2022-01-15 02:00:00,5,2022,1,15,2,Oesterbro,7.32,6.58,
2022-01-15 03:00:00,5,2022,1,15,3,Oesterbro,8.19,8.01,48.54
2022-01-15 04:00:00,5,2022,1,15,4,Oesterbro,6.43,5.89,44.01
2022-01-15 05:00:00,5,2022,1,15,5,Oesterbro,5.45,5.68,46.1
2022-01-15 06:00:00,5,2022,1,15,6,Oesterbro,7.65,7.82,43.45
2022-01-15 07:00:00,5,2022,1,15,7,Oesterbro,9.12,9.52,43.47
2022-01-15 08:00:00,5,2022,1,15,8,Oesterbro,15.19,15.63,34.96
2022-01-15 09:00:00,5,2022,1,15,9,Oesterbro,20.31,23.66,33.05
2022-01-15 10:00:00,5,2022,1,15,10,Oesterbro,11.61,13.16,55.56
2022-01-15 11:00:00,5,2022,1,15,11,Oesterbro,8.64,10.25,61.57
2022-01-15 12:00:00,5,2022,1,15,12,Oesterbro,6.69,7.57,64.42
2022-01-15 13:00:00,5,2022,1,15,13,Oesterbro,4.59,5.45,67.71
2022-01-15 14:00:00,5,2022,1,15,14,Oesterbro,6.02,6.92,65.96
2022-01-15 15:00:00,5,2022,1,15,15,Oesterbro,7.54,8.2,64.42
2022-01-15 16:00:00,5,2022,1,15,16,Oesterbro,9.85,10.81,58.89
2022-01-15 17:00:00,5,2022,1,15,17,Oesterbro,9.56,10.44,59.35
2022-01-15 18:00:00,5,2022,1,15,18,Oesterbro,9.64,10.29,55.9
2022-01-15 19:00:00,5,2022,1,15,19,Oesterbro,6.25,6.88,59.03
2022-01-15 20:00:00,5,2022,1,15,20,Oesterbro,5.3,5.64,61.15
2022-01-15 21:00:00,5,2022,1,15,21,Oesterbro,4.65,4.86,62.09
2022-01-15 22:00:00,5,2022,1,15,22,Oesterbro,5.72,5.81,57.52
2022-01-15 23:00:00,5,2022,1,15,23,Oesterbro,3.75,4.28,59.57
2022-01-16 00:00:00,6,2022,1,16,0,Oesterbro,2.47,2.87,58.19
2022-01-16 01:00:00,6,2022,1,16,1,Oesterbro,2.2,2.18,55.86
2022-01-16 02:00:00,6,2022,1,16,2,Oesterbro,1.64,1.72,55.16
2022-01-16 03:00:00,6,2022,1,16,3,Oesterbro,1.76,1.61,
2022-01-16 04:00:00,6,2022,1,16,4,Oesterbro,2.05,2.03,51.27
2022-01-16 05:00:00,6,2022,1,16,5,Oesterbro,4.82,4.92,40.91
2022-01-16 06:00:00,6,2022,1,16,6,Oesterbro,7.75,8.03,37.6
2022-01-16 07:00:00,6,2022,1,16,7,Oesterbro,8.09,8.85,36.76
2022-01-16 08:00:00,6,2022,1,16,8,Oesterbro,7.61,8.36,40.85
2022-01-16 09:00:00,6,2022,1,16,9,Oesterbro,5.26,6.14,51.85
2022-01-16 10:00:00,6,2022,1,16,10,Oesterbro,5.45,6.27,55.2
2022-01-16 11:00:00,6,2022,1,16,11,Oesterbro,6.39,7.36,53.86
2022-01-16 12:00:00,6,2022,1,16,12,Oesterbro,5.32,6.43,53.7
2022-01-16 13:00:00,6,2022,1,16,13,Oesterbro,4.15,5.11,56.34
2022-01-16 14:00:00,6,2022,1,16,14,Oesterbro,3.58,4.26,58.39
2022-01-16 15:00:00,6,2022,1,16,15,Oesterbro,2.7,3.06,74.54
2022-01-16 16:00:00,6,2022,1,16,16,Oesterbro,2.05,2.28,80.95
2022-01-16 17:00:00,6,2022,1,16,17,Oesterbro,2.08,2.72,86.23
2022-01-16 18:00:00,6,2022,1,16,18,Oesterbro,1.84,2.2,88.53
2022-01-16 19:00:00,6,2022,1,16,19,Oesterbro,1.87,2.49,87.55
2022-01-16 20:00:00,6,2022,1,16,20,Oesterbro,1.43,1.55,86.17
2022-01-16 21:00:00,6,2022,1,16,21,Oesterbro,1.13,1.47,85.76
2022-01-16 22:00:00,6,2022,1,16,22,Oesterbro,1.09,1.47,85.56
2022-01-16 23:00:00,6,2022,1,16,23,Oesterbro,1.26,1.47,83.74
2022-01-17 00:00:00,0,2022,1,17,0,Oesterbro,0.33,0.75,84.04
2022-01-17 01:00:00,0,2022,1,17,1,Oesterbro,0.69,1.07,
2022-01-17 02:00:00,0,2022,1,17,2,Oesterbro,0.42,1.01,83.36
2022-01-17 03:00:00,0,2022,1,17,3,Oesterbro,0.67,0.88,80.37
2022-01-17 04:00:00,0,2022,1,17,4,Oesterbro,1.26,1.01,77.69
2022-01-17 05:00:00,0,2022,1,17,5,Oesterbro,1.17,0.86,77.59
2022-01-17 06:00:00,0,2022,1,17,6,Oesterbro,1.42,1.43,83.66
2022-01-17 07:00:00,0,2022,1,17,7,Oesterbro,3.23,3.6,89.17
2022-01-17 08:00:00,0,2022,1,17,8,Oesterbro,7.71,8.4,84.94
2022-01-17 09:00:00,0,2022,1,17,9,Oesterbro,6.27,6.5,88.23
2022-01-17 10:00:00,0,2022,1,17,10,Oesterbro,6.52,7.17,82.78
2022-01-17 11:00:00,0,2022,1,17,11,Oesterbro,4.19,5.18,79.97
2022-01-17 12:00:00,0,2022,1,17,12,Oesterbro,3.86,4.9,80.87
2022-01-17 13:00:00,0,2022,1,17,13,Oesterbro,3.52,4.44,78.69
2022-01-17 14:00:00,0,2022,1,17,14,Oesterbro,3.71,4.55,78.11
2022-01-17 15:00:00,0,2022,1,17,15,Oesterbro,5.95,7.15,75.8
2022-01-17 16:00:00,0,2022,1,17,16,Oesterbro,8.01,8.93,71.45
2022-01-17 17:00:00,0,2022,1,17,17,Oesterbro,14.23,15.24,63.92
2022-01-17 18:00:00,0,2022,1,17,18,Oesterbro,11.88,12.3,64.64
2022-01-17 19:00:00,0,2022,1,17,19,Oesterbro,5.64,5.93,72.48
2022-01-17 20:00:00,0,2022,1,17,20,Oesterbro,6.85,7.11,71.67
2022-01-17 21:00:00,0,2022,1,17,21,Oesterbro,5.26,5.37,72.66
2022-01-17 22:00:00,0,2022,1,17,22,Oesterbro,4.48,4.36,72.62
2022-01-17 23:00:00,0,2022,1,17,23,Oesterbro,3.84,3.81,72.32
2022-01-18 00:00:00,1,2022,1,18,0,Oesterbro,2.72,2.66,72.18
2022-01-18 01:00:00,1,2022,1,18,1,Oesterbro,3.54,3.1,66.56
2022-01-18 02:00:00,1,2022,1,18,2,Oesterbro,4.11,4.05,
2022-01-18 03:00:00,1,2022,1,18,3,Oesterbro,4.78,4.78,62.72
2022-01-18 04:00:00,1,2022,1,18,4,Oesterbro,5.41,5.58,64.38
2022-01-18 05:00:00,1,2022,1,18,5,Oesterbro,7.34,7.88,68.03
2022-01-18 06:00:00,1,2022,1,18,6,Oesterbro,7.65,8.3,68.17
2022-01-18 07:00:00,1,2022,1,18,7,Oesterbro,6.16,6.64,71.63
2022-01-18 08:00:00,1,2022,1,18,8,Oesterbro,,,71.81
2022-01-18 09:00:00,1,2022,1,18,9,Oesterbro,4.09,4.7,74.28
2022-01-18 10:00:00,1,2022,1,18,10,Oesterbro,4.0,4.59,76.63
2022-01-18 11:00:00,1,2022,1,18,11,Oesterbro,3.29,3.73,76.04
2022-01-18 12:00:00,1,2022,1,18,12,Oesterbro,3.63,4.57,75.76
2022-01-18 13:00:00,1,2022,1,18,13,Oesterbro,4.88,5.64,74.74
2022-01-18 14:00:00,1,2022,1,18,14,Oesterbro,4.82,5.78,72.9
2022-01-18 15:00:00,1,2022,1,18,15,Oesterbro,4.57,5.45,71.79
2022-01-18 16:00:00,1,2022,1,18,16,Oesterbro,4.21,4.72,70.39
2022-01-18 17:00:00,1,2022,1,18,17,Oesterbro,5.2,5.66,66.56
2022-01-18 18:00:00,1,2022,1,18,18,Oesterbro,4.74,5.11,65.78
2022-01-18 19:00:00,1,2022,1,18,19,Oesterbro,7.13,7.61,59.05
2022-01-18 20:00:00,1,2022,1,18,20,Oesterbro,7.55,8.38,52.65
2022-01-18 21:00:00,1,2022,1,18,21,Oesterbro,7.75,8.4,49.43
2022-01-18 22:00:00,1,2022,1,18,22,Oesterbro,9.45,9.94,46.02
2022-01-18 23:00:00,1,2022,1,18,23,Oesterbro,10.44,11.11,43.13
2022-01-19 00:00:00,2,2022,1,19,0,Oesterbro,10.96,10.84,43.05
2022-01-19 01:00:00,2,2022,1,19,1,Oesterbro,,,47.5
2022-01-19 02:00:00,2,2022,1,19,2,Oesterbro,8.84,8.85,47.7
2022-01-19 03:00:00,2,2022,1,19,3,Oesterbro,8.93,8.78,
2022-01-19 04:00:00,2,2022,1,19,4,Oesterbro,12.66,12.83,38.14
2022-01-19 05:00:00,2,2022,1,19,5,Oesterbro,14.57,14.61,34.86
2022-01-19 06:00:00,2,2022,1,19,6,Oesterbro,12.55,13.46,45.42
2022-01-19 07:00:00,2,2022,1,19,7,Oesterbro,,,51.63
2022-01-19 08:00:00,2,2022,1,19,8,Oesterbro,,,55.36
2022-01-19 09:00:00,2,2022,1,19,9,Oesterbro,10.23,11.15,52.69
2022-01-19 10:00:00,2,2022,1,19,10,Oesterbro,,,
2022-01-19 11:00:00,2,2022,1,19,11,Oesterbro,,,
2022-01-19 12:00:00,2,2022,1,19,12,Oesterbro,6.9,8.13,60.27
2022-01-19 13:00:00,2,2022,1,19,13,Oesterbro,6.94,7.9,59.23
2022-01-19 14:00:00,2,2022,1,19,14,Oesterbro,8.38,10.1,57.04
2022-01-19 15:00:00,2,2022,1,19,15,Oesterbro,7.82,9.58,58.67
2022-01-19 16:00:00,2,2022,1,19,16,Oesterbro,6.67,7.21,61.11
2022-01-19 17:00:00,2,2022,1,19,17,Oesterbro,2.68,2.68,80.91
2022-01-19 18:00:00,2,2022,1,19,18,Oesterbro,2.62,2.95,77.21
2022-01-19 19:00:00,2,2022,1,19,19,Oesterbro,2.01,2.16,79.95
2022-01-19 20:00:00,2,2022,1,19,20,Oesterbro,1.66,1.68,82.02
2022-01-19 21:00:00,2,2022,1,19,21,Oesterbro,1.45,1.4,83.78
2022-01-19 22:00:00,2,2022,1,19,22,Oesterbro,1.49,1.3,84.08
2022-01-19 23:00:00,2,2022,1,19,23,Oesterbro,0.57,0.59,86.91
2022-01-20 00:00:00,3,2022,1,20,0,Oesterbro,0.57,0.29,85.2
2022-01-20 01:00:00,3,2022,1,20,1,Oesterbro,0.36,0.11,
2022-01-20 02:00:00,3,2022,1,20,2,Oesterbro,0.5,0.69,83.76
2022-01-20 03:00:00,3,2022,1,20,3,Oesterbro,0.08,0.27,80.35
2022-01-20 04:00:00,3,2022,1,20,4,Oesterbro,1.09,1.09,72.74
2022-01-20 05:00:00,3,2022,1,20,5,Oesterbro,1.15,1.34,71.94
2022-01-20 06:00:00,3,2022,1,20,6,Oesterbro,1.68,2.07,69.99
2022-01-20 07:00:00,3,2022,1,20,7,Oesterbro,3.56,4.02,68.33
2022-01-20 08:00:00,3,2022,1,20,8,Oesterbro,4.15,5.07,68.93
2022-01-20 09:00:00,3,2022,1,20,9,Oesterbro,3.77,4.04,68.53
2022-01-20 10:00:00,3,2022,1,20,10,Oesterbro,3.02,3.84,70.21
2022-01-20 11:00:00,3,2022,1,20,11,Oesterbro,3.16,4.13,74.0
2022-01-20 12:00:00,3,2022,1,20,12,Oesterbro,3.23,4.13,75.7
2022-01-20 13:00:00,3,2022,1,20,13,Oesterbro,2.91,4.02,74.44
2022-01-20 14:00:00,3,2022,1,20,14,Oesterbro,2.56,3.27,72.74
2022-01-20 15:00:00,3,2022,1,20,15,Oesterbro,3.52,4.38,70.45
2022-01-20 16:00:00,3,2022,1,20,16,Oesterbro,3.75,4.67,69.07
2022-01-20 17:00:00,3,2022,1,20,17,Oesterbro,5.24,6.18,66.68
2022-01-20 18:00:00,3,2022,1,20,18,Oesterbro,4.46,5.03,66.58
2022-01-20 19:00:00,3,2022,1,20,19,Oesterbro,4.15,4.7,67.2
2022-01-20 20:00:00,3,2022,1,20,20,Oesterbro,3.98,4.19,66.86
2022-01-20 21:00:00,3,2022,1,20,21,Oesterbro,3.94,4.38,67.14
2022-01-20 22:00:00,3,2022,1,20,22,Oesterbro,3.77,4.13,65.74
2022-01-20 23:00:00,3,2022,1,20,23,Oesterbro,3.42,3.5,65.64
2022-01-21 00:00:00,4,2022,1,21,0,Oesterbro,2.16,2.3,65.94
2022-01-21 01:00:00,4,2022,1,21,1,Oesterbro,2.22,2.2,66.28
2022-01-21 02:00:00,4,2022,1,21,2,Oesterbro,2.26,2.14,
2022-01-21 03:00:00,4,2022,1,21,3,Oesterbro,2.54,2.35,67.99
2022-01-21 04:00:00,4,2022,1,21,4,Oesterbro,3.5,3.71,67.31
2022-01-21 05:00:00,4,2022,1,21,5,Oesterbro,4.93,5.05,66.5
2022-01-21 06:00:00,4,2022,1,21,6,Oesterbro,8.97,9.22,62.29
2022-01-21 07:00:00,4,2022,1,21,7,Oesterbro,16.2,17.27,57.7
2022-01-21 08:00:00,4,2022,1,21,8,Oesterbro,24.73,26.78,50.71
2022-01-21 09:00:00,4,2022,1,21,9,Oesterbro,10.0,10.73,64.64
2022-01-21 10:00:00,4,2022,1,21,10,Oesterbro,11.99,13.92,65.06
2022-01-21 11:00:00,4,2022,1,21,11,Oesterbro,6.85,8.36,72.32
2022-01-21 12:00:00,4,2022,1,21,12,Oesterbro,8.51,9.37,68.89
2022-01-21 13:00:00,4,2022,1,21,13,Oesterbro,7.11,8.05,70.59
2022-01-21 14:00:00,4,2022,1,21,14,Oesterbro,10.08,11.21,70.79
2022-01-21 15:00:00,4,2022,1,21,15,Oesterbro,5.91,6.73,75.36
2022-01-21 16:00:00,4,2022,1,21,16,Oesterbro,6.75,7.5,72.56
2022-01-21 17:00:00,4,2022,1,21,17,Oesterbro,7.1,7.76,69.35
2022-01-21 18:00:00,4,2022,1,21,18,Oesterbro,6.85,7.63,67.53
2022-01-21 19:00:00,4,2022,1,21,19,Oesterbro,5.64,6.04,63.7
2022-01-21 20:00:00,4,2022,1,21,20,Oesterbro,7.15,7.75,59.53
2022-01-21 21:00:00,4,2022,1,21,21,Oesterbro,16.1,16.31,47.84
2022-01-21 22:00:00,4,2022,1,21,22,Oesterbro,19.41,19.68,43.61
2022-01-21 23:00:00,4,2022,1,21,23,Oesterbro,39.11,42.21,16.38
2022-01-22 00:00:00,5,2022,1,22,0,Oesterbro,23.1,23.96,30.61
2022-01-22 01:00:00,5,2022,1,22,1,Oesterbro,21.11,21.29,29.0
2022-01-22 02:00:00,5,2022,1,22,2,Oesterbro,23.22,24.15,21.15
2022-01-22 03:00:00,5,2022,1,22,3,Oesterbro,16.5,17.06,
2022-01-22 04:00:00,5,2022,1,22,4,Oesterbro,12.99,13.52,27.58
2022-01-22 05:00:00,5,2022,1,22,5,Oesterbro,9.62,9.85,48.1
2022-01-22 06:00:00,5,2022,1,22,6,Oesterbro,9.47,9.6,44.32
2022-01-22 07:00:00,5,2022,1,22,7,Oesterbro,11.78,11.86,39.55
2022-01-22 08:00:00,5,2022,1,22,8,Oesterbro,12.35,14.21,33.79
2022-01-22 09:00:00,5,2022,1,22,9,Oesterbro,10.42,11.78,34.31
2022-01-22 10:00:00,5,2022,1,22,10,Oesterbro,13.85,15.95,32.39
2022-01-22 11:00:00,5,2022,1,22,11,Oesterbro,16.29,19.68,35.64
2022-01-22 12:00:00,5,2022,1,22,12,Oesterbro,10.67,12.16,62.33
2022-01-22 13:00:00,5,2022,1,22,13,Oesterbro,7.75,8.55,70.83
2022-01-22 14:00:00,5,2022,1,22,14,Oesterbro,6.9,7.34,74.68
2022-01-22 15:00:00,5,2022,1,22,15,Oesterbro,8.43,8.97,72.58
2022-01-22 16:00:00,5,2022,1,22,16,Oesterbro,8.4,8.82,67.35
2022-01-22 17:00:00,5,2022,1,22,17,Oesterbro,9.14,9.29,69.19
2022-01-22 18:00:00,5,2022,1,22,18,Oesterbro,9.87,9.98,64.42
2022-01-22 19:00:00,5,2022,1,22,19,Oesterbro,7.98,7.94,63.74
2022-01-22 20:00:00,5,2022,1,22,20,Oesterbro,7.21,7.38,63.54
2022-01-22 21:00:00,5,2022,1,22,21,Oesterbro,8.11,8.24,59.93
2022-01-22 22:00:00,5,2022,1,22,22,Oesterbro,8.74,8.64,57.74
2022-01-22 23:00:00,5,2022,1,22,23,Oesterbro,4.21,4.05,62.27
2022-01-23 00:00:00,6,2022,1,23,0,Oesterbro,4.65,4.82,65.46
2022-01-23 01:00:00,6,2022,1,23,1,Oesterbro,4.7,4.9,
2022-01-23 02:00:00,6,2022,1,23,2,Oesterbro,4.38,4.36,67.06
2022-01-23 03:00:00,6,2022,1,23,3,Oesterbro,6.52,6.16,63.06
2022-01-23 04:00:00,6,2022,1,23,4,Oesterbro,4.7,4.95,66.24
2022-01-23 05:00:00,6,2022,1,23,5,Oesterbro,4.44,4.48,66.62
2022-01-23 06:00:00,6,2022,1,23,6,Oesterbro,2.52,2.26,68.93
2022-01-23 07:00:00,6,2022,1,23,7,Oesterbro,1.11,1.26,72.98
2022-01-23 08:00:00,6,2022,1,23,8,Oesterbro,1.78,1.76,71.57
2022-01-23 09:00:00,6,2022,1,23,9,Oesterbro,2.18,2.31,69.25
2022-01-23 10:00:00,6,2022,1,23,10,Oesterbro,3.48,3.52,65.74
2022-01-23 11:00:00,6,2022,1,23,11,Oesterbro,3.9,4.07,63.14
2022-01-23 12:00:00,6,2022,1,23,12,Oesterbro,6.01,6.67,57.92
2022-01-23 13:00:00,6,2022,1,23,13,Oesterbro,6.25,7.36,57.98
2022-01-23 14:00:00,6,2022,1,23,14,Oesterbro,6.33,7.23,60.33
2022-01-23 15:00:00,6,2022,1,23,15,Oesterbro,6.06,6.45,55.7
2022-01-23 16:00:00,6,2022,1,23,16,Oesterbro,4.07,4.57,60.07
2022-01-23 17:00:00,6,2022,1,23,17,Oesterbro,4.34,4.88,58.09
2022-01-23 18:00:00,6,2022,1,23,18,Oesterbro,3.48,3.73,61.15
2022-01-23 19:00:00,6,2022,1,23,19,Oesterbro,4.48,4.36,61.57
2022-01-23 20:00:00,6,2022,1,23,20,Oesterbro,4.26,4.53,62.33
2022-01-23 21:00:00,6,2022,1,23,21,Oesterbro,2.79,3.12,64.08
2022-01-23 22:00:00,6,2022,1,23,22,Oesterbro,3.73,3.73,65.34
2022-01-23 23:00:00,6,2022,1,23,23,Oesterbro,1.76,2.08,71.59
2022-01-24 00:00:00,0,2022,1,24,0,Oesterbro,1.38,1.38,71.21
2022-01-24 01:00:00,0,2022,1,24,1,Oesterbro,1.32,1.3,72.46
2022-01-24 02:00:00,0,2022,1,24,2,Oesterbro,1.11,1.07,
2022-01-24 03:00:00,0,2022,1,24,3,Oesterbro,0.99,0.88,74.48
2022-01-24 04:00:00,0,2022,1,24,4,Oesterbro,1.22,1.45,77.31
2022-01-24 05:00:00,0,2022,1,24,5,Oesterbro,3.52,3.23,74.22
2022-01-24 06:00:00,0,2022,1,24,6,Oesterbro,2.83,2.47,75.46
2022-01-24 07:00:00,0,2022,1,24,7,Oesterbro,4.55,4.9,73.74
2022-01-24 08:00:00,0,2022,1,24,8,Oesterbro,5.85,6.31,68.93
2022-01-24 09:00:00,0,2022,1,24,9,Oesterbro,6.12,6.41,65.02
2022-01-24 10:00:00,0,2022,1,24,10,Oesterbro,6.39,6.62,65.38
2022-01-24 11:00:00,0,2022,1,24,11,Oesterbro,5.66,6.14,68.11
2022-01-24 12:00:00,0,2022,1,24,12,Oesterbro,5.76,5.89,66.42
2022-01-24 13:00:00,0,2022,1,24,13,Oesterbro,4.72,4.92,65.1
2022-01-24 14:00:00,0,2022,1,24,14,Oesterbro,5.74,6.2,65.56
2022-01-24 15:00:00,0,2022,1,24,15,Oesterbro,5.68,6.39,67.24
2022-01-24 16:00:00,0,2022,1,24,16,Oesterbro,3.94,3.96,71.21
2022-01-24 17:00:00,0,2022,1,24,17,Oesterbro,3.69,3.82,72.22
2022-01-24 18:00:00,0,2022,1,24,18,Oesterbro,3.71,3.35,70.71
2022-01-24 19:00:00,0,2022,1,24,19,Oesterbro,3.37,3.29,70.05
2022-01-24 20:00:00,0,2022,1,24,20,Oesterbro,2.83,2.56,69.81
2022-01-24 21:00:00,0,2022,1,24,21,Oesterbro,2.75,2.54,67.89
2022-01-24 22:00:00,0,2022,1,24,22,Oesterbro,2.37,2.01,67.59
2022-01-24 23:00:00,0,2022,1,24,23,Oesterbro,2.26,2.12,67.28
2022-01-25 00:00:00,1,2022,1,25,0,Oesterbro,1.55,1.36,66.64
2022-01-25 01:00:00,1,2022,1,25,1,Oesterbro,1.19,0.5,68.65
2022-01-25 02:00:00,1,2022,1,25,2,Oesterbro,1.72,1.49,70.97
2022-01-25 03:00:00,1,2022,1,25,3,Oesterbro,1.26,0.8,
2022-01-25 04:00:00,1,2022,1,25,4,Oesterbro,1.45,1.01,81.44
2022-01-25 05:00:00,1,2022,1,25,5,Oesterbro,1.76,1.64,78.57
2022-01-25 06:00:00,1,2022,1,25,6,Oesterbro,6.98,8.15,76.3
2022-01-25 07:00:00,1,2022,1,25,7,Oesterbro,11.72,13.31,71.69
2022-01-25 08:00:00,1,2022,1,25,8,Oesterbro,13.02,14.55,66.64
2022-01-25 09:00:00,1,2022,1,25,9,Oesterbro,14.4,16.37,63.82
2022-01-25 10:00:00,1,2022,1,25,10,Oesterbro,14.78,17.61,62.51
2022-01-25 11:00:00,1,2022,1,25,11,Oesterbro,9.85,12.45,70.03
2022-01-25 12:00:00,1,2022,1,25,12,Oesterbro,6.98,9.66,80.47
2022-01-25 13:00:00,1,2022,1,25,13,Oesterbro,6.9,9.12,80.69
2022-01-25 14:00:00,1,2022,1,25,14,Oesterbro,5.91,7.61,82.6
2022-01-25 15:00:00,1,2022,1,25,15,Oesterbro,5.97,7.11,82.88
2022-01-25 16:00:00,1,2022,1,25,16,Oesterbro,8.99,10.1,75.54
2022-01-25 17:00:00,1,2022,1,25,17,Oesterbro,5.68,7.0,75.86
2022-01-25 18:00:00,1,2022,1,25,18,Oesterbro,9.18,10.54,69.79
2022-01-25 19:00:00,1,2022,1,25,19,Oesterbro,8.07,9.16,60.41
2022-01-25 20:00:00,1,2022,1,25,20,Oesterbro,6.62,7.84,48.0
2022-01-25 21:00:00,1,2022,1,25,21,Oesterbro,4.69,5.91,48.52
2022-01-25 22:00:00,1,2022,1,25,22,Oesterbro,4.59,5.64,49.49
2022-01-25 23:00:00,1,2022,1,25,23,Oesterbro,2.49,3.12,61.31
2022-01-26 00:00:00,2,2022,1,26,0,Oesterbro,1.38,2.26,64.38
2022-01-26 01:00:00,2,2022,1,26,1,Oesterbro,1.28,1.99,
2022-01-26 02:00:00,2,2022,1,26,2,Oesterbro,,,63.4
2022-01-26 03:00:00,2,2022,1,26,3,Oesterbro,1.64,2.83,60.93
2022-01-26 04:00:00,2,2022,1,26,4,Oesterbro,3.0,2.96,57.44
2022-01-26 05:00:00,2,2022,1,26,5,Oesterbro,3.27,3.14,56.96
2022-01-26 06:00:00,2,2022,1,26,6,Oesterbro,3.21,3.0,56.26
2022-01-26 07:00:00,2,2022,1,26,7,Oesterbro,3.82,4.34,55.46
2022-01-26 08:00:00,2,2022,1,26,8,Oesterbro,5.16,5.62,53.62
2022-01-26 09:00:00,2,2022,1,26,9,Oesterbro,5.81,6.02,58.0
2022-01-26 10:00:00,2,2022,1,26,10,Oesterbro,7.1,7.96,59.17
2022-01-26 11:00:00,2,2022,1,26,11,Oesterbro,6.41,6.9,79.17
2022-01-26 12:00:00,2,2022,1,26,12,Oesterbro,4.19,4.76,81.86
2022-01-26 13:00:00,2,2022,1,26,13,Oesterbro,4.7,5.07,78.29
2022-01-26 14:00:00,2,2022,1,26,14,Oesterbro,6.33,6.81,75.38
2022-01-26 15:00:00,2,2022,1,26,15,Oesterbro,6.94,7.84,74.06
2022-01-26 16:00:00,2,2022,1,26,16,Oesterbro,7.29,7.78,73.08
2022-01-26 17:00:00,2,2022,1,26,17,Oesterbro,4.46,4.55,76.46
2022-01-26 18:00:00,2,2022,1,26,18,Oesterbro,3.52,3.46,74.76
2022-01-26 19:00:00,2,2022,1,26,19,Oesterbro,3.39,3.17,74.26
2022-01-26 20:00:00,2,2022,1,26,20,Oesterbro,3.98,3.86,71.07
2022-01-26 21:00:00,2,2022,1,26,21,Oesterbro,4.26,4.32,68.01
2022-01-26 22:00:00,2,2022,1,26,22,Oesterbro,3.63,3.39,72.26
2022-01-26 23:00:00,2,2022,1,26,23,Oesterbro,3.0,2.98,75.48
2022-01-27 00:00:00,3,2022,1,27,0,Oesterbro,2.28,2.08,76.16
2022-01-27 01:00:00,3,2022,1,27,1,Oesterbro,2.72,2.43,69.55
2022-01-27 02:00:00,3,2022,1,27,2,Oesterbro,2.85,2.39,
2022-01-27 03:00:00,3,2022,1,27,3,Oesterbro,1.99,1.55,70.61
2022-01-27 04:00:00,3,2022,1,27,4,Oesterbro,2.3,2.24,69.45
2022-01-27 05:00:00,3,2022,1,27,5,Oesterbro,3.1,3.23,65.64
2022-01-27 06:00:00,3,2022,1,27,6,Oesterbro,2.51,2.96,66.8
2022-01-27 07:00:00,3,2022,1,27,7,Oesterbro,3.14,3.81,71.41
2022-01-27 08:00:00,3,2022,1,27,8,Oesterbro,3.04,3.58,81.96
2022-01-27 09:00:00,3,2022,1,27,9,Oesterbro,2.1,2.39,84.36
2022-01-27 10:00:00,3,2022,1,27,10,Oesterbro,2.64,3.58,87.01
2022-01-27 11:00:00,3,2022,1,27,11,Oesterbro,2.41,3.54,85.14
2022-01-27 12:00:00,3,2022,1,27,12,Oesterbro,2.56,3.17,83.98
2022-01-27 13:00:00,3,2022,1,27,13,Oesterbro,1.97,2.01,83.64
2022-01-27 14:00:00,3,2022,1,27,14,Oesterbro,2.43,3.06,84.32
2022-01-27 15:00:00,3,2022,1,27,15,Oesterbro,2.3,2.6,85.18
2022-01-27 16:00:00,3,2022,1,27,16,Oesterbro,2.05,2.51,85.7
2022-01-27 17:00:00,3,2022,1,27,17,Oesterbro,3.21,4.0,84.18
2022-01-27 18:00:00,3,2022,1,27,18,Oesterbro,2.96,3.4,82.08
2022-01-27 19:00:00,3,2022,1,27,19,Oesterbro,3.0,3.23,82.02
2022-01-27 20:00:00,3,2022,1,27,20,Oesterbro,2.14,2.51,80.79
2022-01-27 21:00:00,3,2022,1,27,21,Oesterbro,1.59,1.95,79.31
2022-01-27 22:00:00,3,2022,1,27,22,Oesterbro,2.43,2.72,77.47
2022-01-27 23:00:00,3,2022,1,27,23,Oesterbro,1.53,1.74,76.2
2022-01-28 00:00:00,4,2022,1,28,0,Oesterbro,1.15,0.84,74.72
2022-01-28 01:00:00,4,2022,1,28,1,Oesterbro,1.05,1.11,74.26
2022-01-28 02:00:00,4,2022,1,28,2,Oesterbro,1.01,1.22,74.56
2022-01-28 03:00:00,4,2022,1,28,3,Oesterbro,0.8,0.55,
2022-01-28 04:00:00,4,2022,1,28,4,Oesterbro,2.1,2.54,74.66
2022-01-28 05:00:00,4,2022,1,28,5,Oesterbro,1.97,1.93,72.9
2022-01-28 06:00:00,4,2022,1,28,6,Oesterbro,7.84,8.47,66.7
2022-01-28 07:00:00,4,2022,1,28,7,Oesterbro,7.4,8.82,68.09
2022-01-28 08:00:00,4,2022,1,28,8,Oesterbro,15.72,17.44,61.59
2022-01-28 09:00:00,4,2022,1,28,9,Oesterbro,24.46,27.58,51.41
2022-01-28 10:00:00,4,2022,1,28,10,Oesterbro,14.86,18.03,60.25
2022-01-28 11:00:00,4,2022,1,28,11,Oesterbro,10.77,13.56,67.22
2022-01-28 12:00:00,4,2022,1,28,12,Oesterbro,5.22,6.71,73.78
2022-01-28 13:00:00,4,2022,1,28,13,Oesterbro,3.67,4.84,77.15
2022-01-28 14:00:00,4,2022,1,28,14,Oesterbro,5.43,6.85,73.9
2022-01-28 15:00:00,4,2022,1,28,15,Oesterbro,6.39,7.88,75.2
2022-01-28 16:00:00,4,2022,1,28,16,Oesterbro,6.6,7.67,76.85
2022-01-28 17:00:00,4,2022,1,28,17,Oesterbro,12.64,14.0,67.89
2022-01-28 18:00:00,4,2022,1,28,18,Oesterbro,11.13,12.24,69.15
2022-01-28 19:00:00,4,2022,1,28,19,Oesterbro,7.19,7.63,73.72
2022-01-28 20:00:00,4,2022,1,28,20,Oesterbro,6.27,7.1,74.62
2022-01-28 21:00:00,4,2022,1,28,21,Oesterbro,5.03,5.74,72.0
2022-01-28 22:00:00,4,2022,1,28,22,Oesterbro,3.48,4.0,74.26
2022-01-28 23:00:00,4,2022,1,28,23,Oesterbro,3.14,3.61,74.54
2022-01-29 00:00:00,5,2022,1,29,0,Oesterbro,2.73,3.02,73.18
2022-01-29 01:00:00,5,2022,1,29,1,Oesterbro,4.21,4.34,
2022-01-29 02:00:00,5,2022,1,29,2,Oesterbro,3.98,4.48,65.56
2022-01-29 03:00:00,5,2022,1,29,3,Oesterbro,4.38,4.97,58.39
2022-01-29 04:00:00,5,2022,1,29,4,Oesterbro,3.61,4.44,55.62
2022-01-29 05:00:00,5,2022,1,29,5,Oesterbro,2.87,3.46,58.61
2022-01-29 06:00:00,5,2022,1,29,6,Oesterbro,2.73,3.52,62.35
2022-01-29 07:00:00,5,2022,1,29,7,Oesterbro,2.7,3.23,63.62
2022-01-29 08:00:00,5,2022,1,29,8,Oesterbro,3.0,3.73,64.6
2022-01-29 09:00:00,5,2022,1,29,9,Oesterbro,3.08,4.05,64.32
2022-01-29 10:00:00,5,2022,1,29,10,Oesterbro,2.41,3.29,64.2
2022-01-29 11:00:00,5,2022,1,29,11,Oesterbro,2.39,3.58,65.3
2022-01-29 12:00:00,5,2022,1,29,12,Oesterbro,2.91,4.15,65.6
2022-01-29 13:00:00,5,2022,1,29,13,Oesterbro,1.95,2.91,70.11
2022-01-29 14:00:00,5,2022,1,29,14,Oesterbro,1.87,3.08,75.36
2022-01-29 15:00:00,5,2022,1,29,15,Oesterbro,1.28,2.22,82.24
2022-01-29 16:00:00,5,2022,1,29,16,Oesterbro,1.17,1.99,86.63
2022-01-29 17:00:00,5,2022,1,29,17,Oesterbro,0.88,1.72,94.34
2022-01-29 18:00:00,5,2022,1,29,18,Oesterbro,0.94,1.57,82.76
2022-01-29 19:00:00,5,2022,1,29,19,Oesterbro,0.88,1.53,83.98
2022-01-29 20:00:00,5,2022,1,29,20,Oesterbro,0.78,1.47,85.84
2022-01-29 21:00:00,5,2022,1,29,21,Oesterbro,0.61,1.51,87.15
2022-01-29 22:00:00,5,2022,1,29,22,Oesterbro,0.8,1.26,88.49
2022-01-29 23:00:00,5,2022,1,29,23,Oesterbro,0.88,1.59,90.15
2022-01-30 00:00:00,6,2022,1,30,0,Oesterbro,0.67,1.43,89.65
2022-01-30 01:00:00,6,2022,1,30,1,Oesterbro,0.36,1.24,89.01
2022-01-30 02:00:00,6,2022,1,30,2,Oesterbro,0.48,0.98,
2022-01-30 03:00:00,6,2022,1,30,3,Oesterbro,0.44,1.13,82.82
2022-01-30 04:00:00,6,2022,1,30,4,Oesterbro,0.65,1.32,80.43
2022-01-30 05:00:00,6,2022,1,30,5,Oesterbro,0.4,0.42,79.11
2022-01-30 06:00:00,6,2022,1,30,6,Oesterbro,0.33,0.46,79.33
2022-01-30 07:00:00,6,2022,1,30,7,Oesterbro,0.54,0.94,80.45
2022-01-30 08:00:00,6,2022,1,30,8,Oesterbro,0.78,0.99,80.33
2022-01-30 09:00:00,6,2022,1,30,9,Oesterbro,1.03,1.36,80.33
2022-01-30 10:00:00,6,2022,1,30,10,Oesterbro,1.84,2.39,79.05
2022-01-30 11:00:00,6,2022,1,30,11,Oesterbro,1.78,2.18,79.63
2022-01-30 12:00:00,6,2022,1,30,12,Oesterbro,2.01,2.72,81.34
2022-01-30 13:00:00,6,2022,1,30,13,Oesterbro,2.98,3.98,79.89
2022-01-30 14:00:00,6,2022,1,30,14,Oesterbro,2.68,3.48,80.55
2022-01-30 15:00:00,6,2022,1,30,15,Oesterbro,3.21,3.84,79.15
2022-01-30 16:00:00,6,2022,1,30,16,Oesterbro,6.23,7.13,75.2
2022-01-30 17:00:00,6,2022,1,30,17,Oesterbro,6.66,7.1,73.42
2022-01-30 18:00:00,6,2022,1,30,18,Oesterbro,9.68,10.17,67.85
2022-01-30 19:00:00,6,2022,1,30,19,Oesterbro,11.34,11.67,65.16
2022-01-30 20:00:00,6,2022,1,30,20,Oesterbro,10.21,10.38,64.14
2022-01-30 21:00:00,6,2022,1,30,21,Oesterbro,18.47,19.05,48.91
2022-01-30 22:00:00,6,2022,1,30,22,Oesterbro,15.11,15.53,46.58
2022-01-30 23:00:00,6,2022,1,30,23,Oesterbro,11.44,11.65,51.01
2022-01-31 00:00:00,0,2022,1,31,0,Oesterbro,8.17,8.4,51.55
2022-01-31 01:00:00,0,2022,1,31,1,Oesterbro,7.55,7.86,50.89
2022-01-31 02:00:00,0,2022,1,31,2,Oesterbro,4.92,4.95,52.81
2022-01-31 03:00:00,0,2022,1,31,3,Oesterbro,4.97,5.05,
2022-01-31 04:00:00,0,2022,1,31,4,Oesterbro,5.6,6.16,51.13
2022-01-31 05:00:00,0,2022,1,31,5,Oesterbro,6.64,7.65,46.24
2022-01-31 06:00:00,0,2022,1,31,6,Oesterbro,21.82,22.66,40.09
2022-01-31 07:00:00,0,2022,1,31,7,Oesterbro,27.5,28.78,41.29
2022-01-31 08:00:00,0,2022,1,31,8,Oesterbro,0.0,18.55,33.63
2022-01-31 09:00:00,0,2022,1,31,9,Oesterbro,12.99,18.86,45.18
2022-01-31 10:00:00,0,2022,1,31,10,Oesterbro,20.69,24.86,51.49
2022-01-31 11:00:00,0,2022,1,31,11,Oesterbro,15.43,18.34,58.23
2022-01-31 12:00:00,0,2022,1,31,12,Oesterbro,13.44,17.1,63.08
2022-01-31 13:00:00,0,2022,1,31,13,Oesterbro,12.18,15.45,67.99
2022-01-31 14:00:00,0,2022,1,31,14,Oesterbro,15.07,17.5,65.1
2022-01-31 15:00:00,0,2022,1,31,15,Oesterbro,9.05,10.29,66.48
2022-01-31 16:00:00,0,2022,1,31,16,Oesterbro,9.7,10.33,64.2
2022-01-31 17:00:00,0,2022,1,31,17,Oesterbro,16.26,16.87,57.26
2022-01-31 18:00:00,0,2022,1,31,18,Oesterbro,14.97,15.3,58.05
2022-01-31 19:00:00,0,2022,1,31,19,Oesterbro,17.21,17.23,56.94
2022-01-31 20:00:00,0,2022,1,31,20,Oesterbro,8.13,8.26,61.77
2022-01-31 21:00:00,0,2022,1,31,21,Oesterbro,8.84,9.39,60.61
2022-01-31 22:00:00,0,2022,1,31,22,Oesterbro,5.43,5.49,61.93
2022-01-31 23:00:00,0,2022,1,31,23,Oesterbro,3.4,3.71,66.84
2022-02-01 00:00:00,1,2022,2,1,0,Oesterbro,2.3,2.35,72.7
2022-02-01 01:00:00,1,2022,2,1,1,Oesterbro,1.66,1.7,
2022-02-01 02:00:00,1,2022,2,1,2,Oesterbro,1.15,1.03,84.88
2022-02-01 03:00:00,1,2022,2,1,3,Oesterbro,0.71,0.65,86.53
2022-02-01 04:00:00,1,2022,2,1,4,Oesterbro,1.22,1.42,86.03
2022-02-01 05:00:00,1,2022,2,1,5,Oesterbro,1.91,2.12,85.32
2022-02-01 06:00:00,1,2022,2,1,6,Oesterbro,4.17,4.57,81.86
2022-02-01 07:00:00,1,2022,2,1,7,Oesterbro,8.72,9.2,74.42
2022-02-01 08:00:00,1,2022,2,1,8,Oesterbro,45.96,49.92,34.81
2022-02-01 09:00:00,1,2022,2,1,9,Oesterbro,20.79,23.37,53.35
2022-02-01 10:00:00,1,2022,2,1,10,Oesterbro,12.79,14.48,58.15
2022-02-01 11:00:00,1,2022,2,1,11,Oesterbro,12.45,16.58,54.86
2022-02-01 12:00:00,1,2022,2,1,12,Oesterbro,19.45,22.66,50.25
2022-02-01 13:00:00,1,2022,2,1,13,Oesterbro,7.84,9.43,79.43
2022-02-01 14:00:00,1,2022,2,1,14,Oesterbro,4.25,5.05,85.04
2022-02-01 15:00:00,1,2022,2,1,15,Oesterbro,3.58,4.51,83.64
2022-02-01 16:00:00,1,2022,2,1,16,Oesterbro,3.52,4.13,80.95
2022-02-01 17:00:00,1,2022,2,1,17,Oesterbro,7.02,8.03,70.73
2022-02-01 18:00:00,1,2022,2,1,18,Oesterbro,7.21,8.17,72.2
2022-02-01 19:00:00,1,2022,2,1,19,Oesterbro,5.62,6.06,71.27
2022-02-01 20:00:00,1,2022,2,1,20,Oesterbro,5.53,5.62,67.24
2022-02-01 21:00:00,1,2022,2,1,21,Oesterbro,5.93,6.25,66.8
2022-02-01 22:00:00,1,2022,2,1,22,Oesterbro,3.02,3.25,72.44
2022-02-01 23:00:00,1,2022,2,1,23,Oesterbro,1.36,1.61,79.53
2022-02-02 00:00:00,2,2022,2,2,0,Oesterbro,1.99,2.37,81.9
2022-02-02 01:00:00,2,2022,2,2,1,Oesterbro,7.71,9.07,79.73
2022-02-02 02:00:00,2,2022,2,2,2,Oesterbro,1.3,1.26,
2022-02-02 03:00:00,2,2022,2,2,3,Oesterbro,1.2,1.51,85.8
2022-02-02 04:00:00,2,2022,2,2,4,Oesterbro,3.65,4.09,67.26
2022-02-02 05:00:00,2,2022,2,2,5,Oesterbro,4.53,4.42,67.18
2022-02-02 06:00:00,2,2022,2,2,6,Oesterbro,3.54,3.37,65.76
2022-02-02 07:00:00,2,2022,2,2,7,Oesterbro,6.01,6.98,55.44
2022-02-02 08:00:00,2,2022,2,2,8,Oesterbro,14.57,16.96,45.36
2022-02-02 09:00:00,2,2022,2,2,9,Oesterbro,10.29,11.65,52.19
2022-02-02 10:00:00,2,2022,2,2,10,Oesterbro,13.35,17.0,50.05
2022-02-02 11:00:00,2,2022,2,2,11,Oesterbro,10.71,14.25,52.47
2022-02-02 12:00:00,2,2022,2,2,12,Oesterbro,7.73,10.79,55.7
2022-02-02 13:00:00,2,2022,2,2,13,Oesterbro,8.91,11.4,65.48
2022-02-02 14:00:00,2,2022,2,2,14,Oesterbro,5.43,6.58,81.22
2022-02-02 15:00:00,2,2022,2,2,15,Oesterbro,6.43,7.9,79.37
2022-02-02 16:00:00,2,2022,2,2,16,Oesterbro,10.17,11.26,73.86
2022-02-02 17:00:00,2,2022,2,2,17,Oesterbro,7.9,8.32,73.6
2022-02-02 18:00:00,2,2022,2,2,18,Oesterbro,4.99,5.26,76.48
2022-02-02 19:00:00,2,2022,2,2,19,Oesterbro,7.67,8.28,71.39
2022-02-02 20:00:00,2,2022,2,2,20,Oesterbro,6.94,7.19,70.49
2022-02-02 21:00:00,2,2022,2,2,21,Oesterbro,5.57,6.06,69.61
2022-02-02 22:00:00,2,2022,2,2,22,Oesterbro,3.92,3.88,69.65
2022-02-02 23:00:00,2,2022,2,2,23,Oesterbro,4.04,3.86,67.73
2022-02-03 00:00:00,3,2022,2,3,0,Oesterbro,2.87,2.93,71.71
2022-02-03 01:00:00,3,2022,2,3,1,Oesterbro,3.63,3.88,68.95
2022-02-03 02:00:00,3,2022,2,3,2,Oesterbro,2.64,2.54,68.71
2022-02-03 03:00:00,3,2022,2,3,3,Oesterbro,3.42,3.5,
2022-02-03 04:00:00,3,2022,2,3,4,Oesterbro,4.21,4.17,59.15
2022-02-03 05:00:00,3,2022,2,3,5,Oesterbro,5.64,5.72,54.54
2022-02-03 06:00:00,3,2022,2,3,6,Oesterbro,14.97,16.73,47.22
2022-02-03 07:00:00,3,2022,2,3,7,Oesterbro,19.34,22.47,42.13
2022-02-03 08:00:00,3,2022,2,3,8,Oesterbro,19.89,23.35,40.59
2022-02-03 09:00:00,3,2022,2,3,9,Oesterbro,12.6,14.96,47.28
2022-02-03 10:00:00,3,2022,2,3,10,Oesterbro,14.19,17.06,44.68
2022-02-03 11:00:00,3,2022,2,3,11,Oesterbro,24.5,29.4,32.37
2022-02-03 12:00:00,3,2022,2,3,12,Oesterbro,16.26,19.74,40.75
2022-02-03 13:00:00,3,2022,2,3,13,Oesterbro,10.82,12.74,53.23
2022-02-03 14:00:00,3,2022,2,3,14,Oesterbro,9.79,11.15,55.74
2022-02-03 15:00:00,3,2022,2,3,15,Oesterbro,10.14,11.28,56.26
2022-02-03 16:00:00,3,2022,2,3,16,Oesterbro,10.52,12.13,54.24
2022-02-03 17:00:00,3,2022,2,3,17,Oesterbro,8.57,9.79,56.32
2022-02-03 18:00:00,3,2022,2,3,18,Oesterbro,8.7,9.7,56.66
2022-02-03 19:00:00,3,2022,2,3,19,Oesterbro,7.99,8.76,55.0
2022-02-03 20:00:00,3,2022,2,3,20,Oesterbro,6.98,7.8,55.26
2022-02-03 21:00:00,3,2022,2,3,21,Oesterbro,7.04,7.63,54.54
2022-02-03 22:00:00,3,2022,2,3,22,Oesterbro,5.53,6.14,54.82
2022-02-03 23:00:00,3,2022,2,3,23,Oesterbro,6.79,7.38,52.81
2022-02-04 00:00:00,4,2022,2,4,0,Oesterbro,3.81,3.88,59.69
2022-02-04 01:00:00,4,2022,2,4,1,Oesterbro,3.48,3.67,59.63
2022-02-04 02:00:00,4,2022,2,4,2,Oesterbro,2.93,3.19,60.85
2022-02-04 03:00:00,4,2022,2,4,3,Oesterbro,2.7,2.54,63.36
2022-02-04 04:00:00,4,2022,2,4,4,Oesterbro,3.79,4.49,60.29
2022-02-04 05:00:00,4,2022,2,4,5,Oesterbro,4.32,5.22,60.11
2022-02-04 06:00:00,4,2022,2,4,6,Oesterbro,5.68,6.69,61.07
2022-02-04 07:00:00,4,2022,2,4,7,Oesterbro,10.92,14.15,56.9
2022-02-04 08:00:00,4,2022,2,4,8,Oesterbro,11.86,14.9,55.72
2022-02-04 09:00:00,4,2022,2,4,9,Oesterbro,7.34,8.74,65.78
2022-02-04 10:00:00,4,2022,2,4,10,Oesterbro,7.59,9.12,79.67
2022-02-04 11:00:00,4,2022,2,4,11,Oesterbro,14.0,17.12,72.16
2022-02-04 12:00:00,4,2022,2,4,12,Oesterbro,6.41,7.9,79.85
2022-02-04 13:00:00,4,2022,2,4,13,Oesterbro,4.93,6.12,81.74
2022-02-04 14:00:00,4,2022,2,4,14,Oesterbro,5.89,7.42,84.58
2022-02-04 15:00:00,4,2022,2,4,15,Oesterbro,13.81,15.43,77.03
2022-02-04 16:00:00,4,2022,2,4,16,Oesterbro,12.45,14.29,78.19
2022-02-04 17:00:00,4,2022,2,4,17,Oesterbro,10.23,11.72,75.0
2022-02-04 18:00:00,4,2022,2,4,18,Oesterbro,10.23,11.59,70.25
2022-02-04 19:00:00,4,2022,2,4,19,Oesterbro,7.25,7.92,74.18
2022-02-04 20:00:00,4,2022,2,4,20,Oesterbro,4.67,5.72,74.54
2022-02-04 21:00:00,4,2022,2,4,21,Oesterbro,4.19,5.09,78.11
2022-02-04 22:00:00,4,2022,2,4,22,Oesterbro,2.75,3.42,80.81
2022-02-04 23:00:00,4,2022,2,4,23,Oesterbro,2.95,3.69,83.76
