Pred_NO2,Pred_NOx
22.82,47.92
20.91,38.24
18.71,36.51
18.07,32.77
15.36,25.65
16.32,25.93
25.23,43.03
30.43,57.45
34.57,64.11
28.39,52.59
31.08,53.1
25.6,46.62
15.22,22.73
12.08,15.94
6.81,9.38
4.77,6.26
3.93,5.03
3.14,4.32
2.74,3.72
2.54,3.27
1.92,1.93
1.58,1.76
1.54,1.54
1.01,1.25
1.22,1.28
1.12,1.35
0.84,1.41
1.09,1.37
0.79,1.37
0.79,0.43
1.57,1.86
3.48,4.07
4.54,7.36
7.86,12.64
6.65,8.85
7.84,13.54
10.09,16.43
14.73,23.86
12.8,22.72
10.68,18.45
8.7,15.96
12.49,20.83
10.13,17.9
11.15,20.53
8.37,17.93
10.29,20.2
11.15,20.53
9.52,19.9
11.91,19.77
8.4,16.13
8.2,15.82
7.87,15.28
9.12,19.22
9.26,16.1
9.52,16.1
10.69,18.36
8.43,14.01
11.05,17.82
8.32,12.93
8.25,10.86
10.6,16.06
7.56,10.8
10.64,15.01
7.92,10.31
6.96,10.8
12.42,20.74
6.22,8.7
5.28,6.01
4.43,5.69
3.65,4.35
3.69,4.46
3.17,3.92
2.7,2.58
3.41,4.15
3.39,3.88
2.28,2.84
2.79,2.85
3.9,3.77
4.52,4.92
8.76,12.71
11.04,17.92
21.0,42.26
28.65,59.04
41.5,76.18
37.32,85.99
39.19,90.09
41.38,92.79
39.73,87.63
39.0,83.31
40.45,100.28
32.7,67.55
28.45,59.83
20.58,37.06
15.84,36.13
26.29,51.7
20.82,36.02
33.11,65.21
29.59,65.21
31.28,59.61
27.3,58.85
23.42,41.43
14.94,34.95
16.58,30.81
17.5,30.31
18.72,37.22
32.39,62.42
25.5,45.07
22.24,35.05
20.03,30.38
23.48,39.39
18.62,24.12
18.58,24.49
20.24,29.62
22.44,43.7
19.34,30.6
28.18,45.22
32.13,46.3
28.23,45.18
14.44,35.64
12.52,18.62
8.38,10.61
11.02,13.93
9.68,11.25
8.76,11.89
11.79,15.8
14.82,18.95
19.3,25.98
24.39,51.88
25.38,51.39
35.28,82.39
39.64,99.78
29.64,69.93
20.28,39.8
53.43,104.97
51.33,153.19
30.43,66.58
18.74,37.86
18.83,36.62
24.32,42.86
16.03,26.89
13.49,22.0
12.43,21.09
18.32,31.58
22.81,41.91
11.72,20.97
17.2,29.14
10.91,18.86
13.62,24.19
13.07,24.18
12.54,20.58
12.91,20.58
12.69,19.97
9.8,14.81
8.92,12.69
10.17,13.6
19.1,30.52
21.43,34.5
19.02,27.63
19.39,27.91
23.43,44.17
26.07,49.04
23.02,47.17
19.44,31.05
18.03,29.38
10.34,17.68
5.21,5.15
2.6,3.96
1.52,1.5
1.49,1.7
1.91,1.85
1.98,1.66
2.37,2.49
1.04,0.39
0.5,0.42
2.57,2.25
4.36,7.02
5.75,10.8
5.18,10.37
8.32,15.82
9.15,15.95
10.26,19.01
8.6,16.07
8.6,16.07
8.73,14.48
8.12,15.56
9.64,18.44
12.49,20.83
9.8,18.44
8.34,15.78
7.19,14.15
9.86,18.78
7.21,15.36
9.62,18.65
9.6,18.53
7.22,13.42
9.61,16.67
9.9,16.88
11.31,18.68
9.7,18.23
10.06,18.36
13.34,21.45
13.11,22.75
12.97,19.85
12.97,19.81
7.84,13.36
8.12,13.02
9.48,14.52
6.34,9.9
7.73,12.93
7.64,12.82
4.98,7.78
3.98,5.98
2.96,4.44
2.2,3.5
2.24,4.04
1.98,3.14
1.5,2.36
1.94,2.34
1.88,2.81
1.25,2.42
1.26,2.69
2.05,3.93
1.72,3.34
3.81,5.48
6.54,8.09
7.71,12.4
8.64,15.8
5.88,10.11
8.9,16.18
10.98,20.09
12.81,25.67
14.14,26.53
11.2,20.09
11.06,18.71
11.08,19.0
11.09,19.0
11.51,20.83
10.04,19.71
10.87,20.46
17.29,30.68
13.07,23.47
16.88,35.36
14.71,27.27
17.92,37.1
29.9,57.98
29.27,63.37
19.22,34.54
19.28,36.31
18.68,34.09
14.98,27.91
10.1,18.61
9.87,18.82
8.47,13.78
12.54,18.98
7.98,12.0
5.91,10.37
5.29,9.39
10.51,17.59
5.99,10.09
11.87,17.98
5.82,8.03
5.74,7.31
5.74,10.09
3.35,5.25
3.23,4.98
1.52,2.23
1.35,2.35
2.34,2.94
1.44,2.31
1.06,1.98
1.6,1.87
1.38,1.83
2.27,3.2
1.36,2.26
2.51,4.04
2.79,3.88
3.22,3.98
2.88,2.22
3.43,4.12
4.25,5.23
5.24,5.53
5.63,6.95
4.84,6.57
5.44,7.92
6.22,9.11
5.58,8.29
4.57,6.52
6.1,9.06
6.38,9.06
6.07,8.19
6.92,10.58
6.08,7.9
5.36,7.9
7.09,10.07
6.55,9.65
6.16,8.16
8.33,11.17
9.39,12.97
10.13,12.89
8.45,10.34
11.39,13.45
9.48,10.93
10.76,13.03
16.27,26.66
12.41,16.54
5.98,6.7
6.9,9.24
7.75,10.92
5.69,8.2
5.28,5.67
5.21,5.69
5.99,6.11
4.85,5.08
4.76,5.1
4.13,4.5
4.18,4.24
3.84,4.27
4.23,3.88
3.59,3.73
3.66,4.52
3.13,4.23
5.49,6.11
5.77,8.03
4.89,6.38
5.11,7.48
4.53,7.16
5.38,8.59
6.88,9.7
6.92,10.47
8.26,12.75
6.94,11.21
8.84,12.72
7.27,12.18
7.86,13.7
8.35,14.54
8.89,15.87
8.89,16.33
9.93,15.69
10.24,16.55
14.29,21.68
8.75,13.23
10.45,16.83
13.19,19.39
16.92,25.12
23.28,37.04
24.43,43.21
17.4,23.3
22.26,32.07
25.84,46.98
32.73,56.96
33.21,56.44
29.56,52.01
26.2,51.0
31.13,53.28
28.75,50.65
27.97,45.64
32.22,46.66
22.12,30.61
21.03,24.84
19.62,31.76
15.72,24.48
12.68,23.49
12.94,21.73
14.97,22.28
15.53,23.69
16.44,21.07
18.55,24.84
24.45,54.94
29.26,73.74
34.32,84.1
39.75,101.44
45.63,145.89
47.39,116.78
52.92,105.05
41.43,94.73
45.34,126.04
41.41,101.5
40.33,101.96
34.89,101.97
34.23,88.31
34.04,86.19
35.87,86.44
30.94,88.78
33.58,86.98
37.15,99.59
34.63,90.6
34.98,94.37
37.82,98.84
38.13,105.78
31.72,87.64
33.41,83.76
30.09,66.88
34.74,78.09
33.4,83.68
22.74,52.77
15.39,30.92
18.75,39.5
16.5,29.96
12.33,25.07
12.76,29.36
8.61,21.23
19.45,37.01
6.84,15.08
5.83,13.95
7.15,13.4
4.63,7.12
5.46,11.25
5.39,6.59
5.93,6.49
6.03,6.68
6.13,7.1
6.73,8.78
6.88,10.39
7.88,11.05
11.84,16.27
24.1,53.85
21.64,51.62
29.35,70.79
38.6,99.14
34.38,95.71
32.32,96.13
42.35,103.29
31.94,96.98
39.73,88.36
31.41,84.98
30.88,77.29
31.32,77.44
33.6,77.28
31.97,85.18
32.52,85.2
30.88,87.63
33.48,85.24
36.31,89.1
34.58,89.86
31.75,79.61
31.69,84.36
31.62,87.99
34.04,86.94
34.61,101.45
31.88,82.64
37.56,92.71
33.13,85.53
35.11,76.53
28.99,63.64
26.58,57.51
23.9,59.33
22.37,46.38
23.61,49.04
23.96,49.22
18.96,44.31
18.83,36.0
15.38,29.35
8.81,10.0
4.35,4.68
3.34,4.05
3.6,3.31
2.97,2.67
3.06,2.73
3.05,3.36
2.96,2.56
2.96,2.79
3.22,3.1
4.04,4.44
5.86,8.35
6.7,11.13
9.34,18.57
9.34,18.57
9.09,18.68
9.06,16.32
6.72,12.82
6.72,12.83
7.16,13.24
8.37,14.84
12.76,23.07
8.16,15.82
8.65,16.73
8.21,14.95
9.42,15.82
9.44,17.1
8.11,14.13
8.31,15.86
7.94,15.86
10.2,18.53
10.05,19.39
12.82,22.97
7.67,14.71
6.79,13.48
7.95,13.21
8.26,15.23
11.03,17.95
6.96,10.93
7.05,10.95
5.94,8.91
9.14,12.83
11.73,16.89
12.49,19.81
9.67,18.09
7.89,14.62
7.05,12.57
5.35,9.06
5.85,9.06
3.38,5.57
4.37,6.7
2.26,3.9
1.96,2.34
2.03,2.75
1.49,2.13
1.6,2.62
2.11,3.1
3.69,5.55
6.64,9.52
6.49,10.34
20.38,40.17
25.26,51.48
28.38,61.51
31.32,67.84
26.02,51.2
16.79,31.98
17.51,32.0
19.13,30.67
25.72,51.17
25.04,44.26
20.73,36.54
17.27,31.45
16.41,30.37
14.58,27.89
15.83,30.85
11.34,23.21
9.55,18.36
17.03,34.78
14.64,29.72
13.02,27.69
13.13,26.15
11.27,20.29
8.2,16.52
7.63,15.19
7.07,14.05
6.83,14.46
6.21,10.48
7.09,14.92
8.2,14.92
6.73,13.1
5.25,9.3
6.03,11.55
4.34,8.4
4.17,8.38
3.71,7.46
2.52,5.56
1.63,3.61
1.2,2.16
0.66,1.93
0.96,1.85
0.77,1.51
0.74,1.85
0.71,1.25
0.68,1.54
0.65,1.54
0.72,1.67
0.7,2.1
3.1,4.88
5.1,8.9
11.53,20.59
12.34,21.32
12.35,20.57
13.51,21.43
9.65,17.1
14.32,21.71
13.4,25.25
12.78,21.39
11.98,21.51
12.76,23.92
9.69,18.44
20.43,30.85
9.2,18.1
12.23,23.86
15.73,30.1
14.07,29.07
12.73,26.15
12.84,23.65
20.14,37.0
14.53,29.62
13.05,23.62
13.03,23.07
8.22,15.23
8.08,17.57
18.33,29.87
9.6,17.41
9.64,17.38
9.47,15.71
6.68,13.06
5.12,8.16
5.15,8.74
6.79,12.41
7.62,14.62
6.25,12.1
4.64,8.03
3.07,4.41
2.15,3.52
2.57,3.66
2.02,3.23
2.71,3.77
1.36,2.04
1.43,3.09
0.93,2.13
1.15,2.03
1.43,2.4
2.16,3.13
2.95,3.86
3.65,4.39
5.93,7.13
10.21,15.48
8.88,12.89
10.39,17.27
9.37,12.49
10.87,14.98
13.13,19.46
10.55,15.22
15.05,23.73
12.51,19.67
11.76,18.38
13.72,22.29
10.35,17.41
11.05,18.96
10.77,16.42
9.14,15.53
10.17,16.7
10.06,16.39
14.59,23.28
12.88,19.5
14.08,19.61
14.61,21.65
14.02,19.96
15.47,21.4
16.96,23.84
14.37,19.57
10.53,15.1
10.53,13.8
14.13,20.32
27.95,48.49
29.21,47.21
26.16,48.57
23.28,48.25
25.01,42.94
19.86,39.12
19.49,37.61
15.58,29.43
13.64,23.58
19.41,27.1
12.3,22.0
12.5,22.12
12.64,20.68
10.31,15.28
11.64,17.49
13.85,19.58
10.42,15.08
8.08,12.23
8.29,12.23
10.23,13.95
11.44,17.0
13.4,19.22
18.65,33.01
13.47,19.97
17.35,29.23
19.58,32.84
22.15,38.94
27.6,60.13
18.21,33.45
22.24,45.59
23.62,43.72
22.19,43.72
18.02,37.22
19.29,33.62
22.51,38.98
19.29,32.77
19.29,32.77
20.3,31.72
20.35,31.02
21.93,35.47
24.5,43.03
30.46,57.45
32.91,65.76
33.87,72.38
32.86,66.57
32.3,64.96
26.48,51.67
25.47,52.33
23.57,41.58
30.23,49.43
25.95,49.67
31.76,52.64
28.89,49.67
24.14,39.78
18.27,32.4
14.29,18.66
13.16,19.28
17.69,23.54
11.99,18.46
12.41,18.67
12.24,17.24
8.43,9.71
13.51,16.46
12.2,16.16
14.77,18.74
12.75,19.79
24.98,52.32
32.22,81.2
37.88,98.78
39.6,109.16
45.0,115.76
53.07,104.77
33.98,94.67
33.32,87.7
32.07,84.96
30.89,77.28
31.39,76.42
33.58,76.21
28.08,60.29
27.31,59.58
23.63,45.88
27.35,59.62
33.05,76.21
34.6,88.62
30.11,67.3
32.72,68.32
36.73,94.46
34.48,83.4
35.48,81.75
34.48,75.14
34.73,77.83
33.86,72.68
33.18,65.58
26.51,52.5
26.29,51.76
25.05,51.66
23.52,40.99
23.79,47.89
21.83,36.75
22.79,47.51
15.1,40.61
15.17,22.5
5.56,6.27
4.34,5.93
4.38,5.07
3.6,3.33
4.31,4.88
3.81,3.88
3.37,3.84
3.33,3.64
3.4,3.18
3.87,4.21
14.41,17.9
16.72,25.38
19.17,30.82
24.37,49.04
24.24,49.25
34.39,75.97
35.87,74.57
25.44,44.42
26.45,52.68
24.68,44.42
23.36,42.0
27.17,56.71
24.78,48.05
20.45,38.48
14.51,27.08
12.09,20.33
13.38,22.02
10.38,17.19
10.15,17.85
10.94,18.93
11.73,21.28
24.66,46.45
24.66,47.74
20.04,35.17
17.81,30.75
27.53,50.36
31.17,57.31
22.6,37.11
24.8,43.72
35.04,63.7
25.56,43.52
34.04,59.48
32.38,56.93
24.13,48.77
23.31,44.68
22.9,48.22
21.25,40.55
16.38,28.75
9.02,18.1
9.04,13.82
7.7,11.64
3.17,3.34
2.39,3.15
3.39,4.3
2.21,3.13
2.12,1.98
2.67,2.62
3.45,3.8
6.83,7.89
6.83,8.96
7.96,10.48
9.47,15.96
11.19,19.92
13.56,21.43
11.81,21.21
9.93,16.1
8.56,15.04
6.7,10.46
6.37,10.35
6.59,11.61
6.48,11.04
7.93,13.19
7.97,14.01
8.5,14.11
8.44,13.9
5.57,11.49
7.23,13.05
7.27,13.84
8.27,14.04
9.25,15.86
9.22,15.86
9.17,13.23
9.57,15.47
9.37,14.58
9.38,15.3
9.19,12.97
8.4,11.07
8.09,10.95
7.08,9.32
7.48,11.27
8.83,12.41
6.24,8.8
9.53,13.0
10.95,15.21
6.06,8.4
4.36,5.62
4.3,4.44
2.74,3.33
3.34,3.66
2.59,2.37
2.25,1.97
2.58,2.43
2.26,1.85
2.49,2.47
2.49,2.47
3.27,3.61
6.84,8.36
4.91,6.81
9.18,14.61
20.74,39.9
20.72,41.94
25.69,49.6
31.03,67.78
25.98,52.39
22.38,38.0
19.07,31.79
15.65,24.54
13.43,22.24
16.03,25.51
16.37,26.86
14.78,24.46
16.37,26.27
13.58,22.03
14.81,22.07
16.45,28.19
15.11,25.83
20.87,37.83
32.3,66.57
32.15,65.07
36.77,91.75
34.9,77.13
37.42,105.99
37.77,95.95
33.87,72.61
35.17,76.61
35.8,65.33
37.49,71.66
33.88,66.3
29.81,57.13
24.03,49.42
25.88,50.3
20.12,37.22
21.33,41.83
20.03,37.74
14.6,26.12
11.91,19.3
23.47,39.14
12.08,18.52
10.45,12.91
10.94,13.7
12.23,15.83
14.33,19.37
11.66,16.1
14.06,18.78
12.34,16.25
15.93,36.81
16.86,48.7
29.25,70.73
33.75,74.2
34.32,76.61
39.8,96.68
51.58,104.51
33.96,95.19
38.75,88.17
32.02,85.11
35.41,100.68
34.48,101.3
31.28,77.94
33.97,85.01
32.27,85.34
30.86,77.29
33.5,85.24
30.93,77.37
34.57,89.61
34.99,107.05
37.78,98.67
38.1,105.71
38.39,104.05
34.25,77.16
35.56,83.96
35.08,78.09
30.42,66.69
26.89,58.64
26.54,56.05
24.37,47.17
25.09,50.26
21.65,41.73
23.41,49.47
21.52,45.38
22.36,44.56
22.11,49.13
20.05,37.71
19.68,37.77
15.29,26.12
13.42,23.41
10.72,19.24
10.43,21.34
12.48,21.95
12.53,20.5
14.72,21.74
12.07,21.32
15.6,23.55
13.6,19.76
13.95,20.87
21.18,33.14
21.27,33.8
21.27,34.93
29.12,59.96
27.83,56.5
38.01,87.77
34.69,90.97
33.32,88.64
25.96,57.48
28.39,67.09
30.15,67.36
25.22,54.28
18.13,47.96
19.12,54.36
20.23,50.31
26.92,60.73
29.57,67.72
23.37,54.32
18.29,45.82
17.8,48.03
20.27,40.15
18.36,40.75
29.6,66.58
31.28,83.09
24.35,49.82
18.06,37.67
19.45,37.67
17.73,52.1
19.34,37.52
17.74,30.05
15.15,26.35
18.86,32.65
17.55,31.83
16.15,32.27
18.81,36.25
19.8,39.09
19.43,37.59
13.33,23.55
13.15,19.91
12.63,21.7
12.04,21.96
11.57,21.85
12.07,16.79
9.78,12.49
10.17,13.47
10.74,15.18
6.77,9.18
7.55,9.08
7.79,8.89
7.84,9.21
10.78,16.8
11.09,17.45
11.24,17.76
9.32,18.28
12.25,17.49
16.37,26.62
19.66,32.49
26.44,53.29
26.79,57.03
28.18,60.24
22.87,44.57
35.69,82.76
23.67,49.02
16.22,54.44
22.21,44.14
24.92,52.78
18.88,40.25
21.73,45.31
20.39,47.64
19.27,40.51
16.28,40.12
16.55,37.51
19.13,38.63
18.27,46.48
17.26,38.24
15.58,33.24
10.49,19.56
15.06,25.56
21.42,36.42
9.96,21.26
10.12,18.89
10.5,18.51
9.53,18.34
8.95,11.91
8.75,14.79
8.77,13.2
8.51,13.21
8.76,9.35
7.3,9.44
6.02,7.11
4.92,5.2
4.97,5.82
5.03,6.2
6.13,7.0
8.04,11.18
9.1,13.31
9.39,13.55
16.3,24.32
28.11,62.74
41.17,75.88
39.83,95.33
53.03,104.52
33.82,94.56
38.81,88.12
38.58,84.03
37.01,77.78
33.43,78.06
33.41,76.87
33.83,84.01
28.04,61.28
29.75,67.65
27.39,61.41
29.26,67.48
24.93,65.69
27.57,60.08
33.74,76.84
22.8,67.23
38.44,103.56
34.91,78.52
30.96,65.09
29.93,64.92
30.09,65.81
27.56,60.23
26.32,52.54
22.26,43.26
22.05,42.58
21.09,37.07
22.92,42.25
17.34,36.26
19.0,48.73
16.96,31.9
18.84,34.3
18.5,34.3
15.25,26.09
11.96,20.6
8.15,11.55
6.06,8.91
4.07,5.49
4.44,5.51
5.48,8.58
5.25,6.66
7.1,10.1
8.0,12.04
8.09,12.94
9.33,15.89
13.29,22.25
16.75,28.61
26.16,55.41
34.43,77.28
33.8,90.09
32.43,89.94
33.24,88.53
31.98,84.85
32.16,98.76
34.45,101.13
33.58,77.13
33.89,84.87
35.7,85.2
29.79,68.51
33.47,85.24
26.66,77.53
34.75,90.04
34.87,80.55
37.77,98.7
33.11,97.7
38.47,104.12
38.83,103.77
37.66,106.95
38.11,96.21
34.11,83.19
35.46,76.88
35.93,65.49
37.45,71.94
32.71,56.94
32.68,57.43
29.55,52.27
26.11,51.24
31.62,53.19
28.7,50.57
27.64,45.67
23.6,37.92
15.56,29.66
12.94,17.29
12.2,15.62
12.2,18.31
12.61,22.69
12.36,17.5
14.91,22.27
11.84,14.42
9.8,11.9
14.85,21.02
22.36,35.64
29.07,72.68
29.68,70.94
33.37,80.86
36.38,105.38
47.32,116.82
53.08,110.58
51.29,153.19
49.83,138.23
32.86,84.5
40.52,101.31
34.75,101.31
34.18,87.49
30.41,77.7
23.0,43.24
22.38,47.71
22.97,42.46
20.51,38.18
22.39,42.18
17.28,31.97
21.27,37.98
26.21,51.57
33.87,65.18
31.53,58.53
35.65,83.44
38.15,95.86
34.05,72.43
35.5,76.16
36.11,64.51
37.62,70.6
32.73,57.11
32.68,57.54
29.56,52.23
26.24,50.98
31.67,53.18
28.79,50.24
27.62,45.67
23.51,38.8
18.63,43.69
13.79,23.77
19.53,30.19
16.03,31.07
12.56,23.03
12.4,17.55
11.72,16.61
11.86,14.35
13.33,16.91
13.35,18.17
21.01,53.01
29.09,73.77
32.94,83.79
39.82,101.61
45.68,146.09
37.61,98.59
53.06,110.67
51.28,153.19
49.81,138.23
41.52,101.74
35.75,100.6
34.73,101.34
34.16,87.75
32.22,85.55
36.0,85.72
30.92,88.05
33.62,85.76
35.82,99.67
32.08,89.31
35.48,93.22
33.5,96.21
38.42,105.98
30.43,74.81
38.8,103.1
37.63,106.9
37.67,93.12
31.72,74.07
30.31,66.15
30.01,64.67
27.02,50.67
32.64,60.27
20.79,31.29
19.31,30.01
20.34,30.67
22.61,40.03
16.9,34.44
14.54,20.53
12.18,19.33
15.68,29.19
5.95,9.63
4.86,5.24
3.96,5.24
2.54,2.35
2.28,2.12
2.55,3.44
3.29,3.86
4.86,5.68
4.67,4.51
5.72,6.44
8.61,13.51
9.1,15.27
8.93,15.85
11.21,18.15
13.48,23.16
10.78,18.1
14.88,24.28
15.07,23.9
14.85,23.69
15.61,27.11
17.23,30.75
19.26,35.43
16.81,32.29
9.85,19.56
9.88,18.61
11.21,18.74
8.59,13.9
7.3,13.03
8.09,13.98
10.5,16.1
10.52,17.01
12.72,22.7
11.5,19.83
9.74,15.3
10.37,16.37
8.41,13.81
10.39,17.46
9.64,14.49
9.51,15.03
10.28,17.13
10.33,17.13
6.84,10.79
8.16,12.83
5.79,10.09
5.54,9.07
7.59,13.91
4.83,6.83
5.23,7.36
3.92,4.86
2.14,2.72
2.15,3.08
2.0,2.52
1.43,2.09
1.91,2.39
1.06,2.08
2.0,2.02
3.21,3.12
2.82,2.69
1.38,1.52
1.69,1.86
1.53,1.7
2.02,2.82
2.37,3.82
2.52,2.76
3.36,4.59
3.99,4.59
4.69,6.16
4.83,6.35
6.39,9.88
6.61,9.59
8.05,13.08
7.79,12.0
8.42,12.96
10.03,14.51
12.89,20.33
10.57,16.12
10.03,14.51
10.44,16.86
9.49,12.92
11.49,17.38
13.16,20.3
9.74,15.29
12.59,18.57
12.03,20.53
11.83,16.89
14.22,20.2
15.21,21.47
15.25,27.35
12.25,17.03
11.42,18.77
9.85,15.13
7.57,10.8
14.13,21.45
19.76,37.69
13.1,18.66
10.24,16.64
7.77,11.69
6.82,9.32
4.83,5.38
3.28,4.07
3.11,3.19
1.95,2.31
2.51,3.3
1.95,2.06
2.02,2.5
2.09,2.49
1.57,2.12
1.59,2.16
1.3,1.44
1.94,3.72
2.0,3.32
3.46,4.55
1.72,2.69
1.75,2.0
3.93,6.5
2.92,5.34
2.76,4.53
4.42,6.87
3.44,6.2
3.7,7.76
5.26,10.16
5.39,9.57
6.29,11.16
5.76,11.1
7.36,11.75
7.97,13.7
8.49,13.23
8.83,13.04
8.81,13.08
12.68,17.29
18.97,28.04
28.65,57.29
32.42,63.65
29.58,63.33
29.87,62.82
32.48,57.07
19.52,33.79
14.16,37.99
13.55,21.67
10.94,18.34
7.87,12.24
5.77,8.11
4.33,5.67
4.57,7.42
6.27,7.88
5.91,7.55
6.55,11.11
3.53,5.33
2.57,3.95
3.68,6.19
3.91,8.24
3.13,5.56
4.21,7.87
6.13,12.81
9.04,15.59
19.16,44.77
28.85,68.68
34.61,78.9
47.19,116.83
52.29,105.16
51.14,153.19
44.01,126.02
32.89,86.6
40.33,102.14
34.77,102.03
34.21,88.3
34.16,86.34
36.03,87.52
30.35,79.5
33.59,86.56
31.48,78.65
34.75,91.18
35.06,107.23
37.8,98.81
38.24,106.97
38.42,104.17
38.81,104.24
37.55,106.89
37.89,96.33
33.65,86.54
26.53,76.65
29.92,65.93
23.83,52.27
25.72,53.26
17.68,38.38
18.94,38.53
16.49,32.04
22.03,49.2
17.11,42.24
17.81,39.0
14.02,29.15
10.38,17.78
6.05,10.64
3.92,7.55
4.12,5.37
4.54,5.48
5.1,5.52
5.42,7.59
4.0,4.9
4.79,6.27
6.37,10.17
6.51,10.33
8.11,13.39
9.63,18.35
18.35,40.84
26.34,63.03
33.53,76.38
32.3,80.8
34.81,97.27
32.96,88.31
31.53,76.73
25.88,53.7
23.25,48.87
22.09,44.41
21.15,39.62
19.31,37.51
19.07,32.95
16.43,29.36
17.8,32.99
16.62,29.34
17.67,31.82
21.71,42.54
19.15,31.62
19.33,35.27
19.13,31.29
17.68,30.33
17.02,27.39
14.89,21.46
14.28,21.16
10.79,17.9
10.77,14.59
9.6,14.2
6.25,8.96
6.78,9.16
5.85,7.32
4.76,5.91
7.57,10.51
5.53,6.78
5.05,5.77
4.44,5.93
2.51,2.45
3.04,2.57
3.14,2.69
2.66,1.96
3.13,2.14
3.18,2.21
2.58,2.04
3.26,3.22
2.83,2.76
5.23,6.6
6.7,8.96
6.66,8.2
12.22,20.46
11.12,17.4
17.46,31.66
11.05,19.21
12.2,19.24
13.26,22.04
9.91,18.49
10.08,16.75
11.69,18.67
11.69,19.81
9.26,15.16
10.64,17.96
8.83,15.0
7.08,11.95
7.62,13.58
8.51,15.86
8.79,15.73
10.04,16.88
10.04,16.57
13.71,22.11
13.86,22.11
13.89,22.78
16.86,26.49
16.43,26.35
17.25,25.41
16.5,23.43
15.18,21.34
13.33,17.72
10.21,14.72
9.08,12.92
14.1,19.24
12.38,21.11
13.97,21.43
19.76,37.89
9.0,11.87
8.9,16.76
5.8,7.48
4.44,5.6
3.82,5.18
6.35,7.53
4.17,5.41
6.77,8.92
6.36,8.15
6.63,9.67
11.16,15.02
16.06,23.98
25.32,52.25
25.19,50.36
23.5,50.02
30.91,66.12
34.63,75.44
30.48,67.57
17.47,37.75
17.97,33.31
14.2,25.71
12.71,20.33
11.68,18.39
16.79,30.68
14.3,23.46
11.68,20.33
10.38,16.79
7.57,13.27
7.64,13.58
7.06,11.85
8.49,15.1
8.43,14.41
8.41,15.82
9.45,15.38
11.17,18.35
13.42,20.76
9.81,15.35
8.19,12.25
8.85,13.32
10.37,15.62
8.84,11.54
7.98,10.92
8.51,12.69
6.73,9.98
4.71,6.63
7.03,11.0
6.23,8.82
6.32,8.53
4.37,5.68
3.0,4.26
3.04,4.41
3.81,4.94
3.58,4.57
3.2,3.64
3.33,3.68
3.32,3.39
2.86,2.72
3.8,4.83
7.24,9.57
9.08,13.44
19.15,27.64
33.78,69.37
33.41,99.83
41.96,138.17
47.32,116.82
51.5,105.04
41.29,93.25
49.97,138.35
41.4,101.54
40.29,101.04
34.84,101.04
34.27,87.42
34.16,86.34
35.98,85.51
32.54,78.4
31.57,77.48
36.32,99.3
34.66,90.02
31.29,80.29
37.72,98.83
31.68,85.32
32.15,88.2
34.85,103.06
36.41,95.8
32.84,77.54
30.21,66.74
29.6,66.98
26.89,58.12
16.31,43.63
18.0,36.8
14.56,32.49
14.91,29.16
13.94,29.16
12.04,25.9
16.19,31.09
11.93,28.98
15.52,29.47
14.53,29.45
11.31,20.67
8.33,16.1
8.33,16.1
6.87,14.02
7.97,14.3
5.53,10.9
7.71,13.49
7.51,13.86
6.48,9.71
6.66,9.49
5.76,9.21
9.06,15.68
6.0,9.27
6.8,9.68
8.22,15.86
7.3,12.66
14.39,25.52
10.56,20.03
14.93,32.36
17.54,39.32
17.56,45.62
33.62,77.34
33.24,77.16
35.81,85.22
30.91,87.67
33.64,85.65
36.54,89.15
33.52,78.7
34.42,80.19
31.39,77.83
31.24,77.81
38.42,104.17
19.96,47.78
24.59,59.37
27.61,59.84
25.97,59.02
25.68,59.02
24.85,55.37
26.81,58.58
25.47,53.37
14.53,28.37
30.01,50.85
24.18,49.9
22.48,45.39
21.17,49.52
17.82,37.76
21.34,45.83
14.05,29.82
13.36,23.67
13.26,27.91
12.28,22.06
12.43,22.04
12.21,17.23
14.73,21.82
15.12,22.38
10.76,17.75
9.38,16.73
10.92,21.44
11.69,20.92
10.52,18.58
8.38,16.11
10.53,18.61
9.23,16.2
8.45,15.28
12.44,22.87
12.19,20.67
13.34,29.2
14.76,29.42
16.12,34.69
16.63,38.63
26.74,55.13
26.13,61.05
23.52,54.64
26.77,54.55
21.73,48.28
26.83,55.02
29.19,62.09
22.73,51.25
22.73,50.57
22.68,44.41
18.4,47.63
32.87,75.38
22.83,56.03
28.22,59.17
22.29,47.91
20.41,43.92
26.96,58.29
25.55,53.07
18.4,42.54
16.55,31.92
14.42,31.67
20.83,41.19
16.0,32.11
15.21,32.61
9.19,15.31
14.41,25.11
9.21,13.94
5.37,7.55
4.63,6.69
4.75,5.85
3.1,4.55
3.68,4.98
3.05,4.72
5.15,9.87
3.95,9.51
6.2,10.56
6.61,12.78
10.63,22.08
19.53,50.4
23.16,69.7
29.01,92.27
30.27,90.46
33.97,95.45
33.27,88.65
32.05,85.12
40.11,101.3
34.55,101.15
33.65,77.11
33.89,84.85
33.68,77.29
30.83,87.47
33.56,85.4
33.33,77.5
31.64,77.5
31.64,77.5
37.75,98.7
38.33,106.15
38.45,104.19
38.75,103.31
35.67,84.1
35.75,78.32
33.81,74.59
35.59,76.95
36.17,65.56
37.54,71.76
28.09,60.01
32.77,57.43
29.56,52.24
26.28,50.77
31.83,52.94
25.93,50.06
27.63,45.46
21.72,45.68
18.46,44.56
23.03,36.84
13.56,29.58
12.44,22.03
9.75,12.54
8.53,10.19
8.62,10.04
11.0,13.21
10.86,14.0
10.71,12.76
15.73,22.93
17.05,27.2
20.09,31.67
30.82,74.43
34.47,75.88
35.44,77.08
53.19,104.83
33.97,94.67
33.31,87.7
32.02,84.06
30.88,76.42
33.62,78.29
34.21,95.59
33.31,76.26
32.27,84.32
32.48,77.38
33.5,84.36
33.25,76.46
30.35,67.63
34.81,79.51
33.7,84.36
38.16,105.28
34.8,78.53
32.07,65.61
26.27,52.53
21.42,38.83
29.69,64.52
30.32,64.39
27.4,58.69
25.76,54.3
25.76,59.33
23.52,46.09
22.59,48.91
19.38,41.88
19.52,37.44
14.51,27.55
18.48,34.06
9.82,17.13
12.12,19.91
9.1,16.76
7.3,10.68
15.4,23.68
6.2,7.36
5.13,5.55
7.22,9.75
7.4,11.07
7.39,10.96
7.55,10.49
9.18,14.69
15.21,22.25
17.53,33.21
19.98,43.9
26.61,61.79
31.18,75.51
31.37,85.5
33.33,91.58
32.79,87.32
27.99,65.72
20.01,40.13
26.42,59.58
16.71,32.95
14.49,25.63
11.35,19.68
10.28,17.81
13.03,20.58
10.02,16.03
11.2,17.24
10.56,17.38
10.99,17.48
13.62,21.63
17.18,28.84
11.13,15.96
15.1,23.35
12.38,18.52
9.93,13.53
9.93,13.53
9.87,13.32
8.47,11.0
6.78,8.76
6.7,8.6
6.32,8.56
6.06,8.84
6.76,8.21
5.12,7.0
4.55,6.02
4.53,6.03
3.81,4.61
2.84,3.32
2.97,2.96
2.6,2.58
1.57,1.66
1.09,1.32
2.01,2.39
4.62,4.0
3.44,4.14
2.99,2.36
4.26,3.75
2.56,1.64
5.61,4.83
7.8,11.56
9.05,13.56
11.63,17.56
11.6,17.38
13.13,21.71
11.63,17.9
11.71,17.73
11.68,18.12
11.91,21.55
16.46,25.03
21.51,37.48
20.57,37.48
20.9,36.16
20.32,35.73
14.82,24.62
12.11,21.12
9.98,17.23
8.14,15.42
8.09,13.12
8.27,14.53
7.05,11.19
7.12,10.6
6.27,9.08
7.97,10.99
6.44,9.49
7.94,12.0
5.97,8.19
4.73,5.82
4.73,5.82
4.87,7.32
4.89,8.08
4.61,6.6
2.97,4.6
4.36,5.62
3.48,4.44
2.75,3.64
2.75,2.92
1.9,2.11
3.06,3.27
2.64,2.37
2.05,1.85
2.56,2.5
2.03,1.88
2.29,2.44
2.53,2.27
3.56,3.42
3.35,3.7
3.15,3.29
3.78,5.05
4.26,8.19
5.74,10.11
4.38,7.84
6.5,11.43
5.39,10.32
5.72,8.99
4.9,8.42
5.52,9.22
6.6,11.58
6.6,11.58
6.24,11.41
5.77,11.41
5.56,10.87
5.48,9.82
5.58,10.31
5.36,10.31
4.85,9.1
5.35,10.31
6.39,11.95
6.16,10.74
5.25,8.5
5.79,10.75
6.18,10.52
6.75,12.56
6.26,11.7
6.09,10.49
5.09,8.12
4.19,7.79
4.49,8.12
4.16,7.36
4.95,9.53
3.92,7.0
4.49,7.44
3.29,6.11
3.64,5.75
4.48,6.46
3.74,4.92
3.14,4.66
5.91,7.38
3.73,4.71
2.67,3.85
2.02,2.63
2.84,3.93
3.26,3.55
3.34,4.25
2.18,3.24
2.32,3.53
2.52,3.6
4.2,8.07
12.64,21.22
5.43,8.82
2.53,4.76
3.87,5.1
4.25,7.41
4.31,6.61
4.83,6.61
4.49,6.95
4.11,6.61
5.25,9.1
4.65,8.76
5.29,9.72
4.55,9.1
4.19,7.94
3.69,7.91
4.72,8.66
4.81,8.99
5.26,8.48
5.26,8.48
5.93,9.11
5.3,9.71
5.3,8.93
6.21,9.52
5.31,8.89
6.47,9.49
5.06,7.83
4.57,7.12
5.06,7.83
3.96,6.03
3.97,6.68
3.24,5.48
3.69,5.86
6.41,11.51
4.43,6.79
4.38,5.7
4.78,7.32
3.83,6.19
3.76,5.47
3.92,6.22
3.2,5.29
3.39,5.84
3.38,5.32
3.33,4.91
4.38,6.44
3.52,5.09
4.62,6.71
6.08,9.14
9.32,17.09
14.23,24.4
9.25,15.91
13.13,21.39
12.39,23.75
16.78,34.93
27.75,61.61
29.87,69.23
26.97,61.01
32.1,67.51
30.03,67.97
23.23,50.91
23.76,54.55
29.8,69.13
33.06,77.08
30.98,77.91
34.55,80.37
32.09,67.95
35.31,87.23
35.19,79.73
31.1,59.59
35.72,78.48
25.63,49.09
32.97,65.16
36.01,63.68
27.29,56.25
32.65,57.07
32.86,55.95
29.4,53.64
26.27,50.9
23.26,47.31
21.51,40.83
28.62,45.6
31.66,45.64
28.68,45.51
13.96,23.61
13.21,22.81
9.71,11.88
9.81,14.73
8.25,12.58
14.93,22.0
15.58,22.62
16.31,20.93
18.35,22.77
24.05,52.87
28.92,71.8
35.34,82.22
39.74,100.31
45.71,145.61
47.43,116.85
52.99,110.15
41.61,98.83
30.68,55.3
41.56,101.81
36.08,68.2
21.13,34.42
31.31,58.12
25.6,49.43
19.88,36.25
19.74,32.27
16.98,29.78
13.6,20.4
13.95,23.02
16.11,26.19
19.44,35.39
15.05,22.37
12.6,17.32
12.62,21.22
9.9,14.76
8.42,11.22
8.01,12.08
8.13,10.93
9.47,13.01
6.37,7.15
5.77,7.04
5.82,7.38
5.85,7.1
7.19,8.64
7.14,7.85
9.8,11.17
5.43,5.8
4.31,4.31
5.04,4.23
3.69,3.28
3.62,3.39
3.0,2.49
3.23,2.66
5.58,3.64
3.74,2.77
4.81,3.39
3.64,2.89
3.66,2.7
5.72,4.64
10.04,16.3
15.41,23.52
19.97,30.3
26.83,59.47
38.79,75.55
53.24,103.84
32.57,66.67
22.54,37.64
18.9,26.32
19.33,27.76
16.81,24.59
19.65,31.93
17.01,25.91
17.02,26.29
13.42,20.41
16.43,23.03
15.91,25.26
15.84,25.25
14.47,23.49
13.97,22.98
12.67,21.03
14.19,23.01
14.95,23.02
14.19,22.78
12.6,18.8
16.37,22.98
14.19,21.2
14.45,21.4
10.1,15.08
9.83,14.7
7.84,10.89
4.18,6.33
12.32,19.4
6.93,10.78
4.75,6.96
4.41,6.79
2.9,4.29
2.8,3.95
2.41,3.2
1.52,1.72
2.16,2.25
1.89,1.5
1.89,1.5
1.59,1.36
1.58,2.11
2.66,2.32
2.61,3.01
4.21,3.91
3.16,2.64
4.82,4.5
4.0,4.14
6.95,10.57
10.6,17.32
10.07,16.05
9.99,17.31
11.11,18.52
10.73,16.94
8.88,15.69
9.95,16.84
11.43,20.73
10.11,17.16
8.78,15.69
9.88,18.82
9.84,16.27
8.52,14.15
8.81,15.09
9.52,15.86
9.81,15.73
11.3,20.48
12.75,20.67
10.82,18.52
10.8,18.07
12.72,19.22
10.82,16.51
11.25,18.25
13.37,22.72
11.23,18.5
11.16,18.21
8.65,13.02
9.81,14.68
9.8,15.94
9.64,14.3
8.44,14.98
6.29,9.58
7.77,11.51
5.51,8.4
4.53,5.98
3.12,4.45
3.17,5.19
1.69,2.23
2.04,2.39
2.08,2.48
1.69,2.29
2.12,3.21
4.58,6.66
6.21,9.93
7.11,11.9
7.29,12.26
13.26,21.96
21.32,34.89
22.7,42.99
26.24,56.2
31.77,65.0
31.49,66.11
32.24,84.1
35.9,67.87
27.5,58.01
21.49,40.15
23.75,44.43
18.32,37.26
24.55,51.22
19.44,36.04
17.87,32.06
14.05,24.01
11.66,19.5
11.24,19.47
13.06,23.77
16.23,28.4
16.07,30.19
19.22,30.28
25.01,47.12
16.46,25.71
17.83,30.18
19.32,30.72
16.76,24.24
22.6,35.45
13.09,17.87
12.97,20.67
15.85,24.39
21.07,40.61
19.81,35.43
19.99,36.83
18.27,28.8
14.43,19.55
13.63,23.31
19.34,30.57
15.83,31.21
12.38,22.93
12.94,20.87
11.71,20.22
11.64,18.42
13.16,17.7
14.92,19.25
22.37,36.21
24.61,50.67
27.86,56.55
29.02,61.42
16.27,29.95
47.32,117.09
51.5,110.84
51.3,153.19
39.6,87.83
41.54,101.62
40.29,100.71
34.87,100.71
34.18,87.22
34.2,84.74
35.88,84.93
30.88,87.79
33.49,85.5
33.27,77.33
34.65,90.02
34.62,80.39
37.81,98.81
32.31,98.87
35.29,87.68
30.03,67.85
27.5,59.6
34.39,78.13
32.59,74.33
27.66,65.35
26.6,64.43
24.35,58.07
14.87,51.67
14.49,31.74
24.81,52.08
14.14,37.09
14.52,32.11
17.89,37.22
20.77,44.55
13.6,37.48
19.07,42.66
12.22,20.82
8.28,18.05
9.3,19.36
7.33,14.71
9.24,16.34
9.46,20.03
11.63,20.74
9.63,22.72
5.85,12.03
4.51,9.18
4.22,9.18
5.9,12.23
6.23,11.69
5.84,12.41
6.05,13.28
12.86,20.45
29.45,55.87
26.86,50.99
17.5,33.58
16.38,34.37
21.2,41.73
23.65,48.5
26.81,61.29
32.03,68.02
31.33,68.01
30.47,67.95
23.12,54.79
32.04,89.76
26.72,61.27
25.72,61.27
30.25,77.63
29.14,76.3
32.1,88.43
26.1,59.37
27.16,65.73
34.1,83.43
34.88,77.16
35.56,65.75
30.0,65.2
32.48,56.99
32.25,57.68
26.28,52.51
24.24,49.92
21.32,46.09
22.13,49.44
19.72,39.42
16.74,34.83
13.37,28.88
13.51,23.57
12.98,27.91
14.69,22.33
11.7,21.94
12.57,20.6
9.92,20.63
12.13,21.34
14.88,23.78
15.39,24.55
11.71,20.15
9.51,17.34
7.49,12.83
16.9,35.32
19.5,40.5
25.45,43.2
20.69,36.49
31.29,62.84
24.98,48.49
31.57,84.49
32.35,97.21
33.09,79.56
33.73,86.32
20.75,46.26
27.71,61.76
23.68,54.57
30.25,68.46
32.59,77.45
30.44,77.39
34.15,80.39
30.87,78.01
36.17,94.28
18.38,40.9
24.43,50.64
33.34,67.05
32.8,66.53
29.83,66.5
21.19,46.68
25.2,58.24
22.15,43.79
13.13,29.69
20.45,37.61
18.41,38.51
18.01,38.51
13.53,31.98
7.82,18.76
8.44,18.46
6.67,17.97
7.88,16.58
3.78,5.05
3.68,6.97
4.7,7.68
11.07,17.79
3.53,4.35
4.68,6.04
4.9,7.76
4.31,7.66
5.06,6.84
7.73,15.84
7.33,15.88
16.67,40.69
25.71,61.68
34.03,77.89
39.96,97.88
52.38,110.59
40.55,100.12
50.9,138.49
41.12,100.94
40.35,99.95
34.56,102.79
34.19,88.56
34.13,84.62
36.08,87.85
30.98,89.11
31.89,79.0
27.57,63.04
34.59,91.46
35.08,106.77
37.6,98.86
38.11,108.23
38.43,103.99
38.63,105.12
37.54,107.1
38.04,96.81
34.06,83.68
35.54,77.41
36.22,65.67
37.67,71.97
32.79,57.12
33.21,57.54
29.56,51.53
26.21,49.59
31.71,53.09
28.37,49.03
21.27,44.66
19.46,37.36
15.64,29.41
13.71,23.56
8.4,11.93
8.18,11.94
6.17,7.39
6.0,7.01
4.04,6.04
4.42,5.27
6.43,8.88
5.64,10.72
8.25,13.58
11.85,18.13
6.93,10.68
6.94,10.92
7.54,13.95
9.15,16.8
12.68,22.72
11.3,19.76
15.51,28.08
16.49,33.96
21.15,40.91
20.53,41.82
28.6,64.48
33.64,83.44
30.37,74.42
27.72,63.64
21.42,44.71
31.6,66.01
29.74,65.4
34.09,77.88
37.5,98.83
38.12,105.87
38.42,104.06
38.79,105.73
37.62,106.37
38.21,97.1
32.43,56.21
33.92,74.07
35.51,63.64
37.25,69.49
23.57,37.0
32.8,57.21
29.61,52.0
26.32,49.39
31.83,53.01
28.79,50.57
27.76,45.56
31.76,46.69
28.44,45.36
14.59,35.5
17.91,31.25
12.42,22.03
12.5,18.99
12.35,16.8
11.85,16.38
11.76,15.77
11.68,13.49
12.35,18.46
13.18,22.56
13.26,22.49
17.93,40.79
23.78,52.76
34.19,77.89
34.35,97.27
33.64,88.23
34.06,102.26
33.07,90.02
21.3,58.1
27.53,61.9
23.71,62.11
30.9,79.02
29.51,68.24
29.04,67.55
20.36,59.11
15.67,42.17
17.03,40.64
32.93,79.62
31.71,70.89
21.76,60.14
19.61,52.6
21.65,66.59
37.49,104.88
29.59,83.59
17.47,53.26
21.46,58.92
17.61,43.58
18.7,48.57
25.62,58.68
23.57,53.15
20.31,47.04
14.89,31.74
13.71,32.44
18.33,49.57
13.07,32.24
10.37,19.08
14.66,30.05
9.48,17.05
11.92,21.07
12.12,22.52
7.65,14.48
4.8,6.77
4.75,6.35
7.89,13.81
6.68,14.7
7.28,12.01
7.07,16.15
8.74,16.64
7.5,12.82
8.07,14.54
9.12,18.06
10.93,18.36
13.98,21.75
20.64,38.02
20.63,36.11
20.0,32.13
23.62,36.91
17.2,25.93
17.86,27.62
20.3,31.64
25.62,45.15
27.0,48.7
20.3,31.64
23.98,39.21
25.66,43.44
25.9,45.77
25.74,43.96
29.8,51.73
20.48,31.33
18.35,29.84
19.0,25.44
34.57,74.85
34.79,74.6
24.9,40.54
14.9,21.0
16.4,22.6
23.85,37.07
14.6,20.07
14.55,19.66
10.76,14.16
15.26,21.91
16.29,21.96
10.88,13.42
10.02,13.68
5.48,6.91
4.6,4.7
5.49,6.11
6.32,8.48
6.86,7.96
12.34,18.55
12.82,20.23
7.32,9.04
10.93,13.79
14.78,20.14
18.84,25.48
23.66,51.04
28.8,71.8
35.25,81.93
39.47,99.98
39.47,97.58
40.11,97.57
51.47,110.81
41.6,98.83
48.36,138.55
41.41,101.69
40.15,101.39
34.84,100.67
34.16,87.18
34.18,84.65
35.74,85.87
30.86,87.32
33.54,85.73
34.86,89.7
34.64,89.51
35.05,107.35
37.74,99.11
38.12,106.96
38.34,104.44
26.31,85.51
32.15,83.5
35.43,93.96
34.05,83.11
34.88,76.84
35.53,65.43
37.21,71.77
32.46,56.66
31.87,57.26
29.38,51.69
25.78,50.83
31.54,53.34
28.26,50.81
27.26,46.04
25.36,47.06
27.44,46.03
23.64,40.05
19.49,27.8
16.34,28.4
12.49,22.31
12.29,17.62
14.67,21.77
15.3,22.38
15.85,22.86
14.14,22.67
12.83,23.42
11.51,23.15
16.1,25.27
32.4,62.28
17.35,28.49
15.56,30.88
13.88,21.62
17.87,35.26
15.23,30.64
14.85,34.51
12.96,26.89
18.23,39.94
32.76,68.2
21.59,48.86
30.79,68.85
17.0,50.95
27.36,61.61
26.39,59.08
24.41,55.15
30.27,69.77
34.49,86.54
23.8,58.42
33.64,77.28
17.69,45.85
16.89,40.54
22.78,47.67
19.86,44.81
22.22,49.92
15.61,33.6
22.79,64.53
11.44,22.11
13.57,25.53
19.1,36.96
12.87,27.56
9.75,21.62
9.86,18.94
7.88,15.83
7.81,17.08
7.42,14.37
6.48,11.78
6.03,10.07
13.02,28.16
6.54,10.29
4.51,10.3
7.12,11.16
8.31,15.18
15.35,23.3
17.59,24.15
8.26,14.58
7.54,14.41
6.91,14.23
6.59,12.87
6.67,11.42
10.02,19.06
8.86,16.41
9.89,18.49
19.99,40.08
7.48,15.28
16.69,35.55
30.93,78.25
33.01,77.3
18.83,41.76
13.82,34.75
16.22,41.1
18.46,41.88
15.19,38.87
34.56,88.86
18.57,54.76
18.03,49.58
27.86,67.7
19.84,59.25
21.88,57.5
17.58,47.29
20.79,53.68
18.29,52.61
24.22,53.06
17.49,39.59
20.35,44.08
24.1,50.64
22.62,42.99
22.23,45.36
23.39,42.99
21.83,49.5
21.38,42.76
19.49,39.29
15.14,32.57
12.01,29.11
12.05,18.68
7.25,10.65
6.71,12.39
6.3,8.13
6.51,7.33
7.91,11.13
6.38,8.74
7.78,13.53
11.6,18.44
13.91,26.76
18.2,44.86
23.44,47.01
37.72,100.3
45.11,140.5
47.12,116.93
52.38,110.69
34.16,102.45
50.87,138.49
41.11,101.63
37.14,81.63
34.62,102.87
34.17,88.61
33.88,86.14
35.93,86.48
31.02,77.71
33.65,86.23
33.05,77.68
27.8,67.79
34.91,80.75
30.2,85.68
36.8,96.06
36.49,93.31
35.19,102.73
35.63,84.09
32.94,66.14
23.71,52.91
27.68,59.51
20.78,52.3
21.7,46.2
14.58,29.99
15.55,32.48
29.41,49.62
9.68,20.75
13.37,27.95
12.57,21.3
7.85,18.26
7.24,15.24
6.43,12.25
6.35,7.19
5.14,5.92
4.54,6.57
3.43,3.33
6.04,6.74
3.98,3.87
3.36,2.85
2.93,2.96
4.77,5.1
6.61,9.27
7.61,11.66
6.99,11.64
14.93,26.46
11.37,23.13
15.4,50.23
15.86,44.96
28.84,68.04
22.89,57.54
23.63,58.22
21.19,48.46
22.88,54.73
24.45,57.98
15.6,48.43
21.16,51.5
26.59,67.67
24.82,54.89
22.99,58.02
23.13,61.23
33.78,80.26
37.62,98.79
35.71,91.93
38.47,103.77
37.3,103.24
37.56,106.17
21.08,53.25
21.29,44.22
16.96,39.73
12.92,32.24
13.05,29.59
14.45,32.36
13.02,22.28
9.55,21.31
11.77,25.26
11.32,25.06
7.07,15.82
11.95,19.68
6.32,13.14
8.82,15.46
7.02,10.19
7.23,8.87
6.1,6.92
6.09,5.47
4.5,4.93
4.03,4.53
3.86,4.9
4.46,5.1
7.91,9.34
6.57,9.12
7.72,12.17
11.22,19.47
15.03,25.65
19.02,38.51
23.21,59.83
18.51,41.03
21.77,55.22
20.97,49.11
16.71,40.81
19.55,60.77
18.5,41.73
17.68,45.75
23.95,58.4
20.93,50.4
21.97,51.12
24.23,54.51
29.93,68.37
24.79,60.96
24.08,60.96
26.7,68.33
31.5,68.7
26.41,66.19
33.67,103.2
34.28,83.55
29.25,66.14
24.55,64.91
28.52,64.91
16.84,39.1
21.15,43.54
15.42,31.66
12.07,25.26
13.94,33.32
15.09,29.87
14.11,24.2
16.35,36.35
15.64,25.07
11.89,19.19
9.82,17.03
9.36,13.46
11.93,15.49
9.58,10.54
7.65,7.95
6.28,7.09
10.31,11.42
7.8,8.11
8.27,8.53
7.77,8.76
7.99,11.89
7.84,13.08
10.64,19.19
15.64,25.43
23.44,55.76
30.46,76.28
33.31,90.77
33.93,100.99
33.17,88.78
29.57,67.27
26.72,61.13
31.31,77.52
34.02,87.33
33.79,85.07
35.82,85.3
30.96,87.75
33.3,87.03
33.05,78.5
34.64,90.36
35.02,107.54
37.72,98.93
38.17,107.13
38.31,104.57
38.75,104.64
37.78,106.51
38.11,96.14
33.34,86.36
30.14,67.5
29.9,65.6
23.05,64.2
25.07,52.89
23.95,56.24
17.85,49.39
20.63,37.6
22.91,49.21
21.32,42.43
20.87,44.91
17.84,37.99
14.55,29.41
13.28,23.72
9.92,19.63
15.41,23.71
7.36,10.49
9.51,14.36
9.72,11.71
8.69,11.71
10.82,15.18
14.53,21.99
14.39,23.98
13.94,24.25
17.87,49.4
22.07,72.61
34.21,77.09
37.62,98.93
35.34,92.07
51.34,153.45
49.6,138.56
41.13,101.66
39.74,102.68
34.55,102.68
34.2,88.64
34.01,86.61
35.92,87.93
30.97,89.27
33.56,86.98
34.94,89.69
34.79,91.36
35.07,107.42
37.75,99.19
38.16,108.3
38.34,104.59
34.72,103.4
37.58,107.21
38.12,96.75
34.04,83.59
35.36,77.38
36.09,65.97
35.21,66.27
32.65,57.54
30.49,57.02
26.24,52.58
24.32,48.16
22.69,45.35
17.33,33.16
16.87,33.34
19.64,37.53
19.6,45.11
13.81,24.27
12.95,22.09
12.11,18.49
10.44,14.39
10.82,16.0
10.83,15.48
11.03,17.31
14.93,23.4
9.46,13.09
10.6,15.17
10.65,16.16
9.62,16.16
10.6,15.17
10.69,18.23
16.57,32.47
14.73,27.67
16.63,36.86
16.76,47.41
22.86,59.28
28.03,75.09
28.27,75.91
34.52,90.71
31.98,85.99
30.18,85.87
18.73,51.1
19.29,52.18
25.05,65.77
27.54,75.09
20.41,48.84
24.66,59.34
23.73,51.99
29.68,74.83
30.66,77.13
32.8,74.68
29.35,64.32
22.67,44.8
25.26,51.06
23.68,53.35
22.49,41.91
21.15,49.07
25.4,55.73
24.33,48.09
18.73,37.12
16.62,32.85
22.44,49.64
27.66,45.46
21.25,45.35
28.07,45.93
15.75,38.72
17.91,27.14
16.31,28.02
12.6,22.6
12.9,20.89
14.93,22.13
12.51,21.71
15.17,23.94
15.42,24.71
12.59,20.75
13.22,19.18
13.92,20.36
13.92,21.14
12.12,19.54
17.98,29.82
15.7,27.36
20.48,39.12
15.29,33.88
22.24,47.95
18.33,35.92
20.58,41.39
25.62,60.62
22.6,51.05
25.02,54.37
21.22,50.8
25.54,58.22
20.22,51.05
29.53,67.11
26.84,60.85
22.66,54.29
27.75,67.93
31.8,75.77
28.28,65.83
27.45,58.9
30.27,66.31
30.28,67.33
28.06,64.92
35.25,65.24
27.45,58.35
32.51,56.48
22.75,45.04
20.8,52.6
24.36,49.49
23.14,49.22
22.33,49.22
27.45,45.63
19.92,38.04
15.7,29.79
13.96,23.9
13.17,22.81
16.47,31.57
12.74,26.95
11.06,13.89
11.89,15.6
11.89,14.38
14.83,19.29
18.19,22.25
15.42,24.53
29.02,72.8
33.33,72.47
29.51,66.42
30.04,70.47
31.7,78.69
35.26,89.69
34.3,95.13
51.44,138.31
32.47,85.37
30.96,77.68
33.64,79.27
33.6,77.35
33.97,85.25
35.72,85.28
30.98,75.83
33.5,85.3
33.15,76.49
33.15,68.67
34.98,107.18
35.98,96.5
35.63,83.23
34.17,76.46
29.0,58.58
21.55,36.51
19.63,35.5
18.0,30.48
17.21,27.0
14.56,21.52
11.6,17.07
8.49,11.11
9.66,12.29
10.65,14.66
9.65,12.49
8.23,11.0
9.89,13.39
7.67,10.96
5.54,7.18
5.3,7.13
4.28,4.77
3.77,5.18
3.84,4.71
3.27,4.19
3.12,3.98
2.44,3.61
2.63,3.35
2.31,3.23
2.62,3.87
6.94,10.34
9.75,14.51
5.98,9.51
8.2,13.12
10.93,19.82
12.65,18.59
25.32,45.19
20.07,31.8
18.03,31.1
19.25,29.69
17.0,26.69
15.07,24.97
17.79,31.81
19.22,31.81
19.99,36.59
17.86,29.32
19.35,31.85
20.15,35.83
19.95,31.85
24.51,44.66
27.26,51.3
29.04,58.96
30.7,58.31
19.67,35.48
19.76,35.7
18.06,31.12
16.55,25.82
18.0,30.48
16.79,27.0
16.97,25.62
11.56,18.63
8.65,13.34
10.82,15.85
10.07,14.67
7.95,10.82
6.05,10.33
5.61,7.73
3.93,6.83
3.36,4.57
2.88,4.62
3.03,3.76
2.58,3.26
2.61,2.14
2.25,2.83
2.59,3.05
2.75,2.78
3.59,4.04
3.62,3.67
5.0,6.41
8.26,12.99
9.16,13.64
9.34,14.22
10.26,15.72
10.65,16.92
12.07,18.29
12.47,18.92
10.29,15.67
10.29,15.67
9.81,15.57
9.66,14.31
8.63,13.3
10.37,16.11
9.84,16.11
9.6,15.49
9.66,16.15
8.53,14.02
9.64,14.97
10.42,16.46
8.51,13.92
11.87,18.77
10.53,16.99
9.51,15.54
8.04,12.46
9.54,14.84
8.6,13.14
7.91,11.06
8.05,12.13
7.13,12.17
6.01,8.25
5.89,7.45
5.85,7.92
5.16,7.57
4.26,6.12
4.13,5.67
4.87,7.16
3.59,5.27
4.3,4.57
4.39,4.73
5.59,5.34
2.47,3.22
3.01,2.71
2.28,2.38
2.22,2.3
2.75,3.48
2.43,3.46
6.53,7.18
7.36,9.12
4.53,5.45
4.31,6.43
6.66,11.1
8.11,12.79
9.97,14.57
9.73,15.73
10.99,17.16
10.0,15.47
10.54,16.01
11.24,18.78
10.15,15.94
12.52,21.07
11.02,19.18
11.79,19.64
9.76,18.51
11.13,18.53
9.51,17.12
12.58,21.33
9.65,18.02
13.0,24.12
8.66,15.9
12.57,21.05
10.92,18.3
13.24,22.26
13.69,23.21
18.2,29.91
12.48,20.48
13.59,18.91
15.56,21.45
12.16,18.7
9.54,15.07
11.13,16.55
9.83,13.57
9.73,15.52
8.25,11.85
9.21,13.28
7.36,9.92
7.58,11.03
5.24,6.29
3.45,3.95
3.82,4.67
2.57,2.73
3.84,5.29
2.69,3.68
3.34,4.83
2.06,2.94
5.59,6.77
5.71,7.92
4.74,7.07
10.2,14.85
12.92,20.07
14.32,26.89
15.41,23.26
14.37,23.49
16.82,30.89
19.02,31.54
19.25,29.69
19.29,31.11
21.04,36.8
24.13,44.54
19.81,36.31
19.81,36.31
19.07,35.32
18.89,31.31
13.71,24.41
13.71,24.83
14.51,24.45
16.72,27.08
17.31,27.13
20.46,35.5
15.03,23.75
12.95,19.33
15.38,23.07
19.26,28.16
17.57,29.76
16.98,23.91
16.59,23.83
11.35,15.75
10.66,15.75
10.02,12.88
11.15,15.36
7.63,10.74
8.67,13.3
7.88,11.14
7.34,11.14
5.93,9.09
7.16,9.95
6.01,8.13
5.66,8.07
6.07,6.74
5.69,6.38
3.86,5.62
5.28,8.13
3.62,4.3
3.65,4.3
3.52,4.37
4.05,4.97
3.58,4.79
3.57,3.85
3.86,5.89
5.72,8.41
5.9,8.86
5.9,8.86
5.17,7.41
7.33,10.71
10.42,15.2
13.32,20.54
13.09,20.11
13.09,20.11
13.34,20.2
14.6,23.81
13.67,22.16
12.93,20.3
11.08,19.03
12.5,19.37
12.38,20.34
13.29,23.22
10.74,17.85
11.3,18.26
9.17,13.94
10.99,18.02
12.63,16.93
12.73,18.69
12.39,15.95
10.44,15.54
10.78,14.95
8.89,12.76
7.19,11.01
6.38,8.96
6.36,10.33
4.8,8.61
3.05,5.31
3.63,6.15
5.63,9.36
4.74,7.69
4.76,7.99
4.11,6.11
3.2,5.47
3.35,5.49
3.04,4.26
3.77,5.24
3.91,4.91
4.07,5.58
3.45,5.5
2.52,3.89
2.71,4.05
3.43,5.76
2.77,4.98
2.53,4.44
2.84,5.04
4.11,6.15
4.25,5.47
4.69,6.35
5.98,8.59
6.42,8.24
6.72,10.37
11.11,16.45
31.73,65.48
26.66,55.99
27.27,58.38
28.47,61.66
29.54,87.74
26.88,55.25
22.98,41.71
24.59,42.22
16.51,24.09
17.37,24.8
17.41,24.37
22.15,31.11
25.91,47.27
24.59,37.55
19.7,27.56
17.82,25.56
25.11,42.91
23.93,41.21
20.79,28.84
19.3,26.28
19.57,29.53
14.35,20.56
11.75,15.31
8.8,10.2
11.73,14.45
5.56,7.03
2.66,4.08
3.27,4.57
4.4,5.43
3.36,4.47
3.42,4.6
3.58,4.41
3.38,5.12
4.44,5.21
7.98,12.42
10.29,16.37
13.36,19.2
20.68,38.19
34.57,76.1
39.99,84.67
31.51,60.58
33.69,77.27
39.56,87.41
41.05,100.65
37.25,76.92
34.64,100.33
33.86,75.77
34.08,84.65
35.99,83.96
30.87,87.14
28.77,59.76
28.39,59.76
33.91,76.86
34.06,76.47
34.56,84.76
29.46,74.97
31.76,58.15
38.72,102.35
37.68,106.76
38.11,96.66
34.11,83.96
35.73,76.21
36.21,64.51
37.64,70.55
32.84,57.45
33.26,56.76
29.51,52.14
26.17,49.3
31.89,53.22
29.4,49.12
28.33,45.68
32.1,46.53
28.07,45.95
23.87,39.97
19.6,30.97
16.5,32.37
12.68,23.45
13.01,21.76
14.75,21.7
15.34,22.4
16.68,23.85
19.12,26.14
24.21,54.26
29.02,73.09
33.7,83.57
39.4,101.08
41.77,79.6
47.43,116.89
53.35,110.73
41.54,99.32
51.44,138.52
32.29,85.49
37.21,79.55
34.47,101.53
34.08,87.59
33.97,85.21
35.94,85.7
30.91,88.03
33.87,85.73
34.85,89.63
34.7,90.38
35.08,107.35
37.83,99.25
38.33,106.48
38.41,104.61
38.75,103.7
33.47,75.49
30.12,58.49
32.05,64.97
33.42,64.97
36.17,64.68
37.62,70.53
32.72,57.02
32.61,57.11
29.57,52.11
26.25,49.73
30.93,53.33
28.83,50.74
19.1,34.12
13.49,19.9
21.01,30.54
23.35,36.63
19.6,30.46
15.62,23.65
12.61,23.03
10.51,12.55
14.79,21.79
12.3,20.88
14.68,16.31
19.32,26.04
22.29,35.25
25.22,51.86
29.63,70.38
38.13,96.55
39.7,98.19
40.52,98.45
52.99,110.95
41.73,99.14
49.93,138.47
41.56,101.76
40.55,102.21
34.86,102.21
34.17,87.76
34.11,85.73
35.96,86.82
30.96,88.22
33.66,86.07
34.93,90.02
34.88,90.54
35.12,107.3
37.84,99.02
38.42,106.56
38.41,104.5
38.82,104.01
37.74,103.41
38.12,96.4
34.01,72.92
35.56,77.04
35.86,65.57
37.62,71.91
32.66,57.02
32.44,57.42
22.38,38.59
20.46,32.59
19.65,32.32
19.85,35.45
18.79,32.19
19.61,37.69
15.79,29.95
10.61,14.29
7.94,9.44
10.88,15.24
10.37,15.13
8.06,9.67
7.18,9.53
7.32,18.47
12.27,15.97
15.05,20.64
19.71,31.2
22.88,41.65
24.37,43.74
29.68,69.93
34.22,75.76
35.53,95.17
34.31,89.46
34.61,102.94
34.38,88.28
32.46,84.62
40.09,100.61
32.61,98.61
34.17,87.44
34.0,84.64
36.0,85.01
33.1,89.18
33.62,85.8
34.87,89.63
34.66,90.37
31.55,76.8
35.54,85.47
33.46,76.96
31.66,65.15
32.77,65.99
30.41,64.86
33.29,64.65
33.91,71.94
35.46,75.93
35.17,64.32
37.61,70.48
25.63,49.06
24.09,41.46
24.21,48.13
22.22,36.71
19.63,29.59
18.85,29.59
13.73,19.77
11.71,15.38
9.86,14.78
7.23,9.82
5.82,7.36
5.78,7.45
6.03,6.61
4.81,5.1
4.8,5.49
4.74,5.27
4.91,6.09
6.34,8.33
8.1,12.76
8.07,11.99
7.12,12.07
5.46,9.87
5.43,10.86
6.5,13.42
4.94,10.85
7.46,17.69
8.47,17.05
16.75,33.78
10.37,23.02
10.44,23.55
14.73,36.97
17.47,41.95
18.1,43.83
20.03,48.23
27.36,62.99
23.98,60.0
29.68,70.2
30.01,69.93
33.74,79.53
36.8,97.16
35.62,85.53
19.81,36.29
18.06,27.71
14.39,21.38
14.05,18.96
12.62,17.9
13.85,20.3
11.26,13.91
8.15,11.93
6.9,9.07
7.92,9.9
7.76,11.98
6.42,8.65
7.04,10.53
5.59,7.49
4.86,7.53
5.67,7.4
5.73,9.07
5.06,8.29
4.45,6.87
3.43,4.86
2.43,3.84
3.28,4.32
4.34,5.74
3.78,4.53
2.94,3.06
9.3,16.37
9.74,16.08
7.75,9.58
8.29,10.34
20.72,31.02
32.43,55.31
36.99,78.55
26.24,48.64
39.5,88.25
32.58,84.62
40.07,100.48
20.73,32.18
11.63,17.96
9.22,13.8
10.29,16.01
9.44,15.41
11.83,19.84
11.03,17.92
13.91,24.82
11.73,19.92
10.3,16.61
11.78,18.76
15.23,23.95
11.41,16.57
11.94,16.87
12.56,16.87
11.47,16.36
11.33,15.36
11.5,16.0
12.31,18.11
13.48,20.23
13.52,20.04
10.3,13.92
10.89,15.76
17.79,36.58
28.55,48.82
27.64,45.66
31.88,46.56
28.09,45.75
20.82,24.36
19.32,27.29
16.29,27.89
12.57,22.47
12.87,20.98
14.89,22.31
15.45,22.92
16.3,23.9
18.66,24.84
21.72,35.27
23.83,42.16
26.92,46.97
25.12,52.02
31.15,64.82
36.77,89.86
34.92,89.81
35.3,102.78
32.14,66.96
32.43,84.76
39.71,100.06
34.38,100.06
33.79,86.74
33.7,84.66
35.5,84.79
30.57,87.32
33.1,84.55
34.45,88.44
34.37,89.06
34.6,105.9
37.8,97.89
38.38,105.18
38.4,103.31
38.34,102.55
37.17,105.63
38.07,95.1
34.08,82.16
35.59,75.82
36.17,64.44
37.63,71.45
32.74,57.16
32.73,57.53
29.13,52.23
26.29,50.94
31.66,53.24
28.84,50.54
27.98,46.12
32.22,46.85
28.21,45.72
23.18,37.09
19.63,31.92
15.71,23.84
12.69,22.85
13.0,21.08
14.97,22.32
15.42,23.66
15.86,21.04
15.09,20.09
15.75,24.21
18.83,43.22
18.22,41.53
18.26,40.46
27.82,64.68
34.36,79.34
24.14,53.36
34.2,88.91
26.92,58.16
23.92,46.12
21.48,41.95
25.58,54.85
30.84,77.86
24.48,54.93
24.83,54.93
23.45,54.85
27.26,61.35
25.69,54.89
25.82,61.35
19.92,48.38
29.83,68.63
21.82,51.42
29.78,67.23
31.9,84.65
34.41,83.55
29.28,66.14
22.03,47.64
23.45,47.64
15.91,38.15
17.74,39.26
10.06,23.77
14.87,27.4
13.05,22.28
12.57,21.79
9.31,18.65
11.41,24.06
8.95,18.93
7.51,17.2
11.93,17.49
7.59,10.19
6.16,9.42
6.88,10.46
6.57,14.25
6.74,9.76
8.47,10.72
8.08,14.65
8.33,12.45
10.37,12.41
12.46,21.68
9.57,15.57
10.66,17.82
14.58,23.46
14.4,26.73
15.73,37.19
17.94,39.56
23.13,55.56
17.89,35.42
18.33,39.56
21.15,51.5
18.91,42.01
19.41,48.46
22.14,46.13
24.04,61.31
29.36,68.41
32.91,86.17
31.15,78.27
34.51,90.14
35.04,107.33
34.17,85.34
23.71,61.35
31.39,84.77
28.76,67.05
32.05,84.01
37.08,93.15
33.06,86.34
30.32,66.95
35.55,65.4
29.79,64.84
27.83,59.54
32.25,57.34
29.4,52.44
26.1,51.14
30.81,53.65
22.29,49.69
24.61,46.1
21.7,45.92
28.35,46.1
15.66,38.48
19.58,31.76
16.45,32.37
12.6,23.49
12.91,21.73
14.91,22.28
15.08,22.45
14.97,20.5
14.74,19.55
18.54,30.27
22.27,37.92
18.26,40.04
20.74,44.53
18.99,62.54
33.07,78.62
42.75,109.02
34.01,102.1
39.73,89.59
32.74,86.47
40.45,102.22
34.83,102.22
34.22,88.55
34.04,86.53
35.92,87.78
33.23,90.59
33.54,85.69
34.99,89.51
34.93,91.42
35.18,107.42
37.83,99.12
38.41,107.54
38.41,104.65
37.78,102.94
37.66,106.94
38.11,96.14
33.26,85.98
31.41,76.98
19.38,58.05
24.2,55.05
25.53,52.94
24.04,56.15
21.13,45.51
17.75,36.79
19.76,38.33
21.31,42.43
15.83,37.91
14.84,29.71
15.55,29.57
13.56,23.84
13.18,29.26
12.13,21.96
11.0,16.12
12.12,16.92
11.45,16.0
11.59,14.17
13.77,16.38
13.37,14.85
13.16,18.02
13.29,18.78
11.11,16.45
8.72,14.61
7.41,10.85
7.07,10.99
5.74,10.59
8.16,13.38
8.45,15.54
8.5,13.68
11.03,19.26
10.05,15.86
11.59,19.34
15.07,26.1
13.39,22.3
16.3,26.84
17.56,31.6
17.68,31.8
16.69,27.78
16.77,28.22
14.98,24.55
16.23,28.9
17.65,31.4
12.21,20.18
11.16,18.77
9.66,15.38
9.71,14.7
8.13,13.33
7.08,12.12
6.56,11.71
6.75,12.49
6.04,9.55
5.37,9.47
5.25,8.34
5.21,9.29
4.82,7.68
3.68,6.39
3.59,5.33
2.94,4.62
2.48,3.23
2.98,2.96
3.23,5.14
2.6,3.01
3.05,3.01
3.14,3.53
2.27,2.43
2.19,2.36
1.9,2.06
3.36,3.87
5.7,7.11
4.08,7.22
5.19,7.58
8.95,13.62
12.73,20.28
7.54,11.73
8.24,14.72
5.02,9.0
6.06,10.92
9.37,17.16
6.32,11.96
7.71,13.08
9.35,16.41
8.96,16.17
10.13,16.93
10.17,18.23
8.86,15.12
10.43,18.45
11.85,20.02
10.51,19.63
9.23,15.86
10.5,17.73
10.02,16.34
7.91,14.03
7.91,14.87
8.96,13.8
6.24,9.65
5.95,9.03
5.16,7.95
4.98,7.8
3.72,6.57
3.62,5.43
4.4,7.56
4.05,7.15
3.41,6.16
2.99,6.05
3.02,6.14
4.85,7.22
4.45,7.79
19.25,26.96
6.89,9.88
5.78,7.32
4.0,6.84
3.21,5.59
5.85,8.59
8.02,11.66
5.67,8.22
6.66,8.98
7.14,9.85
9.08,11.83
4.37,6.76
5.31,7.4
4.92,7.4
6.09,8.69
4.23,6.97
7.01,8.69
6.22,8.77
9.34,13.0
6.64,9.61
10.4,15.33
17.01,29.04
18.6,36.65
17.89,36.6
19.39,41.6
15.45,33.06
14.31,34.09
14.18,38.62
14.18,38.76
23.71,60.89
17.53,38.9
17.59,40.32
16.77,40.01
13.89,33.7
13.8,30.95
14.93,33.57
14.88,32.78
18.39,46.08
23.3,46.86
16.43,28.24
14.89,26.38
13.98,25.51
16.7,29.48
11.41,18.43
7.94,10.97
9.01,14.05
7.0,9.61
5.46,7.94
5.6,7.28
5.66,6.96
4.91,6.07
4.94,6.19
4.92,5.72
5.01,6.77
5.61,6.94
5.02,6.94
5.83,7.37
5.65,6.88
5.92,7.95
6.1,8.45
4.98,6.69
6.82,9.47
4.92,5.88
5.09,6.78
5.77,7.83
5.73,7.87
7.67,10.34
7.13,10.43
9.17,14.6
8.28,11.54
7.6,11.91
9.72,13.02
11.78,19.38
14.87,22.13
12.1,18.37
13.72,20.9
18.04,29.45
18.33,29.91
16.46,25.92
15.4,23.68
15.32,23.27
11.24,15.85
10.64,14.38
9.11,12.69
8.87,12.64
7.86,12.64
7.27,9.67
6.78,9.08
7.46,11.04
6.35,8.5
4.82,6.77
3.95,6.51
4.36,5.45
3.77,4.33
3.39,4.15
2.41,3.38
1.8,2.65
2.3,3.2
2.13,2.7
2.16,2.7
2.5,2.93
2.23,3.25
3.55,5.4
4.07,5.71
4.95,6.94
8.29,12.64
6.96,11.79
13.43,21.3
15.92,24.68
21.21,36.29
12.99,20.53
14.93,24.38
13.34,21.97
14.12,21.72
10.17,16.12
8.34,13.98
8.44,13.81
8.73,15.68
6.55,12.59
8.18,13.88
6.78,12.63
9.52,15.96
8.06,15.66
9.58,16.68
8.44,15.66
8.59,15.76
9.55,16.37
7.73,15.0
6.96,12.95
9.14,14.97
6.77,12.39
6.61,11.61
5.25,9.49
4.61,7.13
4.42,7.77
4.36,7.77
5.95,9.28
6.14,10.28
6.2,9.05
5.58,9.01
4.41,6.77
3.81,6.01
2.72,5.43
2.72,4.72
1.11,2.5
2.08,3.64
2.26,2.96
2.28,3.76
1.84,2.85
3.11,5.43
3.61,6.33
3.63,6.57
8.6,14.49
13.26,19.78
11.26,20.03
14.22,23.83
24.25,50.13
21.95,38.03
23.57,42.47
23.86,44.8
18.2,31.44
24.55,41.56
22.42,38.47
27.72,58.42
24.8,45.29
20.98,38.31
21.64,39.47
17.97,35.98
23.85,42.53
17.1,31.48
17.41,31.39
23.59,42.53
23.49,45.18
22.32,42.32
23.09,41.94
25.84,50.65
27.11,56.24
17.35,29.05
10.0,16.96
13.64,23.02
14.4,22.99
9.58,13.06
10.62,15.75
20.21,33.91
12.26,20.39
6.67,12.22
9.65,15.57
6.12,10.3
6.12,11.64
6.33,11.76
5.18,8.88
4.92,6.87
1.93,3.0
1.47,2.52
1.91,3.07
1.97,3.07
1.9,2.21
2.0,4.03
2.91,4.07
2.46,3.88
4.46,7.19
6.65,8.67
7.77,11.57
9.25,15.29
9.01,15.92
13.35,20.04
15.65,25.7
16.9,30.28
16.06,25.86
14.29,21.62
12.81,19.14
14.58,22.21
21.48,35.41
19.17,30.97
26.51,54.47
29.67,65.27
21.7,45.62
22.4,46.92
29.96,74.66
27.2,58.29
29.49,64.65
38.2,104.57
34.98,87.18
28.46,57.26
24.9,49.86
19.57,35.22
25.51,52.83
14.47,28.06
24.77,55.99
21.13,39.8
20.43,39.91
23.12,44.5
23.35,47.14
17.7,34.37
14.13,24.74
10.69,16.48
10.42,14.15
10.83,17.06
8.73,13.15
3.5,5.56
3.19,4.45
6.43,8.64
4.71,5.93
3.62,5.24
4.68,5.92
4.86,6.46
9.96,17.62
13.21,23.95
12.0,21.1
24.6,52.08
35.45,81.88
40.18,100.41
45.49,144.61
47.45,116.85
52.95,110.1
51.32,152.86
49.89,138.55
41.62,101.65
40.43,100.17
34.73,99.73
34.23,87.01
34.16,84.66
36.27,84.73
31.11,87.62
33.91,84.83
34.04,75.99
34.97,89.54
34.05,66.56
30.57,59.2
38.58,105.84
38.51,103.79
36.33,88.56
34.92,64.04
29.42,57.78
34.21,72.84
35.91,76.74
36.42,65.39
37.69,69.91
32.71,56.49
32.79,56.56
29.56,49.03
25.48,45.98
30.42,48.72
28.8,48.67
27.27,43.94
19.64,37.68
24.4,43.98
11.68,17.16
12.88,21.97
12.24,21.9
10.39,15.24
6.27,6.64
3.49,5.14
15.12,22.16
16.33,24.05
10.54,24.2
10.47,23.62
11.91,20.85
17.33,33.64
29.36,66.98
24.7,56.09
31.36,70.01
31.01,68.42
34.85,86.28
32.2,66.67
28.33,59.39
27.33,59.67
27.63,59.44
25.7,55.46
26.5,55.7
27.46,59.56
30.21,75.21
33.27,83.72
33.25,76.05
30.44,65.78
32.69,66.08
37.8,98.62
38.42,104.95
38.51,103.61
38.89,102.44
37.6,106.79
37.88,95.95
34.28,72.72
35.57,76.62
36.16,65.16
37.58,70.8
32.49,49.31
22.64,37.64
24.0,49.01
20.67,35.86
22.98,48.16
28.6,48.99
20.8,44.63
18.07,29.02
15.36,29.36
10.35,16.78
12.0,19.03
15.37,25.17
9.4,14.08
9.46,14.33
10.91,18.28
10.09,15.67
8.87,15.12
7.15,13.6
9.17,13.82
19.21,34.12
14.07,22.03
9.54,14.15
10.48,15.2
20.93,34.87
13.65,21.28
13.53,22.39
11.9,16.16
13.3,17.93
5.93,9.3
5.91,8.51
8.22,11.96
8.35,12.15
10.25,15.61
12.81,22.16
17.45,31.89
12.83,19.55
15.96,25.25
13.06,19.91
14.37,22.07
15.43,23.81
13.16,20.51
16.89,24.73
33.5,64.27
36.02,76.46
34.29,83.88
35.38,75.56
36.05,65.37
37.46,71.29
32.57,60.32
24.27,50.36
26.33,52.76
25.94,50.59
22.83,49.02
22.02,49.02
19.78,38.99
16.4,29.34
12.99,21.29
7.28,14.83
6.0,7.91
10.39,14.04
7.97,10.74
8.06,10.67
6.9,9.96
5.93,7.1
5.3,6.76
6.47,7.43
6.04,6.9
5.28,6.77
6.83,9.72
5.59,6.79
7.45,12.41
8.9,15.93
13.28,18.85
13.26,18.14
21.66,34.82
6.0,11.23
14.18,23.16
14.06,23.9
19.54,39.23
17.3,39.0
21.31,49.29
15.22,38.76
24.54,60.98
18.9,41.2
16.0,34.83
18.08,41.46
21.6,45.64
20.03,45.48
17.73,40.49
30.84,66.58
31.96,65.8
21.3,44.43
19.06,39.78
15.97,33.36
16.04,33.34
15.62,33.17
14.58,31.46
14.01,27.2
15.11,28.55
18.79,38.25
11.0,23.22
13.18,27.38
9.97,16.93
6.15,13.8
9.01,16.36
6.26,11.58
5.59,9.89
12.19,22.62
5.86,11.47
4.11,7.01
4.29,7.94
4.61,8.39
4.41,6.38
6.06,10.2
7.88,12.25
9.57,13.21
13.27,19.03
25.14,58.1
33.99,77.48
35.04,96.31
34.49,91.36
34.28,101.16
33.38,89.54
32.31,86.02
30.81,78.19
30.18,68.9
33.6,77.89
32.06,86.48
35.9,86.02
31.16,87.63
31.19,77.46
33.41,78.14
33.4,77.05
31.86,80.22
34.55,85.88
30.28,68.68
35.02,88.19
38.82,103.86
31.14,77.31
38.03,93.03
34.36,72.54
35.63,76.85
25.77,64.13
15.88,32.79
15.04,32.52
18.59,36.67
22.59,49.5
15.22,32.52
16.42,32.23
17.23,32.27
11.79,18.58
12.05,18.1
10.21,19.52
4.63,6.65
6.19,6.59
15.42,23.64
5.4,6.84
5.77,5.59
5.98,6.54
6.23,6.32
8.78,11.72
11.21,14.87
9.26,15.3
22.92,46.07
27.73,58.29
30.16,67.01
32.63,75.34
31.44,97.03
32.38,90.64
33.96,103.07
30.74,82.63
32.72,84.92
31.08,76.4
31.43,76.35
28.4,65.94
32.0,84.02
30.28,67.97
30.82,77.01
30.9,76.05
36.52,89.25
30.26,67.73
30.39,66.81
34.57,84.81
38.53,105.09
38.55,103.61
34.57,87.54
34.03,66.14
34.46,75.6
29.98,58.87
28.16,58.67
25.26,42.29
23.61,37.94
23.24,36.23
20.49,30.62
18.59,26.11
16.59,21.51
15.97,21.76
13.77,19.02
9.78,12.65
8.98,10.84
6.9,9.37
6.05,7.02
5.69,6.55
4.91,5.66
4.15,5.2
4.69,5.43
3.85,5.69
3.65,4.74
3.95,4.93
5.45,7.58
5.65,9.11
6.39,10.59
8.42,13.81
12.13,20.68
11.1,16.09
11.85,16.27
15.03,22.49
16.21,25.02
19.4,30.74
15.67,22.1
13.5,18.35
16.7,24.47
17.83,27.94
14.47,22.04
11.79,18.13
10.2,14.61
10.94,15.62
10.02,13.47
10.34,13.37
9.95,13.46
10.84,15.28
11.36,17.27
10.81,15.39
8.56,12.41
8.27,10.2
9.45,12.18
9.43,11.94
8.24,10.86
6.49,7.93
7.44,9.25
6.45,7.44
6.2,6.99
6.35,7.05
5.08,5.85
5.43,5.4
4.53,4.59
4.36,4.31
3.23,3.03
3.69,3.57
2.79,2.03
2.9,2.28
2.35,1.78
2.79,1.82
2.1,0.62
2.87,1.87
2.37,1.69
3.09,2.64
3.52,2.45
4.03,4.07
3.51,5.92
3.76,6.01
6.63,11.04
7.42,13.81
6.7,10.66
6.81,11.37
6.45,11.37
6.65,12.53
6.32,10.79
5.09,9.2
8.03,13.77
7.83,13.97
9.38,16.25
6.97,15.16
6.97,13.33
7.23,13.0
7.23,13.0
7.25,13.78
6.99,13.27
6.8,12.49
8.28,15.62
7.04,12.23
7.88,12.94
9.55,15.68
7.67,12.2
6.29,10.42
4.75,7.87
4.55,8.17
5.92,8.45
4.52,7.26
4.27,7.26
3.91,6.14
3.28,5.0
3.08,5.35
2.71,4.12
2.88,4.37
2.88,4.37
2.39,3.44
1.88,2.96
1.78,2.12
0.91,1.22
1.85,2.04
1.42,1.65
0.96,1.41
0.73,1.59
0.8,1.38
0.8,1.58
1.4,1.46
1.39,3.31
2.64,5.48
3.59,7.5
6.17,11.78
7.64,13.81
7.96,15.61
10.14,19.62
8.98,17.35
12.26,22.74
10.75,19.82
9.49,18.12
11.04,20.16
12.74,25.36
13.08,23.12
19.72,36.76
15.65,30.6
12.27,23.16
16.67,34.58
20.9,41.08
22.33,43.41
20.9,41.08
20.88,43.03
24.67,49.53
24.67,48.96
22.31,40.24
19.12,33.6
23.86,40.43
23.84,39.87
25.9,55.17
20.13,33.16
21.89,39.14
15.79,24.22
18.39,33.96
16.49,33.98
28.83,48.08
18.68,28.8
10.61,16.91
9.36,15.04
3.62,6.52
3.57,6.55
3.54,6.63
3.25,5.46
5.09,8.36
13.91,20.62
11.53,20.15
15.41,22.61
10.38,13.86
6.63,11.46
3.59,7.61
14.78,39.07
27.4,69.15
30.52,67.32
36.96,63.5
31.52,59.79
24.96,38.63
33.3,65.34
19.66,27.71
9.75,13.55
11.11,15.98
10.99,15.81
10.97,15.66
10.75,15.29
10.63,15.49
10.48,15.82
9.95,15.03
10.94,16.41
9.92,16.1
10.47,17.03
11.71,19.13
11.2,15.74
13.04,17.76
12.79,18.85
13.42,19.59
15.25,26.82
16.49,24.1
16.95,26.11
20.38,31.32
14.96,21.81
15.01,21.68
13.4,19.9
11.2,15.77
8.76,13.0
8.58,12.9
10.41,16.99
11.49,16.86
9.76,13.02
5.29,7.53
4.88,6.21
5.1,8.05
3.23,3.79
3.11,3.36
2.71,2.96
2.61,2.4
2.55,2.39
2.67,2.73
3.3,3.67
3.92,4.65
5.46,5.78
7.36,8.37
8.9,10.9
8.29,10.0
8.76,11.28
8.4,10.75
8.51,10.84
6.72,8.07
5.92,8.33
5.79,8.15
6.59,9.33
6.32,8.95
6.18,8.89
6.17,9.53
6.46,9.53
6.37,10.58
5.66,9.37
5.36,7.93
5.4,8.4
6.24,8.45
6.11,9.4
5.54,8.18
6.05,10.39
6.05,10.39
6.06,10.21
5.41,9.17
5.21,8.23
6.16,10.18
6.08,10.06
4.46,6.77
3.37,5.74
3.42,5.26
2.48,3.96
2.47,3.55
2.75,3.59
1.9,3.01
1.59,3.23
0.68,1.86
0.6,1.28
0.8,1.77
1.08,1.25
0.9,1.22
0.91,1.27
0.91,1.27
1.36,1.88
1.52,2.61
3.03,4.78
3.32,2.09
4.58,4.09
5.53,6.36
6.34,9.32
10.38,14.43
9.89,15.15
15.5,24.27
14.53,22.01
18.22,28.24
11.16,16.18
11.23,17.23
11.76,17.45
11.41,16.83
11.27,17.42
11.7,18.4
9.07,14.89
9.98,16.31
10.21,16.53
9.8,16.12
13.25,25.81
16.33,26.24
12.62,18.93
15.87,24.56
19.35,34.46
28.22,49.93
27.85,54.45
19.55,27.17
22.02,31.0
17.37,24.14
17.85,26.85
21.63,29.9
16.3,21.92
15.37,21.71
13.58,20.03
15.49,21.78
9.22,10.84
9.85,12.21
9.94,13.58
4.22,4.08
4.73,4.65
3.55,3.37
9.57,12.12
11.04,15.43
3.87,3.76
5.17,5.52
6.29,7.33
5.82,5.01
4.96,5.17
6.72,8.17
8.1,9.69
8.82,12.1
9.57,11.66
9.97,13.38
13.27,20.8
12.04,18.47
10.43,16.34
8.6,13.38
8.27,14.32
6.99,11.63
7.46,11.76
7.04,12.77
7.39,12.95
6.53,10.42
8.29,14.54
6.79,10.41
6.46,10.82
9.51,13.6
8.51,13.6
8.22,13.6
7.89,12.94
7.13,12.94
7.05,12.91
6.91,12.91
7.16,12.01
7.19,12.07
7.19,12.02
9.65,14.42
8.2,11.86
9.23,10.72
8.54,10.86
9.54,12.0
8.12,10.48
9.58,13.59
10.01,11.75
10.31,11.74
10.19,11.29
10.51,11.29
11.92,13.92
10.54,11.54
9.47,11.82
9.08,9.54
7.82,8.86
9.0,9.36
10.05,11.95
11.97,13.34
16.25,22.07
19.29,27.55
18.47,27.03
19.0,27.55
18.81,29.16
17.18,24.3
13.32,21.26
14.66,22.89
12.76,19.78
12.64,18.92
12.51,19.94
12.66,19.94
12.3,19.08
11.52,17.08
9.7,16.24
9.61,15.18
11.33,18.88
13.28,21.68
11.31,19.74
13.64,21.68
16.31,31.23
14.61,23.79
14.74,25.65
11.36,19.09
8.47,15.07
7.19,12.54
6.21,8.83
7.85,12.82
6.11,10.39
6.2,10.39
4.98,9.24
4.95,8.34
3.59,6.14
2.91,4.94
3.23,5.4
3.48,6.54
3.11,4.83
2.5,4.04
2.04,3.77
1.8,3.06
1.0,2.23
1.45,2.61
1.1,1.88
1.5,2.39
1.41,1.94
1.02,2.61
0.92,2.2
2.25,4.13
2.34,3.58
2.03,2.06
3.82,5.25
4.86,8.0
6.25,10.16
9.25,14.25
10.05,17.16
10.21,19.25
10.31,17.48
11.38,18.89
10.8,18.66
10.19,17.44
11.76,19.74
10.15,18.83
13.7,26.67
11.31,20.95
10.26,18.87
13.74,26.16
12.89,23.31
16.34,35.18
17.02,30.66
13.52,23.97
12.05,22.97
13.51,23.11
13.51,23.72
10.32,18.06
10.26,17.83
11.33,19.73
9.14,15.04
9.03,15.38
8.65,11.46
5.7,7.84
8.58,12.68
8.24,12.61
7.33,10.38
10.2,14.71
7.39,9.57
7.33,9.03
5.8,10.26
2.99,4.23
8.0,10.29
9.48,13.57
3.01,3.35
2.32,2.97
3.44,4.6
4.42,5.22
4.09,5.03
3.86,5.01
5.46,7.2
5.45,7.37
6.19,9.92
8.86,14.23
15.35,23.03
24.15,37.9
21.41,31.62
24.03,38.46
20.31,30.93
16.36,23.11
16.08,23.38
24.22,42.18
20.11,35.23
18.88,31.18
14.95,24.59
12.9,20.31
21.11,31.93
11.18,17.62
10.34,17.04
15.53,24.38
17.23,30.39
15.75,26.37
13.03,22.63
12.75,21.19
11.45,16.71
12.11,17.62
13.96,22.3
16.22,24.78
13.44,29.34
16.08,22.11
22.38,35.17
17.27,23.55
19.86,29.94
25.18,44.0
23.03,47.36
28.86,48.57
27.78,44.66
31.94,45.87
27.92,45.33
23.39,39.02
19.54,27.01
16.0,27.89
12.6,22.61
13.03,20.9
14.96,21.85
15.53,22.86
16.34,24.21
18.7,25.0
18.5,25.87
18.78,25.01
26.44,50.68
20.39,34.07
23.48,40.88
32.78,65.05
27.41,48.32
22.8,45.51
25.54,47.94
30.07,59.85
31.13,77.15
33.82,78.39
34.2,86.85
33.53,76.09
31.86,59.95
17.77,29.15
13.76,19.24
14.62,20.25
15.15,22.55
13.22,19.73
14.31,21.68
13.72,19.66
13.03,19.45
14.64,21.82
18.83,25.46
14.55,19.64
19.71,25.98
18.83,25.77
17.34,25.37
19.38,25.37
21.24,29.39
14.43,19.35
13.6,20.21
13.55,18.4
13.13,19.57
13.02,19.0
11.16,14.03
14.17,18.69
7.66,9.56
8.62,10.64
4.84,6.23
5.55,6.17
4.8,6.34
4.01,4.97
4.18,4.92
3.66,4.68
6.9,9.18
3.5,4.27
2.45,3.71
3.45,3.36
3.9,3.92
4.06,4.07
3.6,2.67
3.72,3.47
4.14,4.71
4.4,3.22
3.84,3.56
3.06,3.75
2.99,3.88
3.56,3.97
3.62,4.11
5.13,7.14
5.58,6.83
5.39,7.86
8.54,12.11
8.73,12.43
6.62,9.92
6.92,10.21
7.33,10.94
7.17,10.48
8.13,10.95
5.77,7.86
5.78,7.86
5.38,7.47
6.5,9.21
5.36,8.03
5.24,6.94
4.63,5.9
5.05,7.1
6.05,8.26
4.69,6.47
4.55,6.0
3.9,5.52
3.12,4.46
2.79,3.61
1.96,2.47
1.48,1.8
0.86,1.09
0.83,1.12
0.58,1.16
0.91,1.12
0.91,1.12
0.28,0.14
0.64,1.16
0.7,1.27
0.71,1.27
0.6,0.24
1.07,1.35
2.39,1.77
4.03,5.94
5.79,9.03
7.73,13.12
8.29,13.89
8.54,13.52
8.59,14.98
6.78,11.41
8.38,13.99
8.35,13.88
7.51,13.1
7.6,13.17
8.61,15.14
8.41,14.05
9.81,18.46
8.69,15.84
7.55,13.78
8.69,13.82
9.76,16.68
10.08,17.41
8.8,15.27
8.07,13.16
6.68,10.75
6.41,10.75
6.7,9.48
6.69,10.48
6.58,9.44
5.39,8.27
5.07,8.1
4.19,7.08
5.17,7.44
5.17,7.44
4.39,7.27
3.42,6.61
2.81,4.08
2.79,4.08
2.68,3.64
2.26,3.11
2.05,2.38
2.38,3.13
2.93,3.6
2.93,3.72
1.47,2.38
1.32,1.98
1.61,1.88
2.73,3.56
5.06,6.42
6.3,7.64
8.37,10.32
8.3,11.93
11.28,16.32
14.15,20.38
17.31,28.28
27.25,53.92
20.22,31.15
17.09,24.47
13.47,20.25
13.47,20.21
19.39,29.15
12.82,19.6
17.11,27.8
17.71,28.94
17.28,28.73
18.6,30.87
18.6,30.87
16.5,27.24
17.41,31.09
14.09,22.97
18.56,28.01
16.72,28.59
12.79,16.67
12.7,16.92
10.28,13.53
11.12,14.76
11.79,16.94
10.23,13.6
11.09,13.74
8.91,12.61
8.58,10.89
6.77,10.03
5.92,8.15
5.81,7.81
4.63,6.85
3.22,3.83
2.67,3.93
2.14,2.21
1.9,2.21
1.84,2.14
1.91,1.9
1.86,2.15
1.9,1.98
2.17,2.35
1.67,1.77
1.98,2.41
2.9,2.35
3.06,2.54
3.86,3.77
4.42,5.35
4.64,7.13
6.23,10.09
4.96,8.98
6.55,12.66
5.79,10.3
4.93,7.79
5.65,8.9
7.04,11.61
8.68,13.88
9.85,16.48
10.4,16.23
7.59,11.74
5.58,9.82
6.54,10.92
6.81,11.4
9.55,13.6
9.55,13.6
9.68,13.82
8.36,12.28
9.8,13.99
8.29,12.14
9.17,12.91
6.58,10.42
5.35,7.41
5.35,7.84
6.77,9.09
6.19,8.65
5.04,6.95
4.06,5.69
6.13,8.2
4.87,6.61
3.75,4.86
3.58,4.41
3.9,4.31
2.13,2.4
2.15,2.4
1.83,1.85
2.31,2.27
1.88,1.42
2.06,1.42
1.85,1.75
1.85,1.75
1.44,1.73
1.52,1.38
2.49,1.85
2.82,2.35
2.65,2.06
4.69,6.4
4.73,6.38
5.42,8.1
5.6,8.17
5.54,8.64
6.34,10.3
3.66,5.35
4.16,6.36
4.87,7.98
4.34,8.01
4.87,9.2
5.24,9.14
5.27,8.34
5.38,9.82
5.3,8.85
4.43,8.28
4.37,8.74
4.83,10.31
5.25,9.08
5.15,9.05
6.25,11.9
5.63,10.66
9.23,17.35
9.26,15.79
7.73,13.52
8.04,12.64
6.88,10.72
7.06,11.87
6.05,9.4
4.36,5.9
3.49,5.9
3.6,5.35
3.2,4.9
3.64,4.94
2.94,4.13
2.51,2.62
2.64,2.94
1.75,1.9
1.81,1.9
1.48,1.64
2.27,2.81
1.65,1.36
1.62,1.71
1.09,1.72
2.25,2.61
3.56,3.82
3.78,5.11
5.2,7.03
8.95,13.95
14.05,21.29
14.51,21.34
19.54,30.8
25.76,44.42
30.66,58.05
29.47,58.05
34.66,65.4
25.15,44.59
24.86,44.79
27.0,54.2
23.75,37.84
22.67,37.84
17.93,30.97
13.63,22.36
14.11,22.41
11.98,20.38
13.19,21.7
13.06,20.66
14.66,23.14
10.43,16.1
11.88,17.43
13.05,20.05
13.86,20.37
12.71,16.78
16.92,24.15
13.49,19.54
13.43,19.54
11.52,15.26
11.93,17.11
13.0,19.02
14.32,21.17
14.59,23.53
12.49,19.13
13.16,19.3
7.64,11.96
4.51,6.98
4.99,7.63
2.67,5.1
3.34,4.97
3.81,4.7
3.13,3.33
3.93,5.17
5.1,5.58
3.85,3.9
4.39,4.2
3.31,3.28
3.4,2.71
3.03,1.91
2.55,1.93
2.97,3.38
2.99,2.67
2.93,3.92
2.38,2.71
3.57,3.61
3.54,4.14
3.71,5.51
3.28,4.62
3.39,4.62
3.89,6.19
2.69,4.04
4.03,6.19
3.23,4.69
3.23,4.62
3.43,6.19
2.84,4.6
2.74,4.53
2.64,3.56
2.64,3.56
2.24,2.77
2.62,3.94
2.6,3.45
2.75,3.85
3.97,5.9
1.99,3.3
2.63,4.34
3.1,5.12
2.6,4.27
2.19,3.3
2.11,3.67
2.58,4.74
1.73,2.88
1.85,2.88
2.47,3.96
0.76,1.2
0.31,-0.05
1.15,1.5
1.24,1.25
1.78,1.48
0.42,0.14
0.88,1.14
0.36,0.2
0.36,0.2
0.5,0.21
0.79,1.29
0.58,0.21
0.57,0.21
1.42,1.49
2.25,2.62
1.39,1.32
1.36,2.12
1.65,2.3
2.02,3.56
2.52,3.81
3.04,3.92
3.94,6.82
3.75,6.22
3.95,7.72
3.69,6.22
4.34,8.61
5.51,8.94
6.24,10.03
6.3,11.07
5.67,9.11
6.94,10.03
6.46,8.87
6.62,10.55
15.41,23.4
13.09,19.03
17.09,25.0
20.35,29.42
20.35,29.6
18.65,23.75
16.2,21.56
17.03,22.2
14.65,20.53
10.61,13.97
11.42,17.33
17.08,24.64
27.69,43.88
32.14,45.5
27.73,44.69
13.35,21.66
12.53,20.4
10.83,15.51
9.51,11.16
6.52,8.88
6.35,8.11
4.75,6.38
5.11,7.29
14.35,18.51
15.76,24.91
15.95,26.75
9.51,18.66
20.41,43.43
32.86,71.28
40.8,96.94
53.34,110.56
41.68,100.36
49.95,138.49
41.46,101.61
37.27,81.59
34.82,102.19
33.78,79.68
34.18,86.41
35.99,87.79
31.12,89.16
33.98,86.65
35.18,89.22
34.79,91.24
35.15,107.17
37.83,98.94
36.94,88.76
36.13,89.83
36.39,88.77
33.32,64.03
35.01,74.26
35.24,61.22
26.56,48.09
19.46,25.0
22.82,35.06
17.35,23.97
13.68,20.26
11.97,16.75
10.24,13.73
13.43,19.06
13.34,21.31
9.08,13.07
5.57,7.32
4.36,5.4
3.24,3.6
4.03,4.6
16.23,30.83
3.14,4.22
4.1,4.5
3.78,5.45
2.28,2.88
2.2,3.59
2.5,3.59
3.83,3.69
3.83,4.39
6.34,8.05
8.25,11.1
12.08,17.32
21.99,36.81
11.74,18.2
30.23,51.13
39.57,86.85
41.31,100.48
37.3,76.7
34.81,100.95
33.78,77.32
33.38,77.34
32.4,68.2
32.52,78.26
30.2,68.8
10.57,18.18
10.55,17.56
7.14,11.68
9.72,16.75
9.12,17.98
8.06,14.96
9.37,15.85
7.57,12.91
11.15,18.67
9.61,13.59
12.08,17.74
10.89,14.9
13.48,19.81
12.43,18.66
10.75,13.15
11.62,16.3
12.58,18.72
13.9,21.22
8.28,11.11
5.45,7.06
4.28,5.59
3.57,5.53
3.0,3.91
1.82,2.1
2.24,3.09
3.49,3.65
2.12,2.39
1.48,1.39
1.9,2.11
2.0,1.88
2.35,1.88
5.13,4.55
7.81,10.44
12.0,18.84
20.44,41.18
18.68,34.47
17.52,32.44
20.67,41.67
26.04,51.62
22.33,37.71
24.7,42.46
17.91,29.43
24.95,42.73
23.81,42.73
27.38,52.3
22.86,42.12
14.16,22.39
17.7,33.0
12.69,21.87
16.25,26.35
11.84,18.52
16.7,27.87
12.88,21.5
15.82,25.38
17.17,30.28
23.73,40.97
23.77,40.97
19.17,29.86
15.59,23.64
13.71,20.84
13.01,17.01
11.59,15.79
11.64,15.79
9.85,11.48
12.98,17.4
9.55,14.54
6.46,8.76
5.86,8.56
4.52,5.57
4.48,6.6
2.15,2.21
2.43,2.76
2.99,3.63
2.96,3.22
3.03,2.95
2.21,2.1
2.49,2.53
4.24,4.36
8.12,9.96
15.45,24.04
22.12,38.19
20.85,35.37
34.04,71.4
41.9,77.65
37.84,96.68
34.62,89.36
34.44,85.97
33.95,88.59
31.22,67.77
30.39,77.19
34.68,101.17
29.74,68.12
34.06,84.71
35.52,85.06
31.21,76.38
21.48,41.57
15.56,25.45
15.46,26.16
10.46,16.57
11.79,17.62
12.02,17.93
11.5,18.57
12.9,20.18
12.9,19.45
14.17,20.98
13.37,19.22
14.8,21.67
11.68,16.1
12.84,15.46
11.62,16.1
10.05,12.92
9.68,12.14
10.08,13.23
10.02,13.05
9.62,12.06
11.82,17.8
9.2,12.01
10.11,13.52
4.4,5.47
4.02,3.86
5.03,5.75
3.63,2.89
4.11,3.71
3.85,3.69
3.75,3.25
4.37,6.08
4.9,4.96
6.6,7.64
7.7,10.71
8.87,14.57
9.83,17.07
15.76,27.73
15.86,26.82
17.34,30.51
19.37,35.18
17.73,31.2
11.62,18.68
10.75,16.64
19.14,31.58
10.75,15.79
14.99,24.94
18.67,31.05
10.39,15.29
10.52,17.81
10.25,16.4
10.4,16.05
11.48,19.18
8.53,15.26
13.33,21.83
15.81,25.78
19.31,31.76
18.96,29.75
17.01,26.28
15.19,21.33
23.56,35.41
16.5,23.34
12.93,19.26
14.86,23.88
14.69,21.83
8.73,12.45
6.56,9.42
7.97,13.0
5.8,10.09
5.57,8.49
4.56,6.82
5.32,8.99
5.16,8.0
4.59,7.56
3.03,4.32
2.05,3.98
1.24,2.52
1.46,2.65
0.93,2.27
1.88,3.61
2.25,3.19
2.34,3.44
0.6,1.48
1.76,2.67
1.48,1.74
2.28,3.29
3.41,4.53
2.76,2.88
3.57,4.51
5.45,6.31
5.67,6.91
3.95,6.25
4.41,6.57
5.57,9.14
5.52,9.09
4.25,6.76
4.45,7.91
9.54,15.21
7.27,11.68
5.36,8.93
4.29,7.82
4.37,7.87
6.24,9.61
5.33,7.66
6.53,10.67
6.21,8.47
7.87,11.02
9.73,14.31
9.79,14.85
10.06,14.92
9.82,14.38
7.03,12.13
6.88,10.98
5.82,8.25
5.81,8.25
6.63,10.51
6.63,10.51
6.35,9.51
5.23,7.34
3.38,4.25
2.74,4.25
2.83,3.6
2.37,3.64
1.74,2.72
2.1,2.16
1.76,2.25
1.45,2.0
1.48,2.02
2.54,3.3
3.15,3.19
3.26,2.92
3.48,3.26
2.87,2.47
3.34,3.16
4.42,4.44
5.19,5.67
8.12,9.47
3.97,4.22
10.74,15.27
8.64,10.94
6.49,7.87
6.37,8.65
6.35,8.9
13.61,20.36
14.4,21.04
11.48,18.07
13.53,20.0
13.44,17.84
16.42,22.4
8.91,11.82
10.38,14.86
10.22,13.1
11.22,15.1
9.93,12.88
8.63,10.7
9.03,12.58
7.38,10.08
11.99,14.82
11.85,14.76
11.05,13.4
10.24,13.1
9.56,11.99
7.77,9.67
6.71,8.27
5.51,6.75
3.29,4.27
5.42,5.8
5.85,6.86
3.15,4.02
1.85,1.66
2.11,1.84
1.74,1.54
2.08,2.15
1.85,1.59
1.87,1.76
2.44,2.6
2.52,3.19
5.0,5.75
4.23,6.89
6.14,10.87
7.54,14.48
8.53,13.99
9.47,20.11
10.38,21.26
12.45,21.8
13.48,24.05
12.29,21.6
12.28,21.98
15.97,28.35
10.5,20.14
9.73,17.2
8.47,16.25
8.23,15.58
7.13,16.55
12.61,24.81
9.62,22.26
8.14,17.77
12.77,26.49
13.59,23.84
13.9,29.19
15.28,27.64
16.8,29.3
15.72,26.36
11.22,17.76
10.05,14.8
8.65,13.25
8.66,13.46
8.79,13.34
4.66,7.4
4.81,8.67
4.08,6.92
4.33,6.97
5.78,8.61
9.18,13.79
5.91,7.97
5.48,8.31
2.21,3.0
3.03,3.71
2.43,3.63
1.27,1.92
1.45,2.11
1.3,1.96
1.65,2.15
3.34,3.88
3.34,3.88
5.18,6.86
6.75,9.85
5.16,6.88
4.67,6.4
6.28,7.13
7.43,9.36
7.3,11.74
7.29,11.7
6.49,10.79
6.45,8.99
9.94,14.41
9.86,15.98
7.61,13.95
9.8,16.65
8.43,14.57
9.44,16.25
6.84,12.59
7.81,14.54
8.35,15.62
7.35,12.89
9.22,15.92
7.15,15.62
9.23,16.19
9.39,17.27
7.61,12.91
7.09,10.99
6.07,9.39
7.19,10.87
9.33,12.83
11.19,15.26
8.39,12.03
5.86,8.7
6.08,8.79
6.28,8.54
6.23,9.42
6.95,9.44
7.47,11.44
7.42,10.6
4.75,6.68
2.73,3.57
3.11,4.08
2.97,3.71
3.06,3.25
3.05,3.69
3.09,3.44
2.3,2.82
2.44,2.85
3.34,4.33
6.89,10.38
9.97,14.65
6.16,7.27
7.23,11.54
8.26,12.37
9.15,14.57
10.01,15.94
11.62,18.75
12.95,19.78
8.84,13.68
8.06,13.31
6.92,11.61
6.64,11.61
6.86,11.61
6.3,9.82
6.22,9.82
6.53,10.91
5.52,9.22
5.6,8.78
6.53,11.39
12.33,21.05
8.11,13.64
7.91,12.94
6.61,10.74
6.59,10.66
7.9,12.27
7.93,10.87
8.28,11.97
7.04,10.72
8.28,11.91
7.82,10.77
5.08,7.02
5.06,6.96
5.08,6.96
3.31,5.4
4.31,5.85
2.92,3.69
2.86,3.77
2.6,3.6
1.98,3.0
2.07,2.63
1.84,2.98
1.83,1.72
2.17,2.23
2.2,2.35
2.39,2.93
2.0,2.15
2.09,2.15
3.1,2.59
4.55,6.32
6.85,9.91
7.94,11.92
10.49,16.03
15.76,22.94
18.87,30.97
22.88,37.18
17.92,29.49
13.8,21.31
14.14,21.73
14.57,23.69
11.1,18.03
10.13,15.77
11.1,18.03
11.8,20.07
7.81,13.56
7.73,12.35
9.25,15.15
7.16,11.85
10.62,16.68
10.54,17.41
10.54,16.42
10.44,16.42
6.65,10.71
9.92,14.33
7.0,10.03
6.68,10.48
8.15,11.98
7.09,10.84
8.28,11.8
6.26,8.07
6.02,8.7
7.2,10.86
9.17,11.63
5.95,8.04
7.04,8.83
5.38,5.97
5.22,5.52
2.82,3.17
2.47,3.2
2.98,3.69
2.29,2.33
2.57,2.81
2.72,2.72
2.37,2.45
3.66,3.87
2.86,2.86
4.58,6.07
5.77,9.83
9.38,14.61
16.75,27.35
21.76,36.85
25.99,45.37
28.8,48.44
27.24,46.32
20.93,35.69
15.91,22.84
19.34,29.29
17.26,27.13
15.33,25.41
18.11,29.5
11.32,18.49
13.94,24.58
11.95,19.83
10.89,18.87
11.98,20.62
11.98,19.83
13.79,23.75
14.52,24.11
14.72,23.42
19.78,31.32
23.59,41.35
19.21,30.93
19.61,30.14
20.27,30.49
16.65,23.86
17.39,24.52
17.52,25.6
10.61,14.57
10.03,13.5
8.95,12.82
9.61,13.0
10.77,15.07
10.06,13.89
7.32,9.68
5.7,7.22
5.27,6.75
3.61,4.83
3.12,4.63
3.05,3.79
4.91,6.52
4.82,6.92
3.08,4.32
3.24,3.89
3.27,3.97
3.36,4.27
3.43,4.68
4.75,6.63
5.8,7.78
5.21,8.1
10.39,16.14
5.29,7.28
7.19,12.05
8.4,12.28
10.0,14.62
10.35,16.52
10.51,17.33
16.62,28.23
14.74,23.61
11.99,19.43
13.7,22.1
14.74,23.7
15.01,23.36
14.76,23.7
14.76,21.6
13.9,21.93
17.76,30.78
17.83,29.29
19.75,31.19
19.15,30.04
19.34,28.25
22.63,36.82
20.8,35.82
19.95,31.81
16.49,26.43
15.17,25.56
14.19,20.05
16.11,23.17
15.08,21.06
14.07,22.26
12.75,18.5
12.17,17.44
13.17,17.55
11.52,15.36
11.47,16.97
9.93,13.49
10.5,13.86
9.32,12.61
7.85,9.94
7.67,10.82
7.84,12.86
6.93,9.61
8.08,11.34
9.52,11.8
7.97,12.01
8.13,10.16
7.46,9.1
7.96,9.53
8.05,11.01
8.19,9.97
10.81,13.48
7.42,9.59
9.83,12.17
9.9,12.19
10.08,14.27
11.7,17.56
14.65,21.58
15.07,24.2
17.85,30.43
19.48,35.1
22.24,37.53
23.44,42.16
24.56,45.54
19.57,36.71
19.38,33.19
19.52,36.88
20.72,36.42
22.21,37.94
25.32,51.17
28.57,58.34
24.5,46.98
23.67,44.1
22.23,42.24
22.19,43.56
19.22,31.65
16.08,26.31
20.48,35.03
18.71,29.29
20.08,35.26
18.95,33.79
13.4,20.14
12.92,18.13
9.88,13.0
12.63,21.74
10.41,14.0
9.6,15.16
8.27,16.26
6.47,7.55
8.23,11.49
11.26,18.0
12.64,24.14
15.43,23.01
22.45,41.89
17.67,26.81
21.88,51.44
23.65,47.35
27.11,51.24
31.77,66.97
31.75,66.48
31.63,65.36
31.81,65.42
27.34,59.44
25.23,48.78
33.15,65.83
32.04,65.53
32.26,66.77
31.15,75.15
33.27,83.96
33.07,75.82
32.19,65.87
30.51,66.57
33.21,66.54
32.75,66.99
23.31,44.89
13.87,22.44
11.8,21.26
16.39,29.42
13.35,22.61
13.63,25.88
11.56,15.96
12.83,18.81
12.7,19.84
10.45,15.24
11.11,15.65
9.81,14.06
7.57,10.64
5.85,9.23
8.97,12.7
6.13,8.55
8.26,11.24
7.0,9.5
6.08,6.8
6.04,7.87
3.73,4.09
3.63,4.09
3.23,4.11
4.26,4.64
5.53,5.66
3.82,4.3
5.96,7.64
7.36,8.95
4.71,5.31
5.75,7.68
6.79,9.49
9.02,14.19
10.09,16.25
9.7,15.26
8.06,13.47
6.75,11.41
6.33,9.98
9.58,14.83
8.44,13.88
8.47,13.99
6.89,10.92
9.38,15.22
7.15,13.41
8.0,13.06
7.01,11.44
6.53,10.35
8.48,15.12
12.49,19.98
12.82,21.13
17.12,30.63
25.87,49.51
22.82,36.41
31.99,60.81
27.52,56.56
27.34,57.87
26.03,51.39
20.97,37.53
19.95,36.19
19.14,35.83
17.73,35.52
13.77,23.19
11.04,15.7
10.35,14.93
8.45,9.64
6.63,9.56
4.18,4.5
3.15,3.94
3.13,3.69
1.43,1.36
1.55,1.53
1.49,1.39
1.88,2.82
3.25,3.31
3.63,4.71
3.97,4.1
9.32,12.6
12.79,18.61
15.43,24.8
34.01,73.86
34.96,73.55
33.17,78.43
32.52,65.08
39.18,87.34
39.27,83.81
40.22,99.72
33.79,77.78
33.88,76.15
30.33,67.11
30.25,67.9
29.92,67.9
22.73,56.74
29.93,67.31
23.53,60.97
21.7,48.3
22.42,50.49
22.5,57.8
34.25,87.63
34.19,87.85
37.39,103.86
37.56,96.0
30.06,66.26
34.35,76.46
30.5,64.92
30.52,65.04
21.67,46.07
30.05,53.41
20.16,32.78
13.33,20.18
11.11,17.62
13.93,20.01
16.02,23.1
7.83,10.74
10.77,13.88
10.07,11.8
4.64,4.39
2.13,2.75
2.52,3.11
4.07,4.46
4.87,5.92
4.74,5.7
4.03,4.87
6.21,9.76
4.27,5.07
5.72,8.55
5.98,8.01
11.89,18.86
14.51,22.78
18.34,35.26
18.9,31.25
19.12,31.38
19.93,31.5
16.21,24.71
18.35,37.99
17.06,29.29
13.27,23.43
10.29,19.08
9.14,16.79
9.11,16.86
9.78,16.21
8.3,14.76
9.59,18.01
11.3,20.44
9.23,16.55
11.3,20.37
10.58,19.58
9.55,17.52
10.39,17.58
7.07,12.2
9.26,13.52
10.31,15.2
9.33,13.62
9.64,13.83
8.27,12.03
6.1,8.7
6.08,8.7
6.21,8.79
4.7,6.97
4.1,6.57
2.73,4.38
4.34,5.69
2.41,3.6
1.27,2.5
1.25,2.46
1.25,2.21
2.13,3.01
0.58,1.22
0.94,2.0
1.86,2.78
1.28,1.6
1.61,2.21
2.55,2.75
2.21,3.17
3.23,4.8
2.8,4.41
5.38,10.05
7.19,11.78
9.38,15.3
13.62,22.47
9.76,15.89
8.25,13.79
8.61,13.98
8.35,13.88
8.62,13.99
14.2,23.58
16.58,28.74
23.69,43.45
28.14,58.02
36.58,88.2
34.96,88.76
35.25,79.33
31.09,67.19
30.61,67.32
26.63,59.47
23.2,57.03
18.39,55.46
24.7,58.18
14.39,33.13
15.6,37.11
17.27,38.1
17.22,46.82
23.51,52.5
18.31,37.99
28.12,51.12
24.29,50.14
21.46,49.09
13.91,24.31
19.35,37.77
14.35,23.71
8.66,13.77
20.18,24.19
12.92,21.68
11.99,20.98
12.35,22.06
12.78,20.51
14.13,20.82
3.95,5.85
5.25,7.75
3.31,4.58
2.61,4.58
2.12,2.52
3.47,3.82
4.27,5.15
5.04,9.49
6.26,7.85
7.22,13.64
9.76,14.23
6.75,9.62
8.7,12.78
7.27,10.66
7.06,9.84
7.14,10.66
8.9,14.78
6.16,11.13
7.17,11.85
7.24,12.85
6.4,11.31
6.2,10.16
6.61,12.35
10.35,15.93
9.67,13.85
8.52,13.11
9.65,13.16
10.2,14.59
10.58,15.22
15.62,22.93
10.17,14.23
13.32,18.52
12.75,17.54
11.42,16.78
7.44,11.24
5.96,8.15
7.72,10.28
7.5,11.57
4.78,7.78
4.43,6.05
5.23,7.38
4.3,5.89
5.05,6.69
4.54,4.89
4.06,6.13
6.05,8.67
5.59,6.45
11.07,19.55
9.28,13.28
5.6,7.05
5.06,8.11
4.92,6.38
5.58,7.11
4.91,6.73
5.24,6.73
6.03,7.66
6.02,8.71
10.88,18.75
12.86,17.69
17.23,25.03
19.66,32.61
25.81,46.42
25.12,46.27
27.68,57.47
22.86,44.36
22.94,44.75
20.45,45.34
22.65,45.49
22.85,45.49
23.44,54.05
10.66,22.13
12.28,28.23
14.21,30.59
14.27,33.57
16.95,34.05
18.69,39.51
22.16,43.31
31.58,62.36
26.29,53.72
24.36,49.35
12.13,16.69
8.91,13.56
6.36,9.68
9.93,15.1
8.25,12.59
12.47,16.64
16.56,23.28
19.73,36.24
19.34,36.45
14.16,21.45
7.48,10.76
2.45,3.57
3.98,5.0
5.15,5.75
3.08,3.52
2.09,2.61
1.27,1.56
2.06,2.6
1.61,1.77
3.08,3.29
3.64,4.05
5.1,6.89
8.47,15.44
14.43,22.66
15.47,26.58
16.09,29.86
16.51,30.56
15.81,28.07
13.46,21.64
10.26,17.01
8.95,13.88
10.73,17.27
10.03,18.87
9.16,17.2
7.13,13.45
11.12,20.37
9.87,18.78
8.24,16.55
7.08,13.6
7.99,17.77
8.22,14.44
8.23,14.96
7.83,12.94
8.16,14.39
10.87,17.52
12.8,21.04
16.63,29.86
21.57,45.86
21.72,35.59
22.57,50.9
19.02,30.39
30.11,47.98
14.07,21.41
16.4,23.8
15.98,23.8
18.7,28.9
14.44,20.03
14.92,23.12
5.51,7.04
4.92,6.13
4.97,5.73
3.49,4.65
3.26,3.76
3.36,4.56
3.44,5.09
4.09,5.65
4.52,6.04
5.85,9.96
7.8,13.13
11.15,16.84
14.22,22.5
22.09,38.17
33.52,68.87
53.02,110.02
41.48,98.43
51.29,138.56
41.61,101.68
40.8,101.12
34.89,101.01
34.31,87.26
31.75,77.86
30.84,66.87
30.0,67.25
32.28,77.5
36.75,89.12
34.79,89.83
35.16,80.33
29.4,60.91
27.79,57.57
19.89,34.48
22.86,44.12
27.58,54.84
36.64,92.22
28.8,57.49
27.57,58.14
29.7,65.18
29.54,64.67
21.13,44.86
31.72,56.49
23.23,42.72
6.41,10.19
3.46,7.45
4.04,7.01
3.33,5.62
2.18,3.67
3.08,6.27
1.6,2.96
2.76,3.14
1.74,3.34
1.07,1.39
0.71,1.61
0.93,1.8
0.67,1.59
0.99,1.57
0.76,1.58
1.88,2.43
2.21,2.88
4.5,6.36
5.67,9.88
6.25,9.38
7.65,11.12
7.08,13.08
8.4,13.48
8.74,14.16
7.04,11.83
10.17,16.97
7.89,12.43
7.21,12.04
8.74,14.71
6.87,10.87
5.85,11.5
5.9,10.96
8.13,13.74
6.54,11.39
8.3,13.84
8.83,15.84
13.18,23.57
10.84,17.9
8.64,13.28
13.07,19.19
13.43,22.75
12.94,19.71
11.69,19.25
11.0,16.34
10.99,15.37
8.51,13.03
8.51,13.05
6.97,10.53
6.57,10.74
5.94,8.36
6.33,9.06
5.73,6.8
5.29,6.0
5.94,7.02
4.48,4.72
4.76,5.33
5.59,5.96
3.7,3.67
3.06,3.24
3.68,3.77
3.23,3.3
3.74,3.88
3.63,3.88
5.14,6.39
6.38,7.2
6.73,8.76
13.23,19.68
13.82,19.96
39.97,82.85
32.88,64.7
34.9,65.34
30.75,59.66
27.93,52.08
22.76,39.26
21.41,43.11
13.87,23.95
10.72,19.41
8.86,14.58
7.04,11.6
8.47,13.74
11.32,18.49
10.03,16.18
6.81,11.39
14.85,23.19
30.34,57.91
35.11,86.28
34.64,64.0
20.97,35.48
21.72,37.71
16.62,23.96
11.46,16.85
11.1,15.15
8.42,12.09
10.76,15.05
9.54,14.43
10.72,15.05
8.29,11.19
8.32,12.47
10.5,14.49
7.23,10.55
5.71,8.52
4.29,6.32
2.88,4.68
2.32,3.59
3.03,5.02
1.18,1.82
2.97,3.76
2.02,2.89
1.99,3.57
1.98,3.12
1.67,2.47
4.83,7.2
5.81,7.88
8.03,12.58
11.62,18.0
16.06,30.21
18.9,32.27
17.83,30.38
24.0,41.77
18.88,53.26
15.12,25.48
16.79,35.61
10.52,15.44
10.52,15.98
8.71,13.32
8.65,14.61
6.91,11.5
8.77,13.92
8.43,13.15
6.93,11.4
9.94,15.49
10.03,16.69
10.91,18.25
12.78,22.99
11.63,17.97
10.93,17.84
12.28,19.85
9.97,14.45
14.39,20.91
23.67,39.83
14.35,20.37
13.1,17.79
14.46,20.44
16.68,22.11
13.16,18.04
18.74,25.17
16.87,25.17
19.95,36.69
18.6,31.7
22.46,29.68
23.21,39.0
19.31,26.7
12.35,22.04
11.34,15.89
9.57,12.41
14.62,19.66
15.42,22.34
16.08,23.34
18.55,24.5
22.77,41.87
27.74,62.85
34.53,72.8
32.23,58.87
36.54,71.16
39.54,91.46
33.73,79.34
34.39,101.63
39.89,88.96
33.11,85.76
40.72,100.93
34.84,101.08
24.35,48.66
22.13,42.08
18.76,32.82
16.73,25.79
15.14,22.88
15.37,22.55
17.63,31.55
15.08,22.35
11.96,20.48
13.84,21.95
20.33,31.32
20.83,35.3
17.9,26.15
20.78,31.71
22.86,36.98
35.71,75.38
36.18,63.61
37.74,69.91
32.89,57.07
33.36,56.1
29.65,52.05
26.75,50.47
31.71,53.18
29.37,50.09
27.43,45.0
18.92,34.59
27.46,44.88
13.83,23.43
19.21,27.87
16.19,28.83
12.43,22.26
12.73,20.82
14.58,21.79
15.38,22.56
15.91,23.9
17.22,22.83
18.69,27.41
20.07,33.45
18.17,24.98
14.29,20.51
25.24,42.94
28.01,47.1
30.41,55.16
22.31,39.08
22.17,39.0
24.71,45.51
24.09,45.61
22.73,41.37
23.16,53.43
17.99,37.73
22.76,45.39
23.59,53.17
23.97,54.03
26.13,56.62
23.8,54.13
24.29,49.1
21.6,41.15
24.3,48.86
20.35,38.21
24.0,49.97
19.78,39.8
20.84,45.71
22.16,48.21
24.26,55.19
22.12,48.05
24.73,52.03
25.52,52.67
21.63,38.23
17.67,32.58
23.24,42.51
22.71,48.86
19.05,36.13
16.22,24.61
12.26,18.95
11.05,16.62
9.25,15.0
7.71,9.84
9.16,10.35
9.54,13.22
9.27,10.74
9.53,11.39
5.72,6.05
5.87,7.86
6.12,8.38
8.67,14.91
8.2,14.91
14.5,25.45
20.19,42.24
27.48,67.38
32.4,77.32
34.54,90.4
41.45,98.87
39.44,88.35
32.38,85.19
37.43,79.16
30.13,68.84
33.48,77.13
33.2,76.87
31.29,67.16
31.13,77.14
27.81,60.91
28.27,60.6
27.55,60.98
27.55,60.63
23.84,66.58
27.29,58.34
34.89,87.9
33.77,76.16
32.82,64.83
34.22,77.75
34.2,72.24
35.86,76.57
36.26,65.4
34.99,64.77
25.52,52.78
20.62,38.38
24.2,49.44
24.19,49.44
21.56,45.46
29.09,50.2
18.94,33.27
18.4,32.39
18.58,44.27
12.46,23.38
9.5,14.7
11.39,15.99
6.67,9.04
6.94,8.18
6.31,7.0
6.49,8.18
8.72,11.53
10.76,14.69
15.55,24.98
24.82,52.04
33.58,69.82
24.51,49.54
35.89,74.65
40.46,95.84
33.19,77.8
34.15,100.21
33.27,87.37
39.18,83.33
37.54,78.27
30.29,66.38
32.81,66.32
32.78,64.79
29.09,58.89
22.78,39.67
21.27,38.66
18.47,32.29
18.32,31.74
18.25,31.81
19.64,35.61
16.61,28.99
16.81,28.77
15.27,24.46
17.72,28.14
21.75,34.73
23.43,35.47
22.06,34.71
21.83,30.65
21.59,30.45
22.22,34.22
21.73,30.24
19.99,26.87
14.33,19.46
14.18,19.83
13.77,18.02
19.98,36.83
23.51,37.02
15.03,19.93
9.78,10.79
13.0,21.53
11.16,21.8
7.98,10.75
4.95,5.33
9.87,11.21
14.95,19.68
16.32,23.25
17.98,22.6
17.03,25.87
16.01,26.25
19.62,29.46
18.05,28.03
23.08,46.84
28.62,60.26
24.31,41.9
28.76,52.07
32.01,65.55
25.69,44.72
20.2,36.16
19.9,33.02
25.17,46.76
20.88,36.6
20.08,32.56
18.47,31.91
17.38,31.26
13.92,24.0
14.72,24.84
9.57,15.29
16.85,37.2
21.09,37.68
17.79,29.19
17.42,28.6
17.03,25.87
25.42,41.18
16.75,24.25
20.69,30.31
25.33,43.81
17.32,24.02
24.72,39.32
14.69,19.89
17.17,27.76
17.52,28.97
12.81,17.73
14.05,19.26
11.95,14.48
18.77,33.43
15.25,29.09
13.38,22.96
10.42,14.11
15.92,30.97
10.48,15.33
6.41,6.92
5.08,4.94
14.8,17.64
11.92,13.91
6.43,7.29
12.14,16.16
8.72,12.83
13.85,22.07
18.15,33.83
29.99,66.67
47.66,116.88
53.17,110.24
51.49,152.86
49.83,138.47
41.59,101.82
40.47,102.39
34.74,102.39
34.39,88.63
34.28,86.67
36.08,88.0
31.17,89.36
33.97,86.82
35.24,89.19
34.84,91.16
35.1,81.75
37.81,98.8
38.44,107.36
38.41,104.14
38.89,105.36
37.57,106.84
38.2,96.3
34.24,83.27
35.66,77.05
36.14,65.64
37.59,71.25
32.81,57.37
33.13,57.14
29.57,52.31
26.15,50.73
31.95,53.26
29.4,50.35
27.92,45.15
31.98,46.28
28.17,45.18
23.2,39.2
19.5,31.7
16.17,32.3
12.65,23.38
12.92,21.62
14.79,22.04
15.37,23.45
16.6,25.22
19.31,27.62
17.76,30.16
24.1,43.66
23.47,44.81
26.74,55.11
36.37,94.81
45.02,117.36
51.63,110.69
51.68,153.45
48.41,138.47
41.39,101.58
40.45,102.19
33.93,80.67
30.41,69.56
34.09,86.05
33.77,78.39
31.22,77.3
33.55,86.71
33.35,77.26
34.83,89.76
30.98,68.49
30.41,85.26
29.82,88.93
31.78,76.47
35.44,84.6
33.88,82.89
38.01,96.03
34.34,82.96
35.71,76.61
32.57,65.2
36.88,70.29
32.85,56.56
25.14,56.07
29.5,51.68
26.17,50.29
31.01,53.16
29.14,49.91
28.19,45.0
32.01,46.02
28.21,44.92
23.24,38.94
19.57,27.82
16.06,28.36
12.66,22.24
12.9,20.86
14.9,22.07
15.52,22.8
16.36,23.94
17.53,22.98
17.11,22.82
17.09,21.59
18.54,29.54
21.24,32.26
28.77,47.53
36.09,63.92
36.18,68.95
34.82,87.26
33.8,85.76
39.48,84.73
37.65,79.65
26.32,48.77
24.39,46.33
18.88,33.93
21.21,37.85
22.95,38.56
18.59,29.67
24.45,42.64
21.4,36.94
16.98,26.21
19.24,31.32
24.82,50.94
26.95,53.74
23.44,38.37
14.87,21.11
22.88,35.57
22.74,37.18
22.41,30.28
19.54,25.58
20.65,27.06
32.88,56.63
23.72,40.25
22.37,36.6
21.61,31.28
31.9,52.83
14.38,19.64
11.99,14.51
10.2,12.25
9.94,11.74
9.99,11.58
9.43,10.31
10.62,14.05
8.01,8.79
8.39,10.64
6.02,7.02
5.83,6.1
6.65,6.77
7.17,8.32
6.95,8.78
7.01,9.54
9.11,11.9
11.0,14.66
16.61,21.09
32.11,57.55
16.22,23.03
13.95,18.93
13.91,19.47
16.89,24.97
14.2,21.91
15.2,22.88
26.78,51.6
16.07,24.86
22.45,36.53
15.87,24.24
18.05,31.54
14.31,21.28
23.21,45.92
14.66,23.85
19.89,55.67
27.33,54.64
14.7,20.68
15.78,22.32
12.12,17.69
13.77,19.75
13.55,19.17
13.77,19.17
26.13,49.89
25.65,41.14
32.83,48.38
30.56,45.3
29.68,47.66
22.23,35.86
31.53,46.3
19.66,30.88
18.9,27.58
18.12,22.88
13.7,17.3
23.13,36.1
