Real_NO2,Real_NOx,Real_O3
11.17,12.81,44.88
9.89,11.67,44.07
9.96,11.84,43.31
8.64,9.62,44.62
10.46,12.22,43.83
10.06,12.47,44.01
8.82,10.92,43.21
10.38,12.6,41.57
13.38,17.73,38.6
11.69,12.91,46.54
11.07,12.09,52.49
9.96,10.69,54.8
10.31,11.36,53.05
10.04,11.04,54.14
10.16,10.84,55.44
9.83,9.96,57.38
9.26,9.72,57.46
7.4,7.46,59.07
6.41,6.64,60.55
5.26,5.45,62.19
3.82,4.15,62.92
3.73,3.67,62.41
2.98,2.73,63.42
3.17,3.39,61.79
3.69,3.75,59.83
5.01,5.24,57.78
3.69,3.61,58.79
4.57,4.57,56.68
5.43,5.39,54.08
4.78,4.72,54.98
6.33,6.35,54.9
5.03,5.13,54.82
4.05,4.05,57.04
3.94,3.9,56.76
3.54,3.27,57.88
3.42,3.02,57.3
3.22,3.07,58.38
3.02,3.12,59.47
2.43,2.37,60.85
2.12,2.14,60.8
3.46,3.27,62.23
4.65,4.49,60.54
3.84,4.02,60.99
4.11,3.96,59.85
4.72,4.72,58.31
5.07,5.2,57.22
6.41,7.02,54.26
7.34,7.8,53.23
9.05,9.91,52.67
9.24,10.79,52.85
8.43,9.87,54.46
10.4,12.53,53.37
8.49,10.35,55.7
6.96,8.19,58.65
5.72,6.33,61.23
7.04,8.13,60.97
7.5,8.99,61.75
6.67,7.65,63.14
6.31,6.88,63.74
5.89,6.41,65.02
4.95,5.05,67.04
5.05,4.99,66.68
5.95,6.35,66.88
5.51,5.51,67.51
5.28,5.32,67.45
4.21,4.11,69.65
4.95,5.07,68.05
4.65,4.57,68.25
4.88,5.07,67.08
3.54,3.67,70.15
2.85,2.66,72.44
1.8,1.51,72.1
1.86,1.87,71.55
1.99,1.91,69.37
2.7,2.6,66.2
2.79,2.93,64.78
2.31,2.41,63.9
2.35,2.39,62.7
1.24,1.2,62.8
1.13,1.11,62.59
1.82,1.59,61.67
2.51,2.33,60.75
2.54,2.68,60.97
2.31,2.31,62.23
1.43,1.2,64.27
1.82,1.8,62.78
1.42,1.48,65.0
1.03,1.17,67.23
1.78,1.63,67.21
1.57,1.49,66.15
1.72,1.76,64.96
2.91,2.93,66.31
2.39,2.35,67.22
2.6,2.26,68.93
2.3,2.52,68.83
2.87,3.12,67.69
3.56,4.07,68.45
4.46,5.09,69.45
3.77,4.13,68.17
4.02,4.74,66.38
3.1,3.6,70.11
3.12,3.81,70.79
3.54,3.86,71.21
5.64,6.54,67.63
5.32,6.39,67.49
5.39,5.85,67.93
6.37,6.64,65.26
10.33,10.96,58.85
9.75,10.46,57.56
10.69,11.53,55.94
11.63,12.37,55.0
11.82,12.34,58.0
9.2,9.79,60.81
7.96,8.26,62.13
8.03,8.38,62.61
10.31,10.35,61.39
10.29,11.13,61.77
9.43,9.89,61.13
8.8,8.97,61.25
9.05,9.28,60.63
6.94,7.02,64.66
6.79,6.88,63.84
6.87,6.64,64.94
3.17,2.77,68.84
1.74,1.76,68.11
2.47,2.37,68.43
2.56,2.51,68.3
2.31,2.24,66.89
1.72,1.76,67.58
1.45,1.15,66.43
1.53,1.45,65.32
2.07,2.28,64.22
3.06,3.16,63.14
4.53,4.3,61.59
4.93,5.09,59.63
7.63,7.76,56.74
10.62,11.33,53.1
13.62,14.9,49.47
14.96,16.18,47.12
20.22,23.75,40.01
19.73,21.52,41.79
18.0,23.35,44.18
27.01,47.6,22.59
18.93,29.94,29.46
16.26,24.86,36.32
16.74,23.07,34.41
16.35,22.94,39.16
15.57,21.98,29.64
14.91,20.59,43.51
15.16,21.16,41.05
15.77,22.01,43.09
12.17,16.58,50.79
13.38,23.08,49.91
13.68,17.79,47.56
18.46,24.04,40.07
18.33,23.28,38.02
18.65,23.03,40.31
16.71,16.47,45.68
16.25,19.7,39.12
16.78,21.19,34.69
15.38,21.84,17.28
20.64,22.46,10.3
19.14,20.62,5.85
18.0,18.52,13.97
18.2,18.89,4.41
20.73,21.49,6.75
26.17,27.12,3.79
25.67,26.84,12.41
23.41,24.42,1.98
21.26,22.12,2.99
19.72,20.4,2.43
18.76,19.01,2.85
16.12,16.53,3.27
14.99,15.36,3.89
15.58,17.51,4.72
13.9,15.37,5.55
14.23,15.59,7.86
11.6,12.41,17.24
11.9,12.93,17.16
11.74,12.89,16.01
11.76,12.76,12.84
11.77,12.63,9.68
13.66,15.52,20.78
18.54,22.32,17.86
22.46,26.04,20.08
25.22,34.32,14.15
32.72,42.67,17.08
39.11,33.53,12.73
33.12,30.73,18.42
32.42,31.66,22.01
16.21,23.41,33.33
18.93,29.94,24.29
16.26,24.86,19.74
16.74,23.07,24.93
16.35,22.94,23.81
15.57,21.98,25.51
14.91,20.59,21.25
15.16,21.16,22.21
15.77,22.01,25.68
15.34,20.64,23.13
17.04,23.08,20.32
17.63,23.43,19.36
18.46,24.04,13.87
18.33,23.28,7.98
18.65,23.03,5.97
16.71,20.78,5.37
16.25,19.7,2.12
16.78,21.19,2.18
15.38,21.84,6.01
20.64,22.46,10.88
19.14,20.62,6.96
18.0,18.52,5.37
18.2,18.89,6.23
20.73,21.49,10.54
26.17,27.12,7.42
25.67,26.84,8.4
23.41,24.42,5.97
21.26,22.12,11.42
19.72,20.4,12.41
18.57,19.01,13.91
15.1,16.45,15.71
14.99,15.36,15.65
7.71,7.77,16.5
7.5,7.79,17.98
7.83,8.16,17.51
11.6,12.41,17.04
10.03,10.48,22.43
8.46,8.54,21.67
8.39,8.62,21.01
9.08,9.16,24.53
10.02,10.31,23.5
10.96,11.46,22.47
17.11,20.35,16.4
25.22,30.8,8.6
32.72,42.67,2.43
39.11,65.07,2.43
37.51,70.32,1.94
32.42,31.66,4.83
27.01,47.6,3.17
18.93,29.94,4.93
16.26,24.86,7.68
16.74,23.07,8.1
16.35,22.94,8.08
15.57,21.98,9.3
14.91,20.59,10.64
15.16,21.16,11.28
15.77,22.01,10.36
15.34,20.64,9.36
17.04,23.08,9.62
17.63,23.43,12.05
18.46,24.04,13.25
18.33,23.28,5.59
18.65,23.03,10.26
16.71,20.78,13.97
16.25,19.7,17.9
16.78,21.19,15.27
15.38,21.84,16.82
20.64,22.46,16.09
19.14,20.62,16.72
18.0,18.52,22.77
18.2,18.89,28.64
11.91,13.75,39.75
9.98,10.75,42.45
9.66,10.71,43.07
8.51,8.59,45.04
9.2,10.31,42.63
9.03,9.37,43.09
8.38,8.78,44.36
6.56,6.77,46.08
6.31,6.64,46.42
5.99,6.2,45.62
6.06,6.39,45.0
5.72,6.01,43.67
5.62,5.58,40.99
6.9,7.21,36.75
8.46,8.54,32.51
12.55,13.71,26.14
11.77,12.63,21.79
13.66,15.52,18.16
18.54,22.32,13.93
21.74,25.83,11.5
24.93,29.34,9.08
19.58,28.37,8.56
20.22,33.53,7.8
19.73,30.73,6.81
18.0,31.66,8.28
27.01,23.41,6.65
18.93,29.94,7.22
16.26,24.86,8.18
16.74,23.07,9.38
16.35,22.94,8.94
15.57,21.98,10.82
14.91,20.59,14.55
15.16,21.16,16.4
15.77,22.01,13.05
15.34,20.64,8.38
17.04,23.08,8.34
17.63,23.43,8.46
18.46,24.04,8.1
18.33,23.28,14.71
18.65,23.03,14.91
16.71,20.78,8.46
16.25,19.7,3.97
16.78,21.19,6.39
15.38,21.84,7.9
20.64,22.46,10.52
19.14,20.62,15.01
18.0,18.52,22.41
18.2,18.89,16.26
20.73,21.49,25.58
11.88,14.09,33.45
11.17,12.32,35.5
11.15,12.2,41.11
10.45,11.83,40.05
7.99,8.36,46.82
6.73,7.0,50.61
7.04,7.34,52.67
5.62,5.62,53.58
6.18,6.45,50.96
5.74,6.1,48.34
5.74,5.7,49.31
5.24,5.41,50.71
5.13,5.32,50.07
5.64,5.79,46.52
4.82,4.96,47.27
4.0,4.13,48.02
2.26,2.28,60.07
1.84,1.86,67.23
1.51,1.61,67.21
1.45,1.74,66.15
1.07,1.2,64.96
1.03,0.77,66.31
1.01,1.38,69.39
0.86,1.15,72.23
0.92,1.19,75.33
1.09,1.43,72.52
1.07,1.63,73.04
1.28,1.59,74.28
1.51,2.28,72.72
1.87,2.43,72.04
1.38,2.03,72.18
0.94,1.34,73.1
1.17,1.53,72.36
1.89,2.95,71.85
2.12,2.83,72.18
2.2,2.6,72.7
2.7,3.39,70.95
4.19,4.53,67.87
6.08,6.33,64.72
5.41,5.64,65.14
4.19,4.44,64.82
4.19,4.67,63.84
3.17,3.46,66.18
3.82,4.04,65.88
3.31,3.71,65.2
2.95,3.04,63.28
3.96,4.26,62.9
8.97,8.7,51.57
6.08,6.2,58.93
4.07,4.59,63.9
3.04,3.19,65.56
3.39,3.46,66.94
3.82,4.02,67.06
2.66,2.79,68.57
3.0,3.25,68.11
1.95,2.14,68.43
1.68,2.03,68.3
0.71,0.86,66.89
1.01,1.19,64.82
2.07,2.01,62.76
1.13,0.92,66.72
0.65,0.4,64.75
1.15,1.24,64.27
1.68,1.86,62.78
3.51,3.68,58.52
5.34,5.51,54.26
3.29,3.82,55.16
6.08,6.43,49.31
7.0,7.52,49.35
7.0,7.57,50.19
7.65,8.24,48.22
10.77,11.88,44.6
9.41,10.25,44.66
12.03,13.62,42.71
12.41,14.42,43.89
13.04,15.57,49.15
11.67,14.38,58.03
11.63,13.96,58.71
8.61,10.98,63.32
6.1,7.59,67.04
9.22,11.61,61.37
8.32,10.37,62.57
7.15,8.89,63.94
7.15,8.7,62.92
10.06,11.48,57.3
9.24,10.35,56.1
10.12,11.46,56.06
8.91,9.94,55.66
12.64,14.23,52.31
14.57,16.18,50.19
9.94,10.84,55.62
10.61,11.9,54.9
12.62,13.85,52.95
18.0,18.52,36.86
18.2,18.89,32.71
11.91,14.13,38.54
11.88,14.09,34.05
11.17,12.32,30.59
11.15,12.2,31.07
10.45,11.83,32.49
10.25,11.54,30.97
10.28,11.33,31.53
9.34,9.84,31.41
8.37,9.35,33.29
7.71,7.77,34.31
7.5,7.79,32.59
7.83,8.16,32.01
7.13,7.54,32.41
7.16,7.54,29.48
8.46,8.54,26.54
7.25,7.84,30.17
8.74,9.45,29.6
9.03,9.75,29.66
6.87,7.61,31.85
8.46,9.0,30.66
10.04,10.38,29.48
13.69,14.34,26.22
20.04,23.35,20.88
15.28,18.23,24.25
15.68,16.98,23.57
16.21,19.95,21.07
15.5,21.42,21.91
16.26,24.86,20.0
16.74,23.07,16.52
16.35,22.94,17.44
15.57,21.98,17.3
14.91,20.59,17.64
15.16,21.16,14.63
15.77,22.01,17.98
15.34,20.64,17.74
17.04,23.08,18.9
17.63,23.43,20.44
18.46,24.04,16.52
18.33,23.28,22.33
18.65,23.03,28.46
16.71,20.78,26.64
16.25,19.7,27.52
16.78,21.19,22.45
15.38,21.84,22.81
20.64,22.46,23.57
19.14,20.62,19.24
18.0,18.52,6.83
18.2,18.89,5.33
20.73,21.49,9.2
26.17,27.12,7.7
25.67,26.84,7.12
23.41,24.42,5.57
21.26,22.12,5.03
19.72,20.4,3.79
18.76,19.01,5.93
16.12,16.53,16.21
14.99,15.36,27.02
7.71,7.77,28.84
7.5,7.79,30.67
14.23,15.58,24.77
11.6,12.41,23.05
11.9,12.93,26.76
8.46,8.54,34.67
8.76,8.72,37.99
9.05,8.89,41.31
9.47,10.21,44.38
7.75,7.92,51.39
8.84,9.77,55.04
9.03,9.03,57.94
11.17,11.93,58.09
15.91,17.33,54.36
10.84,11.26,59.01
11.19,11.34,59.51
12.85,13.83,57.88
11.09,12.68,59.91
11.49,13.1,58.47
9.87,11.26,59.75
10.06,11.76,59.27
8.78,10.61,62.25
8.47,10.25,62.68
7.67,9.39,63.4
7.69,9.56,62.9
9.08,10.71,61.55
9.07,10.14,60.89
13.68,16.52,55.04
17.89,17.05,51.23
14.18,16.97,52.05
18.65,23.03,45.24
14.36,15.61,53.54
14.52,16.08,51.69
13.56,14.36,52.69
8.84,9.33,57.04
10.19,10.77,54.48
11.15,11.78,52.69
8.84,9.1,54.9
8.03,8.7,56.58
7.17,7.44,58.53
6.81,6.73,58.63
6.08,5.99,58.27
5.11,5.34,60.15
5.62,5.55,58.29
6.04,6.1,57.36
5.93,6.2,56.76
5.93,5.78,56.26
5.89,6.12,52.81
6.54,6.52,48.89
7.25,7.13,45.86
7.83,8.05,43.74
7.13,7.54,41.61
7.16,7.54,39.0
8.46,8.54,38.22
8.39,8.62,37.18
8.97,9.31,37.7
9.06,9.74,37.34
9.14,10.16,36.98
9.87,11.23,36.84
10.61,11.74,38.02
11.48,12.47,38.1
12.51,14.04,36.56
12.26,13.9,36.52
12.57,14.63,35.14
16.12,20.0,32.21
13.16,15.66,32.47
12.66,14.86,33.25
12.24,14.57,33.01
13.44,15.87,32.17
13.78,16.01,31.27
14.91,17.61,29.64
15.16,15.97,28.32
15.77,15.53,28.56
15.34,16.58,28.56
17.04,17.73,26.2
13.68,18.23,26.58
14.38,17.05,27.68
14.18,16.97,27.3
14.25,16.46,26.48
16.71,20.78,24.57
16.25,17.55,25.86
16.78,18.46,25.09
15.38,16.69,24.97
14.17,17.16,26.24
17.94,19.94,23.63
18.0,18.52,23.09
16.99,18.89,23.77
11.91,14.13,23.09
11.88,14.09,24.53
11.17,12.32,25.13
11.15,12.2,23.61
10.45,11.83,20.32
17.63,19.12,19.38
10.28,11.33,21.45
15.1,15.71,21.07
14.99,15.36,21.11
11.24,11.58,24.71
7.5,7.79,22.27
12.88,8.16,22.97
11.54,11.68,24.69
7.16,7.54,24.18
11.74,8.54,23.67
11.81,8.62,24.47
11.77,12.63,21.85
10.31,10.44,25.09
9.94,10.58,26.98
12.72,13.59,24.86
15.51,16.6,22.73
14.59,16.03,24.11
15.97,17.94,22.39
19.73,30.73,13.71
18.0,24.04,16.68
16.21,23.41,15.67
18.93,22.64,14.79
16.26,24.86,11.38
16.74,23.07,11.75
16.35,22.94,15.57
15.57,21.98,11.14
14.91,20.59,12.19
15.16,21.16,11.0
15.77,22.01,9.54
15.34,20.64,12.65
17.04,23.08,11.87
17.63,23.43,12.57
18.46,24.04,11.06
18.33,23.28,8.14
18.65,23.03,11.6
16.71,20.78,10.62
16.25,19.7,8.84
16.78,21.19,10.54
15.38,16.69,13.59
14.17,17.43,13.97
13.09,17.06,15.41
12.97,15.49,18.94
12.02,14.57,20.74
11.91,13.54,22.01
11.8,13.22,22.33
11.09,12.2,23.15
10.71,11.46,23.41
10.45,11.83,23.45
10.25,11.54,23.27
10.28,11.33,20.99
9.34,9.84,17.58
8.37,9.35,18.22
7.71,7.77,19.56
7.5,7.79,20.91
7.83,8.16,22.11
11.07,7.54,24.13
7.16,7.54,26.0
8.46,8.54,26.52
8.8,8.47,30.92
9.14,8.4,35.32
7.84,7.59,44.68
5.97,5.85,56.42
7.29,7.52,58.39
6.77,7.23,60.54
7.32,10.19,62.09
7.31,8.41,61.43
7.25,8.34,61.13
7.78,8.84,60.35
6.52,7.48,60.89
5.76,6.22,60.27
7.98,9.24,57.42
7.99,9.39,55.52
10.27,12.03,52.87
9.28,10.5,54.14
13.09,17.0,47.94
11.74,14.17,48.91
11.74,13.87,50.97
9.49,11.0,55.28
10.25,12.09,54.14
13.29,15.32,50.87
11.09,12.47,52.55
9.91,10.92,55.06
6.77,8.01,56.62
6.23,7.46,55.52
6.66,8.32,52.23
6.27,7.29,50.65
5.81,6.73,51.45
4.42,4.46,52.31
5.2,5.51,51.01
4.78,4.49,52.05
4.02,4.25,53.17
2.93,2.43,55.34
2.51,2.3,56.76
2.39,2.16,56.7
2.58,2.72,56.6
3.14,2.72,56.84
2.22,2.33,59.13
1.91,1.61,59.03
3.1,2.96,56.9
2.64,2.33,56.9
2.58,2.3,57.56
2.33,2.03,58.21
2.35,2.33,58.13
1.97,1.49,58.05
2.22,2.01,56.8
1.76,1.3,58.35
2.24,1.42,56.92
2.01,1.55,53.4
2.19,2.06,51.94
2.37,2.58,50.47
3.14,3.25,46.64
4.15,4.7,44.96
3.96,4.36,45.34
4.04,4.57,43.91
4.69,5.18,43.21
4.7,5.05,42.43
6.16,7.21,40.63
5.45,5.97,44.8
6.83,8.28,51.31
6.08,6.77,58.27
6.56,7.5,62.82
6.45,7.4,66.22
7.46,8.85,62.72
6.66,7.34,60.23
8.28,9.72,56.5
7.04,7.92,55.0
6.2,6.94,55.46
4.9,5.81,58.31
4.05,4.36,59.75
4.02,4.51,60.65
4.67,5.01,59.57
4.95,5.37,59.09
5.22,5.57,59.87
4.25,4.82,61.81
3.77,4.44,62.17
3.27,3.69,62.57
3.02,3.23,62.7
2.58,2.91,63.94
2.75,3.25,65.24
3.33,3.54,63.5
3.31,3.88,63.72
2.89,3.27,63.52
3.0,3.48,63.44
3.6,4.36,62.55
4.78,5.57,60.55
3.86,4.11,61.55
16.12,16.53,46.02
6.96,7.36,56.86
2.73,2.83,62.45
2.75,3.0,63.52
2.39,2.31,65.56
3.04,3.17,64.22
2.81,3.14,64.22
2.26,2.28,64.22
2.62,2.22,64.27
2.66,2.56,62.78
1.47,1.64,60.85
1.84,2.01,60.8
2.03,2.04,63.48
2.22,2.08,66.15
2.31,2.1,64.96
2.62,2.49,66.31
6.31,6.16,62.09
4.07,4.04,62.47
4.21,4.34,62.51
4.44,4.86,61.45
3.77,3.6,60.87
4.34,4.3,60.35
5.81,6.18,58.25
6.81,7.46,55.54
5.74,6.14,54.38
5.41,5.85,53.35
5.57,6.12,51.31
5.28,6.04,50.81
5.62,6.52,49.37
6.83,7.52,48.22
5.39,5.83,53.05
5.45,5.7,53.05
5.43,6.18,52.45
5.11,5.45,49.39
5.76,6.23,43.65
7.0,7.52,37.5
6.73,7.73,36.08
7.02,8.13,38.64
7.4,7.78,40.23
7.61,8.19,37.48
8.2,8.72,35.52
6.94,7.15,36.24
6.66,6.94,36.92
5.76,5.97,37.58
6.48,7.13,36.98
6.56,7.08,37.06
6.18,5.91,37.46
5.43,5.47,39.14
5.7,5.3,40.03
5.34,5.58,40.59
4.99,5.07,41.26
4.67,4.3,41.93
4.61,4.49,42.39
4.7,4.69,41.95
4.4,4.46,41.81
4.55,4.42,41.43
4.4,4.34,41.16
4.25,4.26,40.89
4.38,4.3,40.55
4.32,4.09,41.71
4.23,4.3,45.42
4.25,4.53,46.04
3.71,3.88,53.21
3.79,4.05,56.12
4.13,4.3,56.42
4.28,4.49,57.18
4.57,4.7,56.56
4.76,5.13,55.48
5.83,5.97,54.04
6.98,7.57,53.48
8.61,9.2,53.84
6.98,7.67,55.46
8.38,9.7,53.96
8.26,9.29,55.7
6.5,7.23,57.24
7.44,8.32,56.28
8.13,8.89,53.62
7.13,7.78,52.17
8.34,9.24,49.79
8.09,8.93,48.44
9.37,10.81,48.12
8.05,8.63,50.77
7.86,8.8,48.02
6.35,7.02,49.05
7.04,7.15,50.87
5.03,5.28,52.51
6.39,7.06,50.17
5.74,6.14,50.67
6.5,7.36,51.55
4.7,5.53,55.2
5.13,5.66,61.41
3.86,4.25,65.2
3.61,3.61,66.06
3.61,3.69,65.84
3.23,3.0,66.9
2.08,1.78,68.84
2.24,1.99,68.11
1.82,1.55,68.43
1.49,1.45,68.3
1.4,1.43,66.89
1.8,1.57,66.66
2.47,2.39,66.43
2.43,2.39,67.16
2.79,2.75,64.75
4.19,3.94,64.27
6.29,6.45,62.78
5.1,5.22,65.72
3.9,3.98,68.65
5.55,5.72,66.17
6.83,7.69,60.54
9.47,11.02,61.23
11.02,12.85,58.77
11.46,13.6,58.97
9.26,10.73,61.65
6.87,8.28,63.68
6.69,7.63,63.94
7.4,9.22,62.98
6.08,6.9,64.32
5.66,7.06,65.18
5.47,6.69,65.38
6.18,8.09,65.1
5.89,7.0,66.04
6.23,7.57,66.58
5.57,6.56,67.87
6.56,7.73,66.58
5.78,6.71,67.67
6.04,7.19,68.57
5.64,6.92,69.21
4.88,6.12,69.49
4.76,5.91,69.77
5.22,6.29,69.21
4.17,4.95,70.39
3.61,4.51,71.13
3.02,3.61,70.87
2.91,3.21,71.47
2.07,2.52,73.04
2.37,2.6,74.0
4.09,4.05,72.92
3.12,2.83,71.45
3.23,2.93,70.74
2.85,2.93,71.55
2.89,2.64,71.68
1.38,1.47,71.5
1.4,1.26,72.08
1.11,1.01,72.83
2.12,2.2,68.43
2.52,2.47,64.0
1.64,1.55,66.89
2.01,1.74,66.7
2.49,2.2,64.76
2.37,2.37,64.76
1.57,1.57,64.75
2.89,3.23,70.05
3.9,3.9,68.28
4.65,4.63,60.85
4.76,5.07,60.8
8.18,8.88,59.84
11.59,12.7,58.89
14.04,16.14,57.3
15.74,18.99,55.26
13.5,15.03,60.41
14.08,15.24,57.76
15.17,17.35,50.45
15.5,20.56,47.98
16.26,20.48,49.21
12.91,15.8,53.74
12.18,15.72,53.5
10.58,14.27,54.68
10.08,13.08,55.32
8.95,11.59,56.28
10.04,13.22,54.74
9.47,11.74,54.12
10.75,13.98,53.46
10.52,13.6,54.84
12.78,15.61,53.33
13.14,15.76,52.67
14.25,16.46,48.93
11.05,13.0,55.28
6.16,7.54,69.87
7.46,8.68,68.99
7.99,9.08,66.42
5.16,5.87,67.1
6.43,7.13,68.47
7.06,7.34,62.61
7.25,8.15,61.67
2.95,3.54,68.81
3.0,3.42,69.83
2.41,3.02,68.49
3.23,3.4,66.44
2.7,2.96,65.0
2.39,2.45,62.88
2.14,2.41,62.59
1.34,1.32,64.56
1.28,1.55,65.96
1.17,1.36,66.42
1.07,0.86,66.89
1.38,1.34,65.06
1.68,1.82,62.45
1.28,1.59,61.61
1.36,1.59,62.86
1.95,2.1,62.04
2.54,2.62,61.21
3.27,3.35,60.85
3.48,3.44,60.8
4.84,5.45,62.41
6.71,6.98,60.54
12.28,13.54,56.22
15.47,19.05,53.05
12.28,13.92,56.04
12.58,14.23,55.24
15.36,18.32,51.51
11.69,13.27,57.92
14.54,15.76,57.52
12.66,13.62,57.08
12.79,14.32,54.48
5.41,6.22,57.68
4.53,5.07,60.73
4.67,5.24,60.99
4.99,5.7,61.79
5.09,5.89,60.73
5.78,6.66,58.11
5.18,6.14,55.0
5.24,5.93,52.71
6.46,7.65,52.09
7.15,8.2,51.45
6.01,6.66,53.64
3.29,3.54,56.56
3.04,3.23,56.66
2.1,2.28,57.48
2.7,2.7,56.38
3.17,3.44,55.36
3.94,4.25,54.04
3.92,4.26,53.31
4.99,5.53,52.33
9.47,13.98,47.28
4.09,3.9,52.77
4.84,4.92,55.14
4.76,4.92,56.86
3.4,3.23,59.97
1.24,1.15,65.76
1.34,1.45,64.14
1.09,0.82,67.14
1.05,0.82,67.67
2.22,2.05,64.08
2.68,2.52,63.1
2.52,2.52,62.13
2.26,2.22,63.92
2.89,1.99,58.89
6.88,6.94,51.79
11.77,12.63,41.35
13.44,14.16,41.46
15.11,15.7,41.57
22.46,26.04,33.03
25.22,34.32,16.19
32.72,42.67,9.12
39.11,65.07,1.96
37.51,70.32,2.06
32.42,66.71,2.0
27.01,47.6,3.41
18.93,29.94,8.08
16.26,24.86,11.85
16.74,23.07,13.27
16.35,22.94,20.16
15.57,21.98,21.57
14.91,20.59,28.04
15.16,21.16,30.25
15.77,22.01,32.71
15.34,20.64,33.27
17.04,23.08,39.61
17.63,23.43,31.59
18.46,24.04,23.81
18.33,23.28,13.67
18.65,23.03,10.52
16.71,20.78,6.73
16.25,19.7,2.28
16.78,21.19,3.21
15.38,21.84,10.34
20.64,22.46,12.45
19.14,20.62,15.85
18.0,18.52,12.71
18.2,18.89,14.79
20.73,21.49,24.61
25.82,27.12,30.17
11.17,12.32,39.38
11.15,12.2,46.22
8.72,9.41,51.01
7.86,8.76,52.43
5.3,5.51,55.6
5.13,5.51,53.8
4.8,4.86,54.9
4.02,4.32,56.32
2.98,3.23,57.34
2.56,3.04,55.98
2.77,2.89,55.04
3.21,3.31,55.11
3.71,4.23,55.18
4.88,4.9,51.71
6.23,6.41,48.38
7.27,7.61,45.1
8.19,8.74,43.43
9.52,10.8,41.64
10.86,12.87,39.85
15.2,18.61,36.66
19.22,24.65,34.61
16.12,19.68,38.8
14.08,16.81,41.19
11.67,13.96,42.71
12.41,14.88,41.75
13.16,16.24,41.39
13.67,16.24,40.31
12.2,15.3,40.69
11.84,15.64,41.35
12.18,15.63,41.23
11.96,15.97,37.66
12.1,15.53,46.24
12.17,16.58,54.94
17.04,22.24,49.41
17.63,23.43,46.74
18.46,17.05,54.6
18.33,23.28,49.45
18.65,23.03,43.69
16.71,20.78,44.84
16.25,19.7,45.52
16.34,18.46,47.94
15.38,16.69,50.27
14.06,15.78,51.63
13.09,15.68,50.49
10.33,11.21,59.41
8.36,8.84,65.06
7.11,7.65,66.46
7.34,7.54,62.8
6.18,7.11,64.38
4.32,4.65,65.14
5.64,5.97,63.24
5.24,5.45,63.8
2.91,3.25,68.84
4.44,4.61,65.5
2.95,3.06,66.66
2.47,2.58,64.44
3.17,3.4,62.21
2.81,3.0,64.06
2.37,2.62,64.48
2.16,2.08,63.64
2.1,2.33,64.75
2.36,2.44,66.52
2.62,2.54,68.28
3.79,3.92,60.85
3.04,3.04,60.8
2.79,2.83,62.41
4.53,4.67,60.54
3.67,3.77,64.96
4.28,4.21,64.78
6.54,6.41,63.56
5.7,5.81,69.82
4.95,5.11,74.46
3.33,3.48,76.34
4.25,4.02,73.04
6.77,7.36,66.74
8.05,9.37,61.87
9.29,10.67,60.79
11.0,13.2,58.61
10.44,12.03,61.47
7.1,7.88,69.17
6.98,7.42,69.39
12.22,12.99,59.31
8.55,8.91,59.77
10.04,10.56,59.23
14.18,16.66,52.95
18.65,23.03,41.97
16.71,20.78,31.25
16.25,19.7,20.8
16.78,21.19,20.52
15.38,21.84,30.59
20.64,22.46,30.87
17.94,17.58,36.34
12.97,15.49,37.7
12.02,13.66,40.05
11.91,13.12,41.63
9.43,9.96,44.01
9.81,10.08,44.84
9.24,9.47,45.94
9.58,9.75,47.3
8.34,8.41,49.49
6.62,6.48,54.38
5.55,5.3,57.02
5.76,5.36,57.78
7.71,7.77,54.02
7.5,7.79,53.29
7.83,7.76,56.59
5.7,5.39,59.89
5.76,5.34,59.95
6.16,5.62,64.75
5.36,4.99,70.05
5.55,5.2,59.11
5.34,5.12,59.08
5.14,5.05,59.05
4.76,5.09,60.95
5.16,5.14,60.54
14.86,14.82,48.1
13.41,13.58,49.39
8.95,8.91,54.28
7.31,7.78,55.78
13.27,13.81,49.45
13.88,14.1,48.0
7.27,7.4,51.99
8.78,9.22,49.63
9.37,9.91,49.99
7.65,8.4,52.57
7.5,8.47,52.41
7.76,8.99,51.81
7.88,8.91,51.67
8.7,9.77,50.59
10.08,10.82,49.83
9.43,10.12,50.21
11.91,12.72,47.1
18.33,16.97,38.92
18.65,23.03,35.08
15.05,16.22,42.47
12.05,12.85,46.24
9.98,10.44,48.97
11.07,11.9,45.96
9.7,10.48,47.66
7.96,8.87,50.61
8.45,9.03,51.77
7.61,8.15,52.07
11.3,11.86,46.26
9.85,10.16,46.38
8.47,8.84,48.24
5.7,5.78,50.91
6.06,5.68,50.55
6.08,5.87,52.01
5.43,5.28,52.61
4.36,4.26,53.27
4.19,4.36,53.68
3.46,3.37,54.56
3.46,3.4,53.76
3.82,3.96,53.56
3.81,4.0,53.62
3.44,3.16,54.37
3.79,3.61,55.12
4.05,4.26,54.38
5.51,6.1,52.73
6.08,6.25,51.07
8.13,8.47,48.12
9.7,10.58,46.4
11.28,12.68,44.68
14.73,17.16,42.01
15.97,18.67,41.51
12.74,15.03,43.97
14.5,16.43,41.09
15.28,21.99,39.38
12.78,14.4,42.55
16.26,21.42,36.64
13.71,18.28,39.44
11.09,13.6,42.51
15.57,21.98,41.27
11.99,15.24,41.89
11.96,15.4,41.39
15.77,15.53,37.7
12.17,15.32,40.89
13.38,16.29,39.87
12.37,15.22,41.67
13.29,15.4,40.79
14.18,16.97,37.32
18.65,16.46,35.26
16.71,20.78,34.92
16.25,19.7,32.89
16.78,20.66,35.38
13.62,15.59,41.53
12.14,13.5,42.61
13.09,16.49,37.98
12.97,18.52,33.95
12.02,14.75,36.34
11.91,14.13,36.3
11.88,14.09,34.13
11.17,12.32,34.84
11.15,12.2,37.86
10.45,11.83,41.33
9.22,10.1,45.82
7.63,8.17,49.87
6.04,6.29,54.54
5.83,6.27,54.86
5.62,5.72,53.92
5.43,5.57,52.99
5.68,5.97,51.75
5.91,6.04,49.71
6.08,6.2,47.2
5.91,6.2,46.62
6.68,7.1,42.84
7.46,8.01,39.06
7.08,7.71,37.84
8.41,9.64,34.19
9.47,10.84,30.29
11.99,14.59,25.43
15.15,20.27,21.01
19.74,29.76,16.86
18.25,24.59,19.64
18.0,25.11,22.73
15.74,19.26,25.76
15.15,19.12,25.96
16.26,21.67,26.26
13.71,18.74,29.88
13.84,18.28,30.19
12.14,15.72,33.03
12.34,15.7,34.47
11.96,15.97,34.69
12.1,15.53,37.18
15.34,20.64,35.34
16.42,17.73,40.41
17.63,23.43,37.06
18.46,24.04,38.28
18.33,23.28,38.78
18.65,22.44,39.87
16.71,20.78,38.52
16.25,19.7,36.02
16.78,21.19,33.45
15.38,21.84,31.69
20.64,22.46,28.88
19.14,20.62,27.1
18.0,18.52,25.68
18.2,18.89,28.94
11.91,14.13,36.24
11.88,14.09,36.48
11.17,12.32,41.33
9.05,9.64,49.09
6.37,6.67,54.04
5.64,6.1,54.92
5.16,5.58,55.78
5.45,5.95,53.15
3.92,4.42,60.05
3.6,3.79,58.87
5.76,5.95,51.83
5.55,5.91,52.8
4.74,4.95,53.78
4.61,4.84,60.03
4.48,4.72,58.35
3.06,3.23,61.39
3.75,4.3,57.68
5.43,5.78,56.74
7.11,7.25,55.8
7.78,7.88,57.02
7.4,7.73,59.03
10.06,10.81,57.68
10.14,11.11,60.89
13.88,15.19,56.9
14.8,15.99,55.14
12.05,13.6,57.76
10.16,11.38,58.29
11.7,13.31,55.6
12.57,14.21,54.04
8.3,9.58,60.47
6.67,7.67,61.63
7.21,8.01,60.13
6.39,7.06,62.01
5.57,6.18,64.34
5.14,5.79,63.88
8.26,9.03,61.93
6.39,7.21,61.45
8.34,9.33,61.57
6.75,7.15,64.0
5.18,5.66,65.9
6.01,6.52,64.34
5.87,6.45,63.96
4.99,4.88,63.84
3.06,3.16,65.82
3.6,3.77,64.38
6.88,7.13,59.71
4.7,4.86,60.47
3.75,3.79,63.36
2.83,2.77,64.18
3.29,3.23,64.0
2.52,2.37,65.14
3.12,2.73,65.64
1.87,1.63,70.14
1.57,1.42,71.5
1.32,0.9,72.08
1.34,1.22,72.83
1.11,0.5,73.8
1.07,0.78,75.27
0.55,0.0,74.23
0.84,0.63,74.27
0.71,0.67,73.46
0.84,0.57,72.86
1.28,1.15,72.26
2.01,1.57,70.05
2.03,1.76,69.21
1.36,1.11,69.14
1.51,1.32,68.65
2.36,2.44,67.4
3.21,3.56,66.15
4.4,4.9,64.96
5.3,5.91,66.31
5.79,6.5,69.39
4.92,5.3,69.82
4.04,4.53,71.13
4.8,5.28,72.52
4.95,5.66,73.04
4.13,4.84,74.96
3.42,4.25,75.86
3.48,3.98,75.62
3.25,3.77,75.38
3.29,3.77,75.2
3.92,4.07,75.28
3.98,4.7,74.12
4.74,5.62,73.66
4.86,5.91,72.58
4.61,5.51,75.68
3.19,3.79,75.68
3.12,3.29,74.98
2.87,2.73,75.54
2.95,3.16,75.8
3.12,3.4,74.6
3.14,3.33,73.78
3.02,3.06,73.54
2.75,2.75,73.24
1.95,1.97,73.84
2.1,2.07,76.7
1.78,2.01,75.18
1.8,1.63,73.3
1.19,1.13,72.1
1.66,1.64,71.55
1.15,1.19,71.68
1.13,0.99,71.5
1.17,1.19,72.08
0.94,0.96,73.59
1.13,1.15,73.8
1.43,0.61,74.02
1.55,0.75,74.23
1.36,1.03,74.27
0.54,0.21,73.46
0.55,0.77,71.49
0.54,0.61,72.26
0.78,0.66,70.74
1.01,0.71,69.21
1.38,1.07,69.14
1.8,1.34,68.65
2.54,2.45,67.21
2.7,2.64,66.15
4.05,4.02,64.96
5.45,5.78,66.31
3.96,3.98,69.39
4.51,4.3,72.23
5.37,5.43,75.33
4.61,4.88,77.24
5.03,5.32,73.04
5.18,5.26,74.98
6.75,7.59,75.68
7.11,8.32,75.12
8.26,9.93,73.46
6.92,7.98,74.8
7.71,8.61,73.68
7.88,9.18,71.81
8.49,9.58,70.71
8.91,9.79,70.13
10.9,11.67,67.45
14.18,15.68,63.74
12.13,12.72,64.64
13.69,14.63,62.19
10.65,10.61,65.54
12.81,13.2,62.66
14.63,15.82,59.89
13.58,13.75,61.15
11.28,11.51,68.23
11.82,11.61,68.07
12.02,12.24,65.42
11.91,14.13,56.12
11.88,14.09,55.62
21.92,12.32,48.66
11.15,12.2,59.47
9.85,9.87,64.24
10.25,11.54,54.46
9.26,8.95,60.73
4.88,4.67,66.2
3.73,3.29,66.16
3.39,2.87,65.3
6.04,5.68,56.96
7.32,6.58,52.96
7.13,6.69,48.97
7.16,7.54,48.54
8.22,7.99,43.99
6.43,5.89,44.01
5.18,4.88,48.89
5.32,5.28,47.5
5.45,5.68,46.1
7.65,7.82,43.45
9.18,9.14,42.97
9.12,9.52,43.47
15.34,16.05,35.48
15.19,15.63,34.96
16.83,17.46,34.11
16.21,23.41,33.05
18.93,22.62,34.09
11.61,13.16,55.56
8.11,9.24,61.77
8.64,10.25,61.57
6.48,7.9,64.16
6.69,7.57,64.42
5.79,6.58,65.98
4.59,5.45,67.71
5.53,5.97,65.94
6.02,6.92,65.96
5.89,6.71,65.06
7.54,8.2,64.42
9.6,10.37,62.51
9.85,10.81,58.89
8.13,9.2,60.05
9.56,10.44,59.35
8.19,9.28,58.49
9.64,10.29,55.9
7.13,7.67,58.33
6.25,6.88,59.03
4.97,5.32,61.55
5.3,5.64,61.15
4.84,5.16,62.11
4.65,4.86,62.09
3.73,4.34,61.81
5.72,5.81,57.52
5.34,5.51,56.92
3.75,4.28,59.57
3.08,3.6,58.93
2.47,2.87,58.19
2.39,2.58,57.38
2.2,2.18,55.86
2.2,2.41,55.34
1.64,1.72,55.16
1.64,1.47,54.84
1.76,1.61,54.04
2.03,2.35,53.25
2.05,2.03,51.27
3.17,2.49,46.78
4.82,4.92,40.91
6.5,6.77,37.48
7.12,7.4,37.54
7.75,8.03,37.6
8.09,8.85,36.76
7.8,8.22,37.78
7.61,8.36,40.85
7.32,8.09,44.44
5.26,6.14,51.85
4.51,5.3,55.16
5.45,6.27,55.2
5.36,6.23,54.9
6.39,7.36,53.86
5.83,7.0,52.61
5.32,6.43,53.7
4.72,5.55,56.16
4.15,5.11,56.34
3.9,4.44,56.78
3.58,4.26,58.39
3.56,4.21,62.11
2.7,3.06,74.54
1.97,2.7,80.67
2.05,2.28,80.53
2.31,2.81,84.2
2.08,2.72,85.87
2.1,2.56,85.87
1.84,2.2,84.57
1.68,2.24,82.49
1.87,2.49,81.28
1.93,2.2,79.94
1.43,1.55,76.7
1.22,1.51,75.18
1.13,1.47,73.3
1.15,1.55,72.1
1.09,1.47,71.55
1.11,1.45,71.68
1.26,1.47,71.5
0.98,1.2,72.08
0.33,0.75,73.59
0.73,1.17,73.8
0.69,1.07,74.02
0.67,1.07,74.23
0.42,1.01,74.27
0.52,0.96,73.46
0.67,0.88,71.49
0.48,1.05,72.26
0.87,1.03,70.74
1.26,1.01,69.21
1.17,0.86,69.14
1.57,1.22,68.65
1.42,1.43,67.21
2.95,3.1,66.15
3.23,3.6,64.96
5.64,6.41,66.31
7.71,8.4,69.39
9.16,9.54,72.23
6.27,6.5,75.33
4.72,5.05,77.24
6.52,7.17,79.74
5.57,6.25,80.95
4.19,5.18,75.86
3.96,5.03,76.73
3.86,4.9,77.81
3.73,4.59,78.16
3.52,4.44,78.69
4.19,5.32,79.21
3.71,4.55,78.11
4.49,5.39,77.71
5.95,7.15,75.8
6.48,7.17,74.34
8.01,8.93,71.45
11.17,11.93,68.09
14.23,15.24,63.92
11.15,11.19,65.48
11.88,12.3,64.64
7.34,7.55,72.06
5.64,5.93,72.48
6.9,7.19,71.65
6.85,7.11,71.67
7.69,7.98,69.27
5.26,5.37,72.44
4.93,5.07,72.1
4.48,4.36,71.55
2.37,2.28,71.68
3.84,3.81,71.5
2.6,2.52,72.08
2.72,2.66,68.11
2.56,2.47,68.43
3.54,3.1,66.56
4.02,3.69,63.3
4.11,4.05,61.68
4.82,4.92,60.07
4.78,4.78,62.72
3.79,3.56,63.38
5.41,5.58,64.27
8.2,8.09,61.49
7.77,7.98,64.36
7.34,7.88,67.23
7.65,8.3,67.21
5.09,5.78,66.15
6.16,6.64,64.96
7.26,7.86,66.31
8.35,9.09,69.39
9.45,10.31,69.82
4.09,4.7,71.13
4.4,5.26,72.52
4.0,4.59,73.04
3.81,4.34,74.98
3.29,3.73,75.86
3.56,4.23,75.92
3.63,4.57,75.76
3.67,4.8,75.94
4.88,5.64,74.74
4.9,5.79,73.52
4.82,5.78,72.9
5.78,6.41,71.75
4.57,5.45,71.79
3.29,3.77,72.24
4.21,4.72,70.39
4.51,4.74,69.27
5.2,5.66,66.56
5.07,5.6,65.28
4.74,5.11,65.78
5.01,5.32,63.12
7.13,7.61,59.05
6.43,6.81,56.1
7.55,8.38,52.65
7.17,7.48,51.29
7.75,8.4,49.43
7.65,8.19,49.81
9.45,9.94,46.02
10.17,10.84,44.62
10.25,11.11,43.13
10.28,11.19,41.39
9.34,9.84,43.05
8.37,9.35,46.9
7.94,8.57,47.5
7.5,7.79,49.93
7.83,8.16,47.7
7.13,7.54,49.81
7.16,7.54,46.31
8.46,8.54,42.81
12.55,8.62,38.14
11.77,12.63,34.29
13.66,14.38,34.86
14.44,15.22,35.34
13.5,14.34,40.38
12.55,13.46,45.42
12.09,13.0,51.63
11.62,12.54,53.64
11.16,12.07,55.36
10.69,11.61,53.05
10.23,11.15,52.69
9.94,11.11,53.95
9.33,10.51,55.22
8.72,9.92,56.48
8.12,9.32,57.74
7.51,8.73,59.01
6.9,8.13,60.27
6.88,8.78,59.63
6.94,7.9,59.23
7.34,8.05,58.39
8.38,10.1,57.04
7.69,9.18,57.64
7.82,9.58,58.67
7.8,9.54,59.91
6.67,7.21,61.11
3.98,4.38,71.85
2.68,2.68,80.91
2.89,3.1,74.0
2.62,2.95,77.21
2.28,2.75,77.89
2.01,2.16,78.72
1.74,2.05,79.94
1.66,1.68,76.7
1.66,1.76,75.18
1.45,1.4,73.3
1.07,1.3,72.1
1.49,1.3,71.55
0.9,0.94,71.68
0.57,0.59,71.5
0.67,0.5,72.08
0.57,0.29,73.59
0.44,0.25,73.8
0.36,0.11,74.02
0.27,0.21,74.23
0.5,0.69,74.27
0.55,0.34,73.46
0.08,0.27,71.49
0.5,0.34,72.26
0.8,0.72,70.74
1.09,1.09,69.21
1.15,1.34,69.14
1.24,1.22,68.65
1.68,2.07,67.21
2.72,3.23,66.15
3.56,4.02,64.96
5.51,6.43,66.31
4.15,5.07,67.22
3.67,3.96,69.51
3.77,4.04,68.53
3.69,4.4,68.83
3.02,3.84,70.21
3.27,3.9,72.24
3.16,4.13,74.0
2.75,3.52,75.36
3.23,4.13,75.7
2.79,3.46,75.26
2.91,4.02,74.44
3.06,3.67,72.26
2.56,3.27,72.74
3.06,3.77,71.47
3.52,4.38,70.45
3.75,4.36,69.43
3.75,4.67,69.07
4.3,4.88,68.79
5.24,6.18,66.68
6.29,7.23,65.0
4.46,5.03,66.58
5.26,5.83,65.98
4.15,4.7,67.2
2.64,2.81,67.75
3.98,4.19,66.86
4.07,4.49,66.42
3.94,4.38,67.14
4.17,4.69,65.96
3.77,4.13,65.74
3.17,3.17,66.1
3.42,3.5,65.64
2.66,2.7,66.04
2.16,2.3,65.94
2.52,2.49,65.8
2.22,2.2,66.28
2.16,2.05,66.89
2.26,2.14,66.66
2.05,1.8,66.43
2.54,2.35,67.16
2.35,2.45,64.75
3.5,3.71,64.27
3.9,3.84,68.28
4.42,4.44,64.54
4.93,5.05,60.8
8.97,9.22,62.29
12.37,12.89,58.31
16.2,17.27,57.7
20.22,22.26,54.34
19.73,26.78,50.71
14.11,14.5,62.53
10.0,10.73,64.64
13.35,14.75,60.63
11.99,13.92,65.06
7.21,8.36,74.02
6.85,8.36,72.32
10.04,11.48,68.39
8.51,9.37,68.89
7.32,8.26,68.67
7.11,8.05,70.59
8.64,9.79,71.83
10.08,11.21,70.79
9.33,9.98,72.3
5.91,6.73,75.36
5.89,6.83,73.68
6.75,7.5,72.56
6.77,7.57,71.57
7.1,7.76,69.35
8.4,8.89,67.49
6.85,7.63,67.53
6.48,7.36,65.34
5.64,6.04,63.7
6.27,6.69,60.49
7.15,7.75,59.53
11.91,13.12,52.07
11.88,14.09,47.84
11.17,12.32,50.39
11.15,12.2,43.61
21.26,22.12,15.65
19.72,20.4,16.38
18.76,19.01,29.6
16.12,16.53,30.61
14.99,15.36,29.46
15.58,17.51,29.0
13.9,15.37,18.48
14.23,15.59,21.15
11.6,12.41,27.3
11.9,12.93,28.64
11.74,12.27,29.98
12.55,12.84,27.58
11.77,12.63,32.59
9.62,9.85,48.1
9.22,9.56,48.62
9.35,9.58,46.47
9.47,9.6,44.32
11.78,11.86,39.55
9.51,10.04,39.97
12.35,14.21,33.79
12.58,14.23,32.91
10.42,11.78,34.31
12.68,14.04,32.23
13.85,15.95,32.39
13.71,16.22,34.09
16.29,19.54,35.64
15.57,19.41,44.68
10.67,12.16,62.33
8.76,9.6,67.35
7.75,8.55,70.83
6.31,7.36,72.92
6.9,7.34,74.68
7.15,7.78,74.78
8.43,8.97,72.58
6.52,6.69,71.33
8.4,8.82,67.35
8.11,8.41,69.53
9.14,9.29,69.19
9.24,9.45,67.85
9.87,9.98,64.42
10.46,10.63,61.69
7.98,7.94,63.74
10.1,10.61,59.77
7.21,7.38,63.54
6.66,6.75,61.81
8.11,8.24,59.93
7.75,7.84,58.71
8.74,8.64,57.74
8.19,8.51,59.53
4.21,4.05,62.27
4.38,4.51,63.26
4.65,4.82,65.46
4.13,4.46,67.0
4.7,4.9,66.94
2.14,2.47,66.89
4.38,4.36,67.06
6.12,6.14,64.44
6.52,6.16,63.06
3.92,3.94,64.75
4.31,4.44,63.76
4.7,4.95,62.78
4.44,4.48,60.85
5.32,5.11,60.8
2.52,2.26,67.21
2.28,2.2,66.15
1.11,1.26,64.96
1.7,1.4,66.31
1.78,1.76,69.39
1.7,1.47,71.8
2.18,2.31,69.25
2.56,2.85,67.81
3.48,3.52,65.74
3.88,3.96,64.24
3.9,4.07,63.14
4.88,5.34,60.81
6.01,6.67,57.92
5.81,6.71,58.13
6.25,7.36,57.98
6.75,7.9,57.3
6.33,7.23,60.33
6.85,7.84,58.73
6.06,6.45,55.7
5.01,5.43,58.29
4.07,4.57,60.07
4.69,4.84,58.41
4.34,4.88,58.09
3.79,4.17,58.53
3.48,3.73,61.15
3.42,3.63,61.67
4.48,4.36,61.57
4.51,4.78,62.72
4.26,4.53,62.33
2.72,2.83,65.16
2.79,3.12,64.08
3.1,3.35,63.66
3.73,3.73,65.34
2.12,2.01,68.51
1.76,2.08,71.5
1.22,1.47,72.08
1.38,1.38,68.11
1.11,1.3,73.8
1.32,1.3,68.3
1.51,1.7,66.89
1.11,1.07,66.66
1.43,1.45,66.43
0.99,0.88,71.49
0.98,0.99,72.26
1.22,1.45,70.05
2.05,2.24,69.21
2.78,2.74,68.93
3.52,3.23,68.65
2.83,2.47,67.21
4.72,4.92,66.15
4.55,4.9,64.96
7.78,8.4,66.31
5.85,6.31,67.22
6.22,6.41,66.08
6.12,6.41,65.02
6.29,6.67,65.76
6.39,6.62,65.38
6.66,7.13,66.88
5.66,6.14,68.11
5.01,5.3,68.67
5.76,5.89,66.42
5.16,5.32,65.66
4.72,4.92,65.1
5.66,6.18,64.78
5.74,6.2,65.56
5.39,5.78,65.72
5.68,6.39,67.24
5.26,5.55,69.23
3.94,3.96,71.21
3.81,3.86,71.29
3.69,3.82,72.22
3.98,3.86,71.53
3.71,3.35,70.71
2.93,2.72,71.25
3.37,3.29,70.05
2.49,2.33,70.53
2.83,2.56,69.81
2.64,2.56,68.29
2.75,2.54,67.89
1.8,1.61,68.57
2.37,2.01,67.59
1.99,1.84,68.19
2.26,2.12,67.28
1.72,1.26,67.41
1.55,1.36,66.64
1.57,1.38,67.75
1.19,0.5,68.3
2.64,2.28,65.76
1.72,1.49,67.58
0.75,0.33,73.46
1.26,0.8,72.86
2.66,2.39,72.26
1.45,1.01,70.05
2.52,2.24,69.21
1.76,1.64,69.14
3.46,3.14,68.65
5.22,5.64,67.4
6.98,8.15,66.15
11.72,13.31,64.96
16.72,18.9,64.3
13.02,14.55,66.64
18.0,20.33,60.17
14.4,16.37,63.82
13.35,15.82,65.22
14.78,17.61,62.51
12.39,15.76,64.72
9.85,12.45,70.03
7.59,10.1,76.73
6.98,9.66,77.81
8.34,11.32,78.16
6.9,9.12,79.07
5.95,7.8,79.21
5.91,7.61,79.76
5.93,7.73,80.05
5.97,7.11,80.62
5.93,6.94,80.69
8.99,10.1,75.54
7.0,7.92,73.48
5.68,7.0,75.86
5.64,6.94,75.3
9.18,10.54,69.79
7.02,8.15,68.75
8.07,9.16,60.41
6.45,7.73,52.45
6.62,7.84,48.0
4.42,5.55,49.31
4.69,5.91,48.52
4.09,4.86,49.71
4.59,5.64,49.49
2.85,3.71,54.82
2.49,3.12,61.31
1.66,2.43,63.86
1.38,2.26,64.38
1.42,2.43,64.58
1.28,1.99,64.87
1.36,2.24,65.16
1.68,2.52,63.4
1.99,2.79,61.75
1.64,2.83,60.93
1.82,2.83,59.73
2.41,2.9,58.58
3.0,2.96,57.44
3.27,3.14,56.96
3.77,3.92,55.12
3.21,3.0,56.26
3.98,4.57,55.32
3.82,4.34,55.46
4.99,5.51,54.64
5.16,5.62,53.62
6.5,6.6,55.64
5.81,6.02,58.0
6.08,6.14,59.03
7.1,7.96,59.17
6.12,6.71,74.98
6.41,6.9,75.86
5.85,6.31,81.05
4.19,4.76,81.66
4.17,4.51,78.16
4.7,5.07,78.29
6.88,7.29,74.96
6.33,6.81,75.38
5.95,6.6,75.14
6.94,7.84,74.06
6.73,7.17,73.58
7.29,7.78,73.08
4.21,3.81,75.82
4.46,4.55,76.46
3.61,3.6,76.06
3.52,3.46,74.76
3.35,3.08,73.76
3.39,3.17,74.26
3.58,3.44,72.64
3.98,3.86,71.07
4.05,4.02,68.03
4.26,4.32,68.01
3.63,3.88,69.49
3.63,3.39,71.55
3.16,3.23,71.68
3.0,2.98,71.5
2.1,1.86,72.08
2.28,2.08,73.59
2.7,2.33,72.88
2.72,2.43,68.3
2.91,2.47,66.68
2.85,2.39,66.56
2.58,1.97,66.43
1.99,1.55,67.16
2.01,1.87,64.75
2.3,2.24,64.27
2.6,2.52,62.78
2.85,2.88,61.79
3.1,3.23,60.8
2.51,2.96,66.17
3.12,3.23,66.15
3.14,3.81,64.96
3.25,3.84,66.31
3.04,3.58,69.39
2.33,2.62,72.23
2.1,2.39,75.33
3.65,5.05,77.24
2.64,3.58,79.74
2.77,3.46,80.95
2.41,3.54,81.52
2.18,3.0,81.75
2.56,3.17,82.38
2.2,2.26,82.7
1.97,2.01,83.36
2.62,3.54,83.41
2.43,3.06,79.76
2.41,2.91,85.29
2.3,2.6,85.11
2.18,2.72,80.69
2.05,2.51,85.41
2.7,3.31,84.2
3.21,4.0,80.99
3.1,3.88,81.08
2.96,3.4,80.72
3.63,4.13,79.85
3.0,3.23,81.28
2.54,2.75,79.94
2.14,2.51,76.7
2.08,2.33,75.18
1.59,1.95,73.3
1.61,1.47,72.1
2.43,2.72,71.55
1.82,1.89,71.68
1.53,1.74,71.5
1.28,1.42,72.08
1.15,0.84,73.59
1.05,0.94,73.8
1.05,1.11,73.55
1.82,1.91,72.79
1.01,1.22,74.27
0.88,0.99,73.46
0.8,0.55,72.86
1.28,1.13,72.26
2.1,2.54,70.05
0.99,1.07,69.21
1.97,1.93,69.14
2.85,2.47,68.65
5.35,5.47,67.4
7.84,8.47,66.15
7.4,8.82,64.96
14.36,16.45,61.89
15.72,17.44,61.59
18.0,23.39,55.46
16.21,23.41,51.41
15.5,19.47,59.01
14.86,18.03,60.25
12.58,15.32,64.52
10.77,13.56,67.22
8.64,10.63,69.13
5.22,6.71,73.78
4.46,6.04,75.04
3.67,4.84,77.15
4.49,5.76,75.18
5.43,6.85,73.9
4.72,5.93,76.1
6.39,7.88,75.2
5.81,6.9,76.12
6.6,7.67,76.85
11.23,12.41,69.73
12.64,14.0,67.89
10.37,11.51,71.61
11.13,12.24,69.15
7.29,8.13,73.06
7.19,7.63,73.72
5.91,6.67,75.46
6.27,7.1,74.62
6.94,7.71,71.25
5.03,5.74,72.0
5.11,6.33,72.1
3.48,4.0,71.55
2.73,3.21,71.68
3.14,3.61,71.5
2.58,2.91,72.08
2.73,3.02,72.83
3.84,4.46,68.43
4.21,4.34,67.66
3.6,3.98,66.89
3.98,4.48,65.56
4.92,5.51,60.65
4.38,4.97,58.39
4.53,5.07,56.2
4.07,4.76,55.91
3.61,4.44,55.62
2.87,3.46,58.61
2.43,2.95,60.8
2.73,3.52,62.35
2.85,3.56,60.54
2.7,3.23,62.09
2.66,3.35,63.98
3.0,3.73,64.6
4.09,5.28,63.3
3.08,4.05,64.32
2.79,3.86,64.12
2.41,3.29,64.2
2.39,3.37,64.38
2.39,3.58,65.3
2.47,3.79,65.66
2.91,4.15,65.6
1.99,2.89,67.3
1.95,2.91,70.11
2.12,2.95,72.2
1.87,3.08,75.36
1.55,2.51,77.73
1.28,2.22,80.62
1.17,1.86,86.01
1.17,1.99,85.41
1.07,1.59,84.2
0.88,1.72,85.87
0.78,1.43,85.87
0.94,1.57,80.72
0.75,1.53,79.85
0.88,1.53,81.28
0.77,1.26,79.94
0.78,1.47,76.7
0.75,1.47,75.18
0.61,1.51,73.3
0.96,1.63,72.1
0.8,1.26,71.55
0.48,1.34,71.68
0.88,1.59,71.5
0.67,1.34,72.08
0.67,1.43,73.59
0.69,1.49,73.8
0.36,1.24,75.27
0.69,1.34,74.23
0.48,0.98,73.84
0.42,0.92,73.46
0.44,1.13,71.49
0.59,1.34,72.26
0.65,1.32,70.05
0.4,1.05,69.21
0.4,0.74,68.93
0.4,0.42,68.65
0.33,0.46,67.21
0.67,0.75,66.15
0.54,0.94,64.96
0.77,0.88,66.31
0.78,0.99,69.39
0.75,0.92,72.23
1.03,1.36,75.33
1.49,1.87,77.24
1.84,2.39,78.87
2.33,2.96,74.98
1.78,2.18,75.86
1.82,2.47,76.73
2.01,2.72,77.81
2.24,3.08,78.16
2.98,3.98,79.07
2.7,3.14,79.21
2.68,3.48,79.76
3.25,3.88,79.55
3.21,3.84,79.15
3.02,3.44,79.45
6.23,7.13,75.2
6.01,6.62,74.48
6.66,7.1,73.42
7.67,8.03,71.19
9.68,10.17,67.85
9.03,9.33,67.37
11.34,11.67,65.16
11.61,11.97,63.24
10.21,10.38,64.14
9.89,10.12,62.9
11.88,14.09,48.91
11.17,12.32,44.2
11.15,12.2,46.58
10.45,11.83,49.43
10.25,11.54,51.01
10.28,10.82,49.61
8.17,8.4,51.55
7.8,7.9,52.45
7.55,7.77,50.89
6.16,6.23,49.43
4.92,4.95,52.81
4.69,4.93,52.23
4.97,5.05,52.21
4.7,4.57,52.19
5.6,6.16,51.13
10.11,10.69,41.11
6.64,7.65,46.24
8.51,9.16,46.46
14.23,15.91,43.28
19.95,22.66,40.09
19.58,28.37,41.29
13.05,25.1,38.74
6.53,21.82,36.18
0.0,18.55,33.63
12.99,18.86,45.18
18.93,22.64,50.19
16.26,24.84,51.49
13.71,19.22,56.36
13.84,18.34,58.23
13.78,17.71,59.31
13.09,17.1,63.08
11.96,15.97,64.84
12.1,15.45,67.99
15.34,20.64,54.76
13.38,17.5,65.1
9.22,10.17,67.22
9.05,10.29,66.48
9.2,10.4,65.9
9.7,10.33,64.2
10.9,11.44,63.34
16.25,16.87,57.26
16.78,18.46,57.08
14.63,15.3,58.05
14.17,17.43,55.96
13.09,17.23,56.94
9.64,9.64,62.84
8.13,8.26,61.77
6.31,6.29,65.66
8.84,9.39,60.61
6.48,6.33,61.71
5.43,5.49,61.93
3.67,3.88,67.73
3.4,3.71,66.84
2.45,2.47,68.84
2.3,2.35,68.11
2.12,2.08,73.8
1.66,1.7,74.02
1.91,1.87,74.23
1.15,1.03,74.27
0.8,0.73,73.46
0.71,0.65,71.49
0.92,0.65,72.26
1.07,1.03,70.74
1.22,1.42,69.21
1.91,2.12,69.14
2.7,2.79,68.65
4.17,4.57,67.21
7.92,8.63,66.15
8.72,9.2,64.96
18.4,20.25,63.48
37.51,30.73,34.81
32.42,31.66,33.13
16.21,23.37,53.35
18.58,21.53,54.64
12.79,14.48,58.15
12.62,14.94,56.24
12.45,16.58,54.86
13.78,17.44,53.37
14.91,20.59,50.25
9.81,11.59,70.11
7.84,9.43,79.07
5.09,5.72,83.41
4.25,5.05,84.71
3.54,3.84,80.05
3.58,4.51,80.62
4.02,4.72,80.69
3.52,4.13,80.53
5.05,5.99,78.11
7.02,8.03,70.73
7.54,8.64,69.51
7.21,8.17,72.2
4.8,5.34,72.8
5.62,6.06,71.27
4.93,5.2,69.79
5.53,5.62,67.24
5.32,5.37,67.85
5.93,6.25,66.8
4.9,4.86,67.83
3.02,3.25,71.55
1.95,1.78,71.68
1.36,1.61,71.5
1.42,1.47,72.08
1.99,2.37,73.59
8.37,9.35,73.8
7.71,7.77,75.27
1.03,1.15,74.23
1.3,1.26,73.84
1.47,1.74,73.46
1.2,1.51,71.49
2.73,3.12,72.26
3.65,4.09,64.27
4.28,4.69,62.78
4.4,4.56,61.79
4.53,4.42,60.8
3.54,3.37,62.41
5.41,5.91,59.93
6.01,6.98,55.44
10.4,11.61,48.36
14.57,16.96,45.36
12.64,14.27,49.41
10.29,11.65,52.19
11.8,14.38,50.87
13.35,17.0,50.05
13.71,17.46,49.09
10.71,14.25,52.47
8.07,10.98,55.82
7.73,10.79,55.7
6.6,9.14,56.82
8.91,11.4,65.48
5.87,7.25,79.21
5.43,6.58,79.76
5.62,6.94,80.05
6.43,7.9,79.37
7.15,8.15,78.19
10.17,11.26,73.86
8.93,9.7,73.88
7.9,8.32,73.6
6.29,6.33,75.3
4.99,5.26,76.48
5.53,5.6,75.3
7.67,8.28,71.39
7.99,8.4,69.89
6.94,7.19,70.49
5.26,5.45,71.55
5.57,6.06,69.61
2.98,3.39,70.74
3.92,3.88,69.65
3.58,3.42,68.83
4.04,3.86,67.73
2.22,2.1,72.08
2.87,2.93,68.11
3.54,3.61,68.15
3.63,3.88,68.3
2.89,2.96,66.89
2.64,2.54,67.58
2.68,2.28,66.43
3.42,3.5,65.32
3.81,4.11,64.2
4.21,4.17,59.15
3.9,4.19,56.86
5.64,5.72,54.54
9.18,9.54,50.11
12.08,13.14,48.66
14.97,16.73,47.22
19.34,22.47,42.13
20.22,28.73,37.32
19.73,23.35,40.59
16.39,19.28,44.18
12.6,14.96,47.28
11.55,13.64,48.12
14.19,17.06,44.68
16.74,19.7,39.83
16.35,22.94,32.37
15.57,21.98,33.57
14.91,18.17,40.75
10.67,12.74,50.15
10.82,12.74,53.23
10.19,12.32,55.32
9.79,11.15,55.74
8.32,9.75,57.24
10.14,11.28,56.26
12.26,13.81,54.1
10.52,12.13,54.24
11.36,12.74,53.88
8.57,9.79,56.32
8.59,9.41,56.78
8.7,9.7,56.66
9.35,10.23,54.36
7.99,8.76,55.0
6.94,7.36,55.92
6.98,7.8,55.26
6.62,6.77,55.3
7.04,7.63,54.54
6.16,6.5,54.68
5.53,6.14,54.82
6.01,6.62,54.54
6.79,7.38,52.81
4.49,4.57,57.6
3.81,3.88,59.69
3.52,3.9,59.05
3.5,3.78,59.34
3.48,3.67,59.63
2.93,3.19,60.85
2.75,2.91,61.87
2.7,2.54,63.36
2.93,2.98,63.84
3.36,3.74,62.06
3.79,4.49,60.29
4.32,5.22,60.11
4.42,5.32,60.8
5.68,6.69,61.07
7.73,9.35,59.87
10.92,14.15,56.9
15.95,22.05,51.83
11.86,14.9,55.72
10.56,12.87,57.8
7.34,8.74,65.78
8.17,9.43,77.24
7.59,9.12,79.66
10.33,12.93,74.98
13.84,17.12,72.16
8.07,9.56,76.73
6.41,7.9,77.81
5.53,6.64,78.16
4.93,6.12,79.07
5.49,6.6,83.28
5.89,7.42,84.34
7.67,8.97,80.05
13.81,15.43,77.03
10.44,11.95,80.69
12.45,14.29,78.19
13.33,15.09,75.16
10.23,11.72,75.0
9.6,10.82,72.9
10.23,11.59,70.25
7.34,8.76,72.0
7.25,7.92,74.18
6.52,7.48,71.96
4.67,5.72,74.54
3.1,3.96,75.18
4.19,5.09,73.3
3.14,3.58,72.1
2.75,3.42,71.55
2.24,2.93,71.68
2.95,3.69,71.5
2.58,3.48,72.08
2.24,2.6,73.59
1.82,2.51,73.8
2.12,2.7,75.27
1.47,2.1,74.23
0.9,1.59,73.84
0.82,1.53,73.46
1.7,2.51,71.49
1.91,2.45,72.26
1.49,1.74,70.05
1.11,2.01,69.21
1.06,1.6,68.93
1.01,1.2,68.65
2.01,2.24,67.21
3.9,4.11,66.15
2.66,2.81,64.96
3.92,4.51,66.31
5.39,5.72,69.39
4.11,4.48,72.23
3.67,4.26,74.46
2.24,2.68,77.24
3.9,4.55,73.04
4.25,5.14,74.98
2.18,2.85,81.52
3.21,3.98,81.75
4.19,5.01,77.81
3.16,3.9,78.16
2.56,3.29,79.07
2.62,3.44,79.21
2.87,3.73,79.76
3.67,4.65,79.37
3.5,4.38,78.67
3.79,4.49,77.37
4.02,4.84,75.98
3.17,3.17,76.61
4.4,5.3,74.9
4.07,4.95,74.46
4.53,5.53,73.68
4.04,4.34,73.82
3.84,4.55,73.44
3.25,3.88,76.04
3.04,3.75,76.7
3.19,3.71,75.18
3.73,3.58,73.3
3.14,3.54,72.1
3.61,4.09,71.55
3.33,3.84,71.68
3.12,3.39,71.5
2.03,2.01,72.08
1.53,1.68,73.59
1.63,1.59,73.8
1.2,1.63,75.27
1.26,1.66,74.23
0.82,1.3,74.27
1.11,1.11,73.46
1.01,1.34,72.86
1.26,1.42,72.26
1.89,2.16,70.05
1.8,1.61,69.21
1.63,1.93,69.14
2.22,2.43,68.65
2.2,2.24,67.4
2.18,2.05,66.15
1.84,1.76,64.96
3.84,3.84,66.31
3.23,3.21,69.39
3.23,3.25,72.23
3.46,3.17,75.33
4.26,4.25,77.24
3.37,3.37,79.74
3.27,3.39,80.95
4.7,5.6,81.52
5.45,6.58,76.73
5.37,6.64,77.81
4.0,4.82,78.16
15.77,22.01,66.48
15.34,20.64,52.13
8.17,8.74,78.93
3.82,3.86,80.05
6.31,6.96,80.62
4.61,4.78,80.69
6.08,6.27,76.79
4.74,4.88,78.61
5.26,5.55,80.11
3.25,3.25,81.08
7.04,7.27,77.41
6.9,6.64,77.67
6.12,5.85,78.72
6.08,6.18,76.97
5.09,5.03,75.87
4.42,4.26,74.08
4.63,4.44,73.3
2.91,2.56,72.1
2.68,2.47,71.55
2.89,2.73,71.68
2.93,2.77,71.5
2.33,1.99,72.08
1.28,0.94,73.59
1.24,1.07,73.8
0.98,0.69,74.02
1.22,0.86,74.23
1.32,1.01,74.27
1.13,0.84,73.46
1.74,1.51,71.49
3.19,3.29,72.26
3.4,3.46,70.74
3.61,3.63,69.21
2.68,2.68,69.14
2.98,3.17,68.65
3.31,3.12,67.21
4.61,4.65,66.15
4.69,5.07,64.96
5.66,6.37,66.31
7.19,8.2,69.39
7.21,7.98,69.82
4.93,5.68,71.13
5.05,6.16,72.52
4.99,5.89,73.04
4.78,6.14,73.6
4.4,5.97,73.76
4.23,5.36,73.98
3.4,4.4,74.68
3.71,4.69,73.5
3.75,5.07,73.56
4.57,6.02,73.3
5.41,6.73,72.6
6.1,7.98,72.76
6.25,7.52,73.1
8.19,9.47,71.15
8.7,9.66,70.53
7.54,8.09,72.1
6.2,6.41,73.64
4.15,4.25,73.58
3.86,4.05,74.02
4.25,4.11,73.6
5.03,4.69,72.12
2.6,2.79,72.8
2.47,2.24,72.42
2.83,2.83,71.94
4.59,4.61,71.71
3.31,3.58,72.1
4.36,4.09,69.27
3.81,3.61,67.28
3.08,2.79,67.77
2.31,2.33,71.6
1.78,1.42,72.83
1.99,1.99,68.43
1.72,1.45,73.55
1.7,1.42,74.08
2.3,2.43,70.26
2.51,2.24,66.43
2.91,2.43,66.22
3.63,3.33,62.55
5.41,5.39,58.87
7.5,7.78,58.49
5.56,5.98,63.57
3.63,4.17,68.65
3.08,3.67,67.21
3.33,4.17,66.15
4.63,5.2,64.96
5.85,6.88,66.31
6.14,7.42,69.39
5.76,7.02,72.23
6.92,8.28,75.33
7.76,8.99,76.34
8.2,9.96,78.87
5.49,6.96,74.98
3.9,5.11,81.52
4.09,5.41,81.75
3.12,3.86,82.38
3.9,5.34,78.16
3.88,5.18,79.07
4.44,6.14,79.21
4.69,6.41,79.76
4.07,5.51,80.05
4.42,5.64,80.62
3.65,4.49,80.69
4.65,5.39,80.53
4.13,4.65,80.82
4.36,5.22,79.13
5.36,5.72,77.31
4.13,4.67,78.37
3.84,4.34,78.43
3.61,3.98,78.72
3.71,4.3,76.97
4.8,5.36,75.86
4.11,4.69,75.18
4.46,4.8,73.3
4.26,4.7,72.1
4.61,5.36,71.55
4.46,4.99,67.99
4.23,4.8,68.41
3.14,3.73,68.84
3.0,3.56,68.11
2.73,3.33,73.8
2.98,3.69,73.55
3.0,3.39,74.23
2.81,3.27,74.27
2.26,2.85,72.09
2.24,2.64,68.42
2.24,2.51,64.75
2.75,3.08,64.27
3.39,4.0,62.78
3.61,3.9,60.85
3.73,4.25,60.8
4.24,4.8,63.48
4.74,5.36,66.15
5.78,6.04,64.96
9.45,10.29,63.84
7.48,8.57,64.76
6.88,7.65,65.0
6.14,6.71,65.6
5.14,5.99,67.39
4.07,4.32,68.91
4.53,5.16,69.57
3.58,4.21,72.0
3.08,3.73,74.3
3.37,4.25,76.12
4.11,6.62,75.92
2.66,3.31,78.21
2.87,3.33,78.51
4.49,4.59,78.83
3.37,3.84,80.05
4.07,4.59,78.63
3.84,4.26,79.35
4.65,4.9,78.19
4.07,4.07,78.13
4.92,4.99,79.11
6.96,7.11,74.56
5.49,5.36,75.46
5.03,5.07,76.24
4.38,4.28,75.84
3.16,3.31,76.97
3.37,3.52,76.7
2.37,2.35,75.18
2.2,2.01,73.3
1.47,1.22,72.1
2.43,2.28,71.55
1.76,1.63,71.68
2.58,2.33,71.5
1.49,1.05,72.08
1.93,1.72,73.59
1.84,1.64,73.8
1.66,1.07,74.02
1.76,1.34,74.23
1.74,1.63,74.27
1.64,1.45,73.46
1.09,0.82,71.49
1.09,0.98,72.26
2.74,2.84,70.74
4.4,4.7,69.21
4.0,4.65,69.14
4.4,5.03,68.65
4.84,5.83,67.21
6.23,7.44,66.15
11.07,12.93,64.96
19.07,22.36,57.36
16.91,19.62,60.35
15.09,18.35,63.84
13.28,17.08,69.01
11.46,15.82,61.39
9.64,14.55,67.65
5.95,7.55,72.6
5.91,7.32,70.79
5.24,7.32,73.08
3.37,4.86,77.81
3.35,4.49,78.16
4.38,5.87,76.93
3.81,5.13,79.21
6.67,8.01,76.79
4.34,5.64,78.17
5.39,6.81,77.23
5.81,7.71,76.81
4.51,5.47,79.13
5.09,6.04,76.16
4.15,4.9,80.99
4.13,5.07,81.08
4.88,5.72,80.72
5.09,5.45,79.41
4.53,5.36,76.58
5.07,5.78,76.97
4.84,5.36,76.7
4.25,5.18,75.18
5.72,6.31,73.3
4.48,5.13,72.1
5.14,5.87,71.55
3.77,4.65,71.68
3.33,4.26,71.5
2.98,3.48,72.08
2.01,2.85,73.59
1.76,2.49,72.88
1.66,2.39,68.3
1.51,2.12,66.89
2.12,2.82,66.26
2.72,3.52,65.64
3.23,4.02,59.21
3.67,4.36,61.05
3.65,3.94,63.02
3.92,4.63,61.99
5.08,5.34,61.4
6.25,6.06,60.8
8.66,8.64,62.41
12.57,13.08,60.54
14.71,15.47,62.09
15.57,16.91,64.78
14.02,15.17,67.22
13.27,15.09,68.31
10.84,12.13,70.99
10.35,12.14,72.36
7.13,8.64,73.04
5.32,6.29,80.95
3.25,4.05,81.52
3.75,4.67,81.75
4.61,6.02,81.66
3.63,4.63,82.7
4.67,6.1,79.07
3.86,4.86,79.21
5.55,7.1,79.76
5.97,7.06,79.17
6.04,7.11,79.69
6.01,6.87,78.83
9.18,10.04,75.1
7.73,8.24,75.22
9.07,9.31,72.14
8.74,8.74,72.16
8.15,8.45,73.02
8.47,8.78,73.08
8.84,8.61,72.2
7.54,7.54,72.5
7.04,7.19,71.27
6.62,6.9,72.28
8.57,8.78,71.51
6.16,6.5,72.1
4.99,5.14,71.55
4.53,4.65,71.68
4.44,4.48,71.5
3.02,2.62,72.08
3.29,2.87,72.83
2.89,2.96,73.8
2.72,2.68,75.27
1.93,1.91,74.23
2.16,2.16,72.53
1.99,2.07,73.46
1.74,1.82,72.86
1.76,1.68,72.26
1.93,1.63,70.05
1.91,2.1,69.21
3.48,3.23,69.14
3.5,3.56,68.65
3.51,3.66,67.4
3.52,3.77,66.15
3.23,3.31,64.96
3.77,4.21,66.31
3.65,4.11,69.39
5.09,6.04,69.82
4.07,4.9,71.13
4.13,4.59,72.52
4.76,5.68,71.55
4.76,6.35,71.51
4.63,5.51,72.76
4.59,5.79,72.62
5.43,6.62,71.03
6.2,7.44,70.17
7.54,9.39,68.99
7.48,9.14,68.53
8.01,9.47,67.81
7.86,8.74,66.82
7.82,8.57,66.44
8.15,9.1,65.62
9.51,10.84,63.12
8.93,9.73,64.12
9.28,9.94,63.84
8.45,9.37,64.78
8.24,8.87,65.34
7.99,8.22,66.26
7.8,8.59,65.6
8.05,8.45,64.7
8.07,8.68,64.44
7.54,7.61,64.62
7.92,8.36,63.26
7.99,8.3,61.25
9.07,9.31,60.35
8.55,8.93,61.25
8.09,8.07,62.35
8.07,8.32,61.75
8.47,8.97,61.67
8.34,8.22,61.05
7.71,7.77,61.69
7.13,7.48,62.33
6.52,6.45,63.2
5.97,6.14,63.44
5.78,5.89,62.68
5.41,5.58,62.17
5.23,5.2,61.37
5.05,4.82,60.57
5.53,5.57,59.05
5.72,5.87,57.86
6.25,6.2,57.0
5.97,5.99,56.2
6.39,6.39,54.94
6.73,6.73,54.12
6.79,6.67,54.88
6.25,6.62,55.68
6.94,7.25,55.38
7.1,7.34,56.1
8.49,9.01,53.09
8.85,9.24,51.17
9.07,9.56,49.05
8.64,9.29,47.82
10.33,11.49,44.52
11.48,13.23,41.53
10.9,12.66,40.97
11.0,12.91,41.11
11.46,13.06,40.51
11.91,13.41,39.83
11.44,12.14,40.49
10.29,11.3,41.43
11.19,11.93,40.53
12.3,13.88,39.57
11.9,13.02,40.25
12.05,13.41,39.97
10.44,11.17,41.77
10.4,11.26,42.07
9.91,10.42,42.61
8.49,9.2,44.3
8.4,8.91,50.39
8.07,8.36,50.67
7.86,8.22,51.57
8.93,9.22,50.89
9.51,9.62,51.41
7.71,7.88,53.94
7.4,7.44,54.04
7.06,6.66,54.62
7.23,6.94,54.16
6.46,6.66,54.14
6.73,6.71,52.67
6.81,6.88,51.79
5.66,5.62,55.38
5.18,5.16,58.97
4.97,4.84,60.53
4.84,4.32,60.79
4.7,4.78,60.61
4.95,4.78,60.17
5.56,5.58,60.48
6.16,6.39,60.8
8.4,9.29,59.41
10.52,11.49,57.44
14.42,16.26,54.02
18.65,21.78,49.99
16.77,19.45,51.81
15.19,17.88,51.93
12.68,14.59,54.5
11.84,13.23,54.58
12.74,14.75,53.9
13.71,15.99,52.87
13.84,18.44,51.19
13.78,16.93,52.69
13.09,16.87,52.93
11.96,15.97,51.65
9.83,11.9,55.54
10.63,12.47,55.12
13.02,14.8,53.6
13.68,18.03,52.25
9.68,11.7,63.84
8.53,10.21,70.91
6.31,7.0,71.94
6.35,7.34,71.17
6.04,7.02,72.08
6.08,7.21,72.78
5.43,6.54,78.45
5.95,6.54,75.6
4.67,5.62,77.65
3.58,3.86,76.97
3.4,4.13,76.7
3.14,3.5,75.18
2.95,3.16,73.3
2.51,2.35,72.1
2.73,3.08,71.55
2.41,2.6,71.68
3.0,3.1,71.5
3.23,3.56,72.08
3.25,3.31,73.59
3.61,3.94,73.8
3.42,3.5,75.27
3.37,3.29,74.23
3.44,3.56,74.27
3.44,3.46,73.46
3.44,3.44,69.1
3.25,3.33,64.75
2.93,3.06,64.27
8.82,8.76,61.27
4.23,4.48,60.85
3.96,3.81,68.65
4.03,4.11,67.4
4.09,4.4,66.15
5.11,5.51,64.96
6.02,6.9,66.31
6.69,7.44,69.39
7.36,8.19,72.23
4.4,4.82,75.33
6.31,7.0,72.52
5.24,6.06,73.04
5.99,6.66,74.98
4.99,5.55,75.86
6.08,7.42,76.73
4.32,5.3,77.81
3.81,4.8,78.16
3.37,4.0,79.07
3.94,4.93,79.21
5.7,6.62,79.76
7.1,8.28,79.71
6.92,8.13,80.05
7.86,9.18,78.75
9.07,10.33,75.82
9.31,10.48,74.52
10.23,11.17,70.69
8.11,9.03,71.37
6.1,7.15,71.33
7.4,8.3,68.39
5.99,6.46,69.55
6.18,6.83,69.07
5.39,5.28,67.73
5.41,5.64,65.82
6.45,6.9,63.9
6.04,6.43,63.56
5.6,5.7,66.56
4.15,4.46,71.68
3.9,3.88,71.5
3.48,3.42,72.08
2.77,2.52,73.59
2.77,2.64,73.8
1.42,1.38,74.02
1.49,0.94,74.23
1.26,0.94,74.27
1.84,1.74,73.46
1.95,1.91,71.49
2.12,1.86,72.26
2.63,2.41,70.74
3.14,2.96,69.21
4.44,4.57,69.14
5.79,5.91,60.8
7.08,7.67,62.41
11.07,12.22,60.54
19.58,22.85,53.94
18.19,20.9,53.66
19.73,30.73,42.55
18.0,26.62,48.02
16.21,23.41,46.84
15.5,21.65,49.21
16.26,21.46,50.87
13.71,18.93,54.7
13.27,18.86,55.68
13.78,20.3,55.34
12.97,16.64,65.78
11.74,14.23,68.77
10.75,12.58,67.41
8.97,10.79,73.1
9.18,10.84,75.62
11.23,13.08,71.45
14.38,17.05,64.38
18.33,16.97,61.53
14.25,16.46,66.24
12.37,14.06,73.9
13.2,14.94,70.99
16.78,21.19,59.17
13.31,14.48,60.87
14.17,15.99,56.76
13.09,16.18,54.58
12.97,15.49,54.56
10.33,11.38,64.86
5.85,6.12,72.16
5.11,5.72,72.44
4.65,5.07,72.1
4.26,4.46,71.55
2.89,3.25,71.68
3.71,3.79,71.5
2.54,2.64,72.08
3.02,3.08,73.59
1.7,1.7,73.8
1.8,1.66,75.27
2.31,2.16,72.79
4.93,5.09,64.0
3.65,3.42,55.22
2.98,2.81,57.24
2.43,2.2,58.77
2.35,2.62,58.25
1.99,1.72,61.87
1.99,1.99,65.26
1.99,2.26,68.65
2.51,2.98,67.21
3.29,3.71,66.15
4.05,4.72,64.96
6.64,7.98,66.31
8.55,9.7,69.39
11.8,13.94,64.7
9.12,10.63,63.46
7.36,9.41,65.6
5.51,7.23,69.35
6.2,7.71,68.99
5.22,6.85,69.13
4.02,5.11,70.05
4.0,5.14,74.68
4.59,5.97,78.16
3.54,4.72,83.76
4.09,5.53,79.21
3.67,4.36,79.76
5.03,6.31,80.05
4.51,5.22,80.29
4.02,4.4,80.37
4.42,5.18,80.53
3.67,4.36,80.82
3.86,4.34,80.31
5.03,5.58,79.35
4.21,4.34,80.72
3.67,4.11,82.49
3.1,3.25,81.28
2.51,2.43,79.94
2.39,2.66,76.7
2.08,2.37,75.18
2.73,3.12,73.3
1.7,2.14,72.1
1.51,2.03,71.55
1.95,1.99,71.68
1.24,1.49,71.5
1.19,1.28,72.08
0.75,0.94,73.59
0.75,0.8,73.8
0.48,0.67,75.27
0.25,0.52,74.23
0.23,0.54,74.27
0.46,0.61,73.46
0.64,0.98,72.86
0.82,1.34,72.26
0.54,1.51,70.05
0.73,1.19,69.21
1.17,1.57,69.14
1.87,2.14,68.65
2.75,2.88,67.4
3.63,3.61,66.15
7.52,8.13,64.96
8.74,9.12,66.31
8.87,9.51,69.39
7.06,7.21,72.23
6.54,7.27,75.33
6.77,8.07,76.34
8.09,9.89,73.04
7.8,8.85,74.08
8.85,9.94,71.37
9.52,10.63,69.43
12.57,14.84,65.4
11.96,15.97,63.26
12.1,15.24,63.16
12.17,16.58,58.91
11.38,13.1,60.21
9.91,11.95,62.66
6.87,7.9,77.85
7.46,8.34,78.03
7.82,8.41,74.98
12.03,13.27,73.24
6.06,7.02,80.01
5.37,5.62,78.99
6.81,8.19,74.52
6.69,7.02,70.77
7.08,7.38,67.47
7.78,7.75,65.28
10.69,10.81,61.73
10.08,10.04,63.68
8.24,8.26,65.8
5.09,5.09,72.1
4.65,4.26,71.55
5.11,4.72,71.68
2.83,2.62,71.5
2.64,2.28,72.08
4.59,4.07,73.59
3.77,3.44,73.8
3.94,3.37,74.02
3.46,2.91,74.23
3.44,3.02,74.27
2.89,2.28,73.46
3.44,3.1,71.49
2.07,1.4,72.26
1.69,1.44,70.74
1.32,1.49,69.21
2.28,1.84,69.14
2.01,2.08,68.65
2.45,2.28,67.21
3.37,3.42,66.15
2.43,2.56,64.96
3.77,4.05,66.31
3.69,3.96,69.39
5.16,5.57,66.86
5.64,6.67,65.74
5.2,6.12,67.81
4.28,4.72,70.95
4.05,4.84,72.9
2.96,3.48,75.68
3.06,3.61,75.78
3.56,4.49,75.58
3.02,3.52,78.16
2.72,2.96,79.07
3.35,3.9,79.21
3.33,3.6,79.76
4.04,4.46,80.05
5.62,6.69,79.91
4.9,5.81,80.35
3.73,4.23,80.03
3.48,3.77,80.82
5.01,5.68,79.15
4.78,5.26,79.91
4.7,5.28,79.59
3.6,3.65,82.26
4.84,5.24,78.72
3.81,3.96,79.94
3.9,4.0,76.7
3.19,3.44,75.18
3.63,3.94,73.3
2.37,2.54,72.1
3.25,3.44,71.55
2.75,2.51,71.68
2.7,2.56,71.5
2.35,2.2,72.08
2.1,2.3,73.59
2.1,2.01,73.8
2.31,2.16,75.27
4.65,4.65,74.23
4.92,4.93,73.84
3.21,3.44,73.46
2.6,2.7,71.49
1.95,2.01,72.26
1.97,1.87,70.05
3.1,3.04,69.21
3.13,3.01,68.93
3.16,2.98,68.65
4.57,4.69,67.21
4.74,5.01,66.15
4.8,4.72,64.96
4.84,5.13,62.76
9.89,11.42,57.3
12.35,13.94,54.4
7.71,8.99,60.11
8.32,9.89,60.57
8.57,9.98,62.88
5.47,6.69,65.38
4.69,5.85,66.94
4.9,6.02,68.53
5.05,6.16,70.45
6.08,7.04,69.15
5.57,6.6,69.63
5.76,6.88,69.75
4.69,5.53,73.02
4.65,5.45,74.58
6.18,7.25,71.51
6.81,7.84,67.75
7.61,8.49,63.9
10.48,11.8,59.51
12.16,13.37,55.96
10.75,11.69,58.02
9.03,9.77,60.99
4.65,4.76,79.85
4.25,4.51,81.28
3.67,3.84,79.94
3.35,3.75,76.7
3.73,4.07,75.18
4.23,4.0,73.3
5.37,5.32,72.1
5.85,6.01,71.55
4.05,4.46,71.68
3.1,3.1,71.5
2.43,2.35,72.08
2.54,2.51,73.59
1.49,1.57,73.8
2.89,3.02,75.27
2.73,2.83,74.23
1.28,0.71,74.27
1.43,1.4,73.46
1.26,1.24,72.86
1.28,1.45,72.26
1.61,1.51,70.05
2.56,2.6,69.21
2.24,2.05,68.38
3.54,3.69,60.8
4.96,5.45,60.54
6.39,7.21,60.29
7.67,8.59,59.71
7.98,8.68,62.35
6.92,7.67,65.1
7.31,7.96,69.82
5.74,6.37,75.33
4.44,4.99,77.24
5.3,5.85,79.74
4.32,4.97,80.95
5.2,6.39,81.52
3.65,4.72,81.75
4.9,6.33,82.38
3.96,5.36,83.32
5.03,6.46,83.76
4.65,6.04,83.41
5.22,7.06,84.71
5.18,6.85,85.91
5.76,7.42,85.11
5.13,6.29,80.69
4.9,5.36,80.53
4.63,5.28,80.82
4.09,4.55,75.86
4.21,4.67,70.79
3.81,4.7,69.59
3.71,4.09,70.19
3.94,4.28,69.33
5.03,5.89,69.35
5.49,5.7,67.79
7.32,7.73,63.42
7.42,7.57,63.24
7.63,7.78,63.24
7.55,7.69,64.9
6.64,7.17,66.18
5.16,5.24,67.35
5.53,5.57,66.16
4.61,4.76,67.14
3.61,3.58,68.43
3.81,4.07,67.66
3.25,3.4,66.89
2.75,2.68,67.58
2.35,2.3,66.43
2.7,2.7,67.16
2.41,2.49,64.75
3.24,3.07,66.94
4.07,3.65,69.12
11.8,11.76,60.85
8.89,8.8,60.8
11.34,11.38,62.05
8.7,9.08,60.54
7.98,8.26,64.96
20.22,33.53,47.22
37.51,70.32,13.55
32.42,66.71,10.04
27.01,47.6,25.62
18.93,29.94,30.0
16.26,24.86,49.51
13.71,18.86,60.59
13.04,15.97,63.46
8.82,10.82,67.79
8.84,10.84,65.0
11.21,14.17,57.66
12.1,15.11,55.7
12.17,16.58,54.82
13.38,16.58,56.9
10.17,11.8,62.57
9.28,11.32,66.64
7.38,8.17,70.27
10.02,11.59,70.03
9.29,10.65,70.29
6.37,7.23,71.96
5.72,6.25,70.91
6.1,6.75,68.63
5.97,6.2,67.41
7.46,7.55,63.58
10.96,11.53,58.19
9.2,9.01,56.96
4.67,4.53,72.08
2.43,2.2,73.3
1.97,1.74,72.1
1.61,1.66,71.55
1.43,1.24,71.68
2.01,1.89,71.5
1.57,1.38,72.08
2.41,2.31,73.59
1.61,1.2,73.8
1.11,0.88,75.27
0.73,0.46,74.23
0.77,0.59,73.84
0.77,0.69,73.46
0.77,0.77,71.49
0.67,0.1,72.26
0.88,0.63,70.05
1.4,1.01,69.21
2.16,2.03,68.93
2.91,3.04,68.65
3.06,3.44,67.21
6.83,7.42,66.15
6.06,6.41,64.96
6.71,7.31,66.31
8.36,9.24,69.39
7.61,8.91,72.23
6.23,7.63,74.46
5.79,7.73,72.52
4.26,5.41,73.04
4.15,5.13,74.98
3.5,4.44,75.86
2.91,3.96,81.05
2.91,3.84,77.81
3.61,4.8,78.16
4.49,6.16,77.63
4.51,5.95,77.65
5.22,7.11,77.59
5.34,7.42,77.39
5.85,8.95,77.57
5.57,7.88,78.55
5.7,6.85,78.65
6.79,7.9,76.91
6.83,7.96,76.44
5.45,6.5,77.37
4.97,5.32,77.43
4.38,4.93,77.93
4.05,4.61,78.17
3.79,4.25,79.47
3.75,4.13,76.7
3.56,3.98,75.18
3.67,4.34,73.3
3.79,4.05,72.1
4.32,4.59,71.55
3.79,3.96,71.68
4.28,4.63,71.5
4.88,5.16,72.08
5.09,5.55,73.59
4.93,5.26,73.8
4.25,4.23,75.27
3.6,3.82,74.23
3.21,3.31,74.27
3.19,3.06,73.46
3.29,3.27,72.86
3.67,3.58,72.26
3.56,3.79,70.05
4.59,4.99,69.21
3.92,4.23,69.14
2.7,2.49,68.65
7.7,7.74,67.4
12.7,12.99,66.15
19.58,22.2,62.09
17.82,19.58,66.31
19.73,23.64,64.68
12.22,13.96,72.23
8.45,9.52,74.46
10.16,12.51,72.52
6.73,8.11,73.04
6.25,8.13,74.98
5.72,7.84,75.86
4.55,5.14,76.73
4.38,5.24,77.81
4.32,4.82,78.16
4.36,4.9,83.76
4.19,4.86,83.41
10.33,11.07,79.55
8.8,9.79,79.37
12.81,15.26,74.96
14.18,16.97,70.71
13.43,14.54,74.34
11.48,12.89,76.67
8.2,8.51,78.63
4.82,4.84,81.08
5.6,6.12,80.72
6.46,6.64,79.59
8.17,8.43,75.36
5.62,5.58,74.96
5.78,5.97,74.16
5.41,5.55,73.32
6.6,6.94,71.21
5.93,6.14,69.21
4.78,5.26,69.11
4.28,4.05,66.68
5.01,5.34,63.38
2.85,2.79,66.42
1.78,1.89,68.11
1.74,1.63,68.43
1.68,1.74,71.26
1.61,1.84,74.08
1.45,1.74,67.58
1.43,1.38,72.09
1.42,1.43,71.49
1.4,1.51,72.26
2.49,2.81,70.74
3.58,4.11,69.21
3.65,3.96,69.14
4.84,5.45,68.65
6.25,7.04,66.17
7.55,8.7,66.15
8.87,10.21,64.96
10.1,11.69,66.31
9.79,11.65,67.22
8.68,10.27,69.82
5.34,6.66,75.33
6.14,7.48,72.52
5.22,6.29,78.87
4.38,5.76,80.95
4.05,5.62,81.52
3.77,5.18,81.05
3.35,3.96,77.81
3.08,4.17,83.32
2.6,3.48,83.76
3.94,5.28,83.41
3.84,4.92,84.71
3.81,5.09,80.05
5.16,7.04,80.62
5.43,6.9,80.69
5.72,7.06,80.29
5.83,7.11,80.05
11.9,15.13,72.6
11.4,13.31,72.26
6.1,7.0,76.56
20.64,22.46,54.8
7.1,7.78,71.45
8.76,9.56,67.39
12.02,18.7,60.03
8.89,10.29,66.2
7.76,8.41,66.54
9.58,10.0,64.74
9.29,10.12,63.72
10.45,11.83,55.34
9.35,9.73,62.51
10.28,11.33,56.8
9.34,9.84,62.92
8.37,9.35,61.01
7.71,7.77,61.81
7.5,7.79,60.47
7.83,8.16,58.94
7.13,7.54,57.4
7.16,7.54,53.15
8.46,8.54,51.77
8.39,8.62,48.52
9.51,9.62,48.16
9.48,9.68,44.94
9.45,9.75,41.71
8.38,8.68,43.89
10.38,10.71,39.53
13.92,14.23,34.41
20.22,25.63,22.37
19.73,30.73,25.21
18.0,31.66,27.04
16.21,23.41,35.74
18.93,29.94,30.53
16.26,24.86,34.03
13.71,19.7,54.06
13.54,19.54,60.01
6.08,7.99,73.72
5.43,7.21,74.32
3.9,4.93,78.16
5.51,7.65,75.12
3.21,4.59,79.17
3.44,4.13,78.69
3.35,4.53,77.43
3.92,4.59,78.25
4.93,5.79,78.75
4.69,5.41,79.27
6.39,7.13,77.13
10.37,11.36,72.16
16.78,17.88,62.88
15.38,21.84,46.26
20.64,22.46,37.9
19.14,20.62,47.78
18.0,18.52,35.82
18.2,18.89,35.48
20.73,21.49,41.15
11.88,14.09,45.26
11.17,12.32,46.56
11.15,12.2,49.17
10.45,11.83,46.02
10.25,11.54,44.68
10.28,11.33,46.5
15.1,15.71,45.24
14.99,15.36,43.77
7.71,7.77,48.22
7.5,7.79,46.62
7.83,8.16,42.13
11.6,12.34,43.29
7.16,7.54,47.54
8.22,8.22,51.79
6.64,6.79,53.35
6.45,6.39,53.64
6.62,6.79,54.28
6.52,6.69,53.86
7.56,7.48,50.96
8.59,8.26,48.06
9.58,9.72,50.03
8.99,9.2,51.49
10.56,11.76,50.93
12.18,14.55,49.83
11.02,13.66,51.57
8.8,11.09,54.64
7.98,10.67,55.68
7.61,10.54,55.98
8.13,11.02,57.3
8.11,11.4,58.41
8.99,12.7,58.95
8.36,11.61,61.27
6.64,9.18,65.6
6.01,7.98,69.11
5.51,7.23,72.34
5.68,7.04,72.78
6.48,7.75,69.29
7.36,8.84,64.54
8.05,9.35,64.62
8.07,9.22,64.48
8.64,9.41,63.16
9.94,10.25,60.25
10.54,11.34,57.04
10.21,10.96,57.74
10.46,10.79,58.47
10.5,10.86,58.19
9.6,9.94,59.05
10.54,10.84,58.61
11.88,13.35,55.96
11.17,12.03,53.54
11.05,11.13,53.23
9.03,9.01,56.42
7.94,7.88,59.09
7.11,6.83,59.09
6.6,6.31,58.97
7.11,6.88,57.56
7.27,6.96,55.66
7.5,7.63,53.76
6.67,6.37,54.5
5.24,4.9,55.06
4.97,5.01,55.3
4.82,4.76,54.14
5.87,5.89,52.39
6.92,7.02,50.63
8.3,8.85,47.66
9.35,10.16,45.8
11.3,12.34,43.25
15.72,16.77,37.92
19.58,26.93,29.26
20.22,33.53,24.91
19.73,30.73,34.61
18.0,23.96,41.95
14.88,21.97,46.72
13.31,18.59,47.84
14.29,20.56,50.45
11.59,16.85,56.26
10.73,15.43,60.33
10.33,14.25,63.54
9.72,13.58,65.84
8.87,12.45,68.09
8.3,11.23,70.87
7.63,10.16,73.64
8.32,11.05,74.48
7.59,9.66,75.62
8.91,11.44,75.5
11.74,14.27,73.0
12.39,14.4,72.66
12.2,13.54,72.92
9.81,10.82,75.68
12.7,14.8,68.87
12.3,13.31,66.18
11.88,12.66,66.14
11.02,11.59,67.83
10.14,10.73,69.45
9.68,10.0,70.05
8.87,9.35,69.33
9.26,9.72,66.72
9.1,9.64,64.6
8.4,8.59,64.16
9.03,9.2,62.03
8.61,8.84,59.49
7.5,7.82,58.71
7.17,7.44,56.9
7.27,7.34,56.0
6.6,6.45,54.96
6.46,6.16,54.98
6.08,5.76,54.82
5.74,5.76,54.66
5.78,6.01,56.32
6.04,5.91,57.56
6.01,6.01,56.9
6.88,6.75,56.54
7.7,7.78,54.24
8.53,8.82,51.95
13.12,14.15,46.7
18.13,20.22,40.31
19.58,26.87,34.53
20.22,33.53,31.33
19.73,28.3,33.61
18.0,24.77,35.36
16.21,23.41,35.48
18.93,22.64,34.61
16.26,22.14,35.78
16.74,23.07,33.61
16.35,22.94,34.55
15.57,20.3,35.24
14.54,18.17,36.82
15.16,21.16,35.84
12.1,15.53,38.34
12.17,16.58,41.95
13.27,17.73,43.07
8.53,11.49,54.78
8.85,11.21,55.22
9.45,11.84,54.64
10.6,11.99,59.97
12.18,13.02,56.64
14.31,14.67,57.94
10.21,10.77,70.21
11.04,11.26,70.91
12.43,12.68,71.19
13.08,13.6,69.25
12.97,14.34,66.66
12.02,13.04,65.94
9.72,9.56,71.31
22.69,14.09,50.03
21.92,12.32,47.24
23.41,24.42,37.64
21.26,22.12,38.22
19.72,20.4,39.79
16.84,17.34,40.45
9.34,9.84,43.53
8.37,9.35,43.41
7.71,7.77,44.46
7.5,7.79,50.33
7.5,7.34,47.62
7.13,7.54,43.23
11.9,12.93,40.94
11.74,12.89,38.66
8.39,8.62,50.59
11.77,12.63,41.81
12.45,12.6,42.31
18.54,19.05,37.58
21.88,26.68,32.27
25.22,34.32,26.96
32.72,42.67,15.27
39.11,65.07,5.77
37.51,61.98,23.43
18.0,28.53,43.87
14.67,19.34,50.79
12.18,16.7,52.99
11.44,16.18,55.36
12.57,17.77,56.22
9.6,13.12,62.05
6.41,8.59,71.77
5.57,7.19,75.72
5.16,6.98,77.19
3.88,5.32,78.99
4.26,5.28,79.11
5.74,7.15,77.69
5.34,6.71,78.17
7.5,9.18,75.62
8.3,9.72,75.72
10.6,11.99,74.18
9.26,9.68,80.82
14.52,16.64,66.36
8.38,8.47,72.88
13.9,14.23,63.94
20.64,22.46,50.89
13.09,14.55,57.88
6.52,6.2,67.39
4.74,4.7,69.51
6.45,6.48,65.66
8.66,8.85,60.87
8.4,8.05,59.83
7.73,7.76,56.9
9.72,9.72,56.04
10.25,11.54,54.02
10.28,10.54,53.35
9.34,9.58,52.67
8.37,9.35,44.34
7.71,7.77,43.28
7.5,7.61,42.23
7.83,8.16,38.72
7.13,7.54,36.68
7.16,7.54,46.92
6.92,6.79,46.16
8.32,8.58,41.81
9.72,10.37,37.46
6.31,7.06,41.99
9.49,10.35,40.13
11.04,12.35,39.67
25.22,34.32,18.14
32.72,42.67,8.16
39.11,65.07,3.43
37.51,70.32,3.71
32.42,66.71,4.99
27.01,47.6,15.95
18.93,29.94,30.43
16.26,24.86,38.12
16.74,23.07,45.1
16.35,22.94,37.1
10.77,16.7,60.51
9.66,14.86,63.26
9.7,14.73,64.06
8.05,12.03,68.63
11.46,16.58,69.87
5.07,7.48,77.63
4.99,7.38,78.13
12.32,17.05,65.86
13.5,16.97,65.06
14.25,16.46,64.38
15.05,16.47,63.68
16.25,19.7,61.39
14.81,18.46,60.47
15.38,21.84,48.66
20.64,22.46,34.09
19.14,20.62,31.41
18.0,18.52,45.86
18.2,18.89,51.29
20.73,21.49,43.37
26.17,27.12,34.37
25.67,26.84,25.54
23.41,24.42,38.86
21.26,22.12,36.9
19.72,20.4,39.3
16.84,19.01,43.13
16.12,16.53,35.98
14.99,15.36,32.89
7.71,7.77,47.76
13.9,15.37,28.04
12.75,13.89,34.9
11.6,12.41,41.77
11.9,12.93,30.12
11.74,12.89,42.63
8.39,8.62,51.61
11.77,12.63,38.92
15.14,16.09,39.34
18.52,19.55,39.77
15.61,16.05,45.88
25.22,30.8,29.54
32.72,42.67,13.87
39.11,65.07,12.15
37.51,30.73,23.65
32.42,31.66,27.24
27.01,47.6,30.19
15.5,22.64,49.95
15.62,22.14,54.16
10.12,13.6,65.14
6.18,8.28,71.33
5.85,7.84,73.64
7.75,11.07,72.56
11.96,15.97,65.1
12.1,15.53,65.04
9.51,13.75,70.65
7.94,11.04,72.58
7.29,9.6,73.96
7.98,10.31,75.02
10.69,13.06,73.48
7.31,8.64,75.94
10.12,11.63,72.38
10.73,12.03,71.11
12.51,13.44,69.31
14.63,16.31,66.92
14.17,16.64,65.48
13.09,14.34,66.52
12.7,13.08,66.48
11.65,11.7,65.38
11.91,14.13,60.43
11.88,14.09,54.36
11.17,12.32,53.56
23.41,24.42,47.96
18.67,11.83,51.21
17.63,11.54,50.41
10.28,11.33,50.95
9.34,9.84,51.01
8.37,9.35,50.45
7.71,7.77,49.41
7.5,7.79,50.19
7.83,8.16,48.28
7.13,7.54,51.61
7.16,7.54,52.92
7.8,7.96,54.22
6.5,6.52,59.25
6.29,5.99,58.45
7.8,7.99,55.14
8.78,8.85,53.48
8.78,8.84,53.49
8.78,8.82,53.5
11.74,12.09,51.39
13.16,14.15,51.45
19.73,30.73,35.82
18.0,30.85,43.15
16.21,21.69,55.18
13.08,17.61,62.23
9.77,13.18,69.81
7.02,9.49,74.44
6.58,8.34,75.86
7.13,8.74,75.8
6.41,7.76,76.83
8.05,10.04,75.1
5.39,6.46,77.49
5.51,6.83,76.22
5.16,6.79,76.28
6.27,8.3,75.44
5.93,7.13,76.61
5.49,6.66,77.09
6.25,7.32,76.56
5.53,6.48,77.23
7.48,8.19,75.5
7.82,7.96,75.82
10.23,10.08,74.12
12.45,12.83,68.77
13.09,17.33,62.66
18.0,18.52,44.05
18.2,18.89,32.95
20.73,21.49,32.43
26.17,27.12,33.55
25.67,26.84,40.19
23.41,24.42,39.2
21.26,22.12,42.15
19.72,20.4,37.52
18.76,19.01,40.01
15.1,15.71,42.57
14.99,15.36,42.93
7.71,7.77,44.68
7.5,7.79,46.44
7.83,8.16,53.96
7.13,7.54,53.21
7.16,7.36,55.46
5.78,5.74,60.35
5.6,5.78,57.0
5.43,5.83,53.66
6.79,7.08,50.27
7.13,7.36,49.49
9.47,9.22,47.16
10.88,11.25,43.77
18.51,19.97,34.63
17.14,19.47,37.2
18.99,23.52,36.78
10.23,12.91,56.0
9.6,12.97,54.7
9.35,13.06,58.23
5.64,7.25,73.04
8.41,12.13,69.33
4.59,6.69,75.0
5.11,7.29,75.06
5.91,8.41,74.7
6.08,8.61,75.18
5.6,8.22,76.91
5.05,6.98,78.73
4.19,5.43,79.76
4.09,5.62,80.05
6.5,8.7,77.33
8.19,10.4,76.36
7.63,9.28,76.81
7.08,8.26,77.87
3.79,4.3,80.99
9.56,10.52,73.78
14.57,15.22,67.79
14.17,17.43,63.42
13.09,17.54,62.65
18.0,18.52,59.45
18.2,18.89,56.72
20.73,21.49,43.31
26.17,27.12,30.53
25.67,26.84,33.89
23.41,24.42,44.72
21.26,22.12,49.95
10.25,11.54,55.02
18.76,19.01,32.05
16.12,16.53,33.53
14.99,15.36,44.16
15.58,16.13,41.87
13.9,15.05,42.27
7.83,8.16,44.34
7.13,7.54,46.42
7.16,7.54,49.73
8.11,8.03,49.57
7.86,8.3,46.66
9.22,9.83,42.79
12.22,12.68,39.08
15.22,15.53,35.38
22.46,26.04,28.02
25.22,34.32,14.03
32.72,42.67,15.13
39.11,65.07,7.96
37.51,70.32,9.8
32.42,66.71,12.63
27.01,47.6,18.9
18.93,29.94,32.69
16.26,24.86,49.49
