,NO2,NOX
0,10.98,13.79
1,8.99,9.24
2,15.11,20.44
3,19.64,25.59
4,22.77,56.36
5,24.01,53.54
6,28.05,67.93
7,41.65,145.72
8,43.24,114.84
9,44.16,212.63
10,39.46,124.29
11,37.98,118.78
12,32.36,100.41
13,34.33,102.14
14,33.87,106.38
15,26.74,78.29
16,23.41,44.62
17,21.46,49.07
18,22.45,43.41
19,20.02,39.86
20,22.87,42.9
21,17.02,32.32
22,22.45,39.86
23,28.02,49.59
24,34.89,67.19
25,35.41,61.24
26,38.89,87.36
27,37.58,106.87
28,38.16,78.73
29,34.14,83.41
30,34.82,76.48
31,29.51,59.84
32,27.46,57.67
33,30.36,56.55
34,28.31,54.59
35,26.44,50.0
36,28.31,54.39
37,26.24,47.83
38,25.34,52.53
39,22.5,45.23
40,21.14,47.02
41,19.3,28.27
42,15.03,28.56
43,14.77,29.42
44,13.98,23.66
45,12.62,18.3
46,11.49,15.89
47,12.18,13.67
48,11.63,14.15
49,12.13,14.84
50,22.77,56.09
51,24.01,73.06
52,35.04,91.69
53,41.92,122.67
54,37.18,89.56
55,43.24,114.84
56,44.16,212.63
57,39.46,124.29
58,37.98,118.78
59,32.36,100.41
60,34.33,102.14
61,33.87,106.38
62,33.71,87.32
63,34.18,84.91
64,38.21,96.24
65,31.04,87.48
66,28.48,114.13
67,27.67,89.25
68,34.78,83.61
69,32.51,103.12
70,37.8,98.72
71,26.07,77.82
72,38.44,104.21
73,38.89,112.36
74,32.03,106.87
75,30.22,78.73
76,28.91,71.13
77,28.71,66.09
78,29.51,52.77
79,27.46,57.67
80,23.1,34.06
81,21.06,30.89
82,21.51,34.02
83,28.31,42.0
84,18.46,35.44
85,16.16,23.52
86,13.77,21.73
87,18.74,34.92
88,7.06,10.84
89,5.03,6.01
90,4.36,5.87
91,2.2,1.61
92,1.95,1.36
93,2.33,2.87
94,3.14,3.25
95,4.17,4.59
96,3.92,3.6
97,4.11,3.81
98,6.83,8.61
99,6.96,11.28
100,9.41,15.38
101,11.55,22.32
102,9.93,17.14
103,14.71,24.79
104,14.34,24.1
105,15.36,24.1
106,16.05,27.81
107,17.71,31.02
108,19.7,35.88
109,17.25,34.65
110,9.47,20.41
111,10.38,19.07
112,11.49,19.55
113,8.91,13.31
114,7.46,12.26
115,8.07,14.04
116,11.11,16.39
117,10.86,17.61
118,13.37,23.6
119,12.2,21.06
120,10.38,15.93
121,10.71,17.81
122,9.05,14.57
123,11.25,18.19
124,9.52,15.05
125,9.94,15.8
126,11.09,18.61
127,11.3,18.21
128,7.55,11.42
129,8.93,13.52
130,6.29,10.71
131,5.93,9.73
132,8.78,16.52
133,5.7,8.43
134,6.33,9.31
135,4.48,6.27
136,2.35,2.68
137,2.33,3.52
138,2.07,2.64
139,1.38,2.18
140,1.63,2.28
141,0.94,2.24
142,1.7,1.61
143,2.87,2.83
144,2.68,2.47
145,1.19,0.92
146,1.45,1.57
147,1.34,1.24
148,2.31,3.61
149,2.35,2.28
150,2.87,3.96
151,3.98,3.98
152,4.46,5.7
153,4.61,5.79
154,6.29,9.39
155,6.79,8.91
156,7.76,11.88
157,7.59,10.75
158,8.99,12.07
159,9.91,13.77
160,13.75,20.6
161,10.9,15.51
162,9.35,13.88
163,10.08,15.43
164,9.1,12.49
165,11.82,17.98
166,13.79,20.67
167,10.19,15.45
168,12.43,18.61
169,12.18,20.96
170,12.2,17.56
171,14.84,20.25
172,15.97,22.17
173,15.64,28.94
174,12.28,17.88
175,12.05,18.86
176,10.02,14.84
177,7.71,11.17
178,15.03,22.82
179,25.34,47.93
180,14.57,21.15
181,11.53,19.64
182,8.87,13.1
183,7.32,10.16
184,4.95,5.68
185,3.56,3.69
186,2.93,3.14
187,2.05,2.31
188,2.62,3.19
189,1.84,1.59
190,1.97,2.35
191,1.61,1.7
192,1.53,1.72
193,1.2,0.82
194,1.8,3.25
195,2.07,3.06
196,3.39,3.96
197,1.59,2.43
198,1.61,1.63
199,3.39,5.36
200,2.45,4.86
201,2.49,4.46
202,4.13,6.29
203,3.35,5.7
204,3.61,7.08
205,5.26,9.62
206,5.62,9.08
207,6.01,11.51
208,5.7,11.38
209,7.32,11.17
210,7.46,12.6
211,8.05,12.43
212,8.15,12.57
213,8.26,12.32
214,12.39,17.98
215,19.66,29.13
216,30.22,62.31
217,34.14,69.94
218,33.98,66.09
219,29.51,59.84
220,27.46,57.67
221,20.79,34.62
222,12.26,39.74
223,14.04,20.85
224,11.25,18.72
225,8.07,12.6
226,7.02,9.98
227,5.07,6.5
228,5.05,9.43
229,7.52,9.05
230,6.31,8.8
231,6.88,12.34
232,3.67,5.2
233,2.31,3.48
234,3.61,5.13
235,3.42,7.94
236,2.62,4.42
237,3.35,5.93
238,3.82,6.96
239,6.69,9.91
240,24.0,52.54
241,31.36,68.8
242,41.65,145.72
243,43.24,114.84
244,44.16,190.5
245,37.98,124.29
246,37.98,118.78
247,32.36,100.41
248,34.33,102.14
249,33.87,106.38
250,33.71,87.32
251,34.18,84.91
252,26.7,82.9
253,31.04,87.48
254,30.35,83.42
255,35.13,89.25
256,34.78,112.48
257,35.12,107.13
258,37.8,98.72
259,38.35,108.51
260,38.44,104.21
261,38.89,112.36
262,37.58,106.87
263,30.22,96.37
264,19.89,83.41
265,28.71,66.09
266,22.93,53.61
267,27.46,57.67
268,14.97,40.26
269,18.84,38.38
270,16.37,30.22
271,22.24,50.91
272,17.16,46.64
273,19.05,51.86
274,15.7,32.99
275,11.04,21.63
276,6.14,11.93
277,3.67,8.03
278,4.15,5.09
279,4.92,5.34
280,5.18,6.77
281,3.98,4.21
282,3.96,4.65
283,5.14,7.52
284,4.51,5.97
285,5.76,8.85
286,7.57,13.0
287,14.9,29.32
288,33.24,69.96
289,33.93,83.17
290,39.28,95.49
291,39.46,85.26
292,31.05,78.8
293,28.71,51.18
294,23.91,47.2
295,23.58,43.34
296,22.49,38.9
297,19.78,35.5
298,20.12,33.89
299,16.58,28.0
300,19.22,32.91
301,16.54,28.96
302,19.34,31.88
303,21.23,43.07
304,19.91,31.8
305,20.62,36.18
306,20.66,33.53
307,18.95,30.22
308,17.98,28.0
309,15.91,23.14
310,14.73,21.23
311,11.19,18.44
312,11.3,15.17
313,9.93,14.54
314,7.08,9.52
315,7.31,9.29
316,6.31,7.73
317,5.16,6.43
318,8.34,11.28
319,7.08,8.32
320,5.85,7.17
321,5.34,7.38
322,2.77,2.33
323,2.98,2.49
324,3.58,2.56
325,2.7,1.17
326,2.91,1.15
327,3.0,1.43
328,2.43,1.13
329,3.0,2.24
330,2.81,2.01
331,5.36,6.35
332,4.76,5.74
333,10.63,16.72
334,10.63,16.29
335,16.12,27.43
336,10.81,19.79
337,12.32,19.81
338,13.35,21.75
339,10.17,18.88
340,10.67,16.52
341,11.42,17.65
342,11.78,19.16
343,8.22,13.48
344,10.04,16.98
345,7.69,13.1
346,6.9,11.61
347,7.5,12.41
348,8.7,16.12
349,8.91,15.22
350,9.29,16.39
351,9.49,15.99
352,14.11,22.89
353,13.73,22.68
354,14.46,24.17
355,17.82,27.73
356,17.17,27.65
357,18.34,26.83
358,17.08,23.7
359,16.03,20.98
360,13.54,17.42
361,10.02,14.32
362,9.05,12.76
363,14.59,18.36
364,13.08,21.34
365,15.8,21.69
366,25.34,47.93
367,9.85,13.43
368,10.02,19.95
369,6.56,9.37
370,4.74,5.49
371,3.84,5.34
372,6.64,8.05
373,3.92,5.05
374,7.06,8.72
375,5.99,7.38
376,5.53,7.17
377,9.94,11.93
378,14.27,15.66
379,22.77,37.64
380,20.81,35.84
381,31.36,55.37
382,36.99,76.12
383,30.49,67.07
384,16.83,35.23
385,18.0,32.91
386,14.25,25.02
387,12.37,20.71
388,11.78,17.75
389,17.1,31.08
390,14.38,24.15
391,11.7,20.64
392,10.33,16.05
393,6.75,12.78
394,7.38,12.62
395,6.83,11.26
396,8.49,14.65
397,7.73,14.25
398,8.34,15.55
399,9.33,16.54
400,11.9,18.38
401,14.4,21.53
402,9.81,15.76
403,8.01,12.3
404,8.72,13.14
405,10.1,15.55
406,8.4,11.44
407,7.65,10.44
408,7.86,11.84
409,6.77,9.6
410,4.46,6.04
411,7.52,11.15
412,6.71,9.41
413,7.44,10.31
414,5.07,6.52
415,3.67,5.18
416,3.73,4.92
417,4.05,5.11
418,3.75,5.05
419,3.33,3.56
420,3.52,3.17
421,3.61,2.98
422,2.77,2.31
423,3.19,3.84
424,5.91,6.66
425,7.42,8.55
426,17.65,20.18
427,34.87,53.54
428,19.35,91.69
429,41.65,145.72
430,43.24,114.84
431,44.16,95.49
432,39.46,124.29
433,37.98,118.78
434,32.36,100.41
435,34.33,102.14
436,33.87,106.38
437,33.71,87.32
438,34.18,84.91
439,29.16,82.9
440,31.04,78.9
441,30.47,114.13
442,35.13,89.25
443,31.73,83.61
444,35.12,107.13
445,28.57,88.2
446,30.83,92.91
447,31.88,104.21
448,33.23,108.93
449,32.03,84.65
450,30.22,70.02
451,28.91,71.13
452,27.18,57.93
453,12.89,42.53
454,17.54,35.13
455,12.64,32.11
456,15.11,28.23
457,13.73,28.27
458,12.14,25.9
459,17.31,30.91
460,12.26,33.09
461,17.1,31.71
462,17.12,36.56
463,12.32,26.81
464,8.8,17.69
465,8.95,17.96
466,5.74,14.42
467,8.07,14.73
468,5.01,11.13
469,7.63,13.1
470,7.46,11.9
471,6.14,8.34
472,5.55,7.44
473,8.8,13.25
474,5.03,6.6
475,6.25,7.11
476,7.63,13.79
477,6.25,9.62
478,14.06,24.19
479,10.35,18.72
480,13.9,28.99
481,16.6,35.09
482,15.85,44.6
483,33.87,79.15
484,33.71,78.29
485,34.18,84.91
486,38.21,96.24
487,31.04,87.48
488,33.87,108.16
489,35.13,81.3
490,34.78,83.61
491,30.18,80.99
492,31.61,79.31
493,38.35,108.51
494,18.21,46.53
495,23.1,61.18
496,27.79,61.58
497,25.13,59.31
498,24.0,61.98
499,24.02,54.6
500,25.78,59.25
501,27.46,57.25
502,14.08,27.02
503,28.31,54.59
504,26.44,50.0
505,23.75,47.16
506,20.3,47.83
507,19.28,45.48
508,19.95,45.23
509,16.66,36.56
510,19.3,34.95
511,15.03,28.56
512,14.77,29.42
513,13.98,23.66
514,12.62,18.3
515,11.49,19.42
516,12.25,21.86
517,10.16,16.37
518,8.95,14.63
519,10.33,20.66
520,11.11,20.22
521,7.31,13.85
522,9.7,16.6
523,8.28,13.81
524,7.29,11.86
525,12.01,21.5
526,11.55,18.74
527,12.07,26.81
528,14.06,26.34
529,15.47,33.87
530,15.59,35.36
531,29.11,53.97
532,25.53,58.31
533,23.5,50.36
534,27.52,53.7
535,20.16,45.8
536,28.09,52.92
537,31.73,62.79
538,22.09,48.48
539,22.34,47.81
540,22.91,41.85
541,16.93,45.79
542,32.84,77.3
543,20.56,55.35
544,27.44,64.11
545,21.23,47.51
546,18.88,43.74
547,26.56,54.84
548,27.46,57.67
549,17.21,42.99
550,16.41,31.06
551,12.97,30.43
552,20.31,41.92
553,16.83,33.6
554,16.31,35.73
555,9.26,18.02
556,16.28,30.43
557,9.72,15.68
558,5.26,7.92
559,4.69,6.54
560,4.42,5.68
561,2.58,3.79
562,3.25,4.0
563,2.45,3.81
564,3.79,6.79
565,2.83,6.54
566,3.94,5.74
567,4.17,7.19
568,7.88,16.14
569,15.8,36.53
570,17.17,88.17
571,26.49,84.39
572,44.16,95.49
573,39.46,85.26
574,31.05,78.8
575,32.36,100.41
576,34.33,102.14
577,33.87,79.15
578,33.71,87.32
579,34.18,81.49
580,38.21,96.24
581,31.04,87.48
582,33.87,83.42
583,31.4,81.3
584,31.73,81.7
585,35.12,107.13
586,37.8,98.72
587,38.35,108.51
588,38.44,104.21
589,38.89,87.36
590,37.58,86.01
591,37.58,78.73
592,34.14,83.41
593,34.82,76.48
594,29.51,59.84
595,27.46,57.67
596,30.36,56.55
597,28.31,54.59
598,26.44,50.0
599,28.31,54.39
600,26.24,47.83
601,25.34,52.53
602,22.5,45.23
603,21.14,47.02
604,19.3,34.95
605,15.03,28.56
606,14.77,28.1
607,9.94,12.53
608,8.87,9.93
609,8.45,9.18
610,10.98,12.72
611,9.1,11.19
612,9.81,9.77
613,15.63,20.27
614,17.21,23.45
615,28.05,60.61
616,31.36,65.1
617,36.62,68.66
618,43.24,114.84
619,44.16,95.49
620,39.46,85.26
621,37.98,118.78
622,32.36,77.69
623,34.33,97.95
624,33.87,101.37
625,33.71,78.29
626,31.33,84.91
627,36.26,82.9
628,31.04,87.48
629,33.87,83.42
630,30.18,75.05
631,34.78,83.61
632,33.28,87.88
633,37.8,98.72
634,34.89,83.96
635,34.39,70.57
636,28.61,52.52
637,23.41,40.76
638,29.38,66.75
639,28.91,66.04
640,28.71,59.04
641,26.56,54.84
642,22.74,57.67
643,23.36,48.69
644,23.14,50.68
645,18.05,42.9
646,20.44,38.23
647,14.94,28.0
648,21.09,38.38
649,10.88,19.95
650,13.66,25.15
651,10.31,19.2
652,7.27,11.76
653,14.77,29.42
654,6.18,7.73
655,5.3,5.95
656,7.29,9.41
657,7.29,11.65
658,6.67,9.39
659,6.66,8.38
660,7.25,9.16
661,13.29,17.29
662,16.75,33.64
663,23.75,53.11
664,27.12,73.98
665,31.94,84.39
666,34.54,95.49
667,32.35,85.26
668,24.88,67.26
669,20.22,40.6
670,26.68,58.48
671,16.52,33.05
672,14.36,24.98
673,11.09,18.67
674,10.33,17.79
675,13.41,20.71
676,9.41,14.96
677,11.02,16.62
678,10.46,16.5
679,10.71,16.98
680,14.44,21.55
681,17.73,28.55
682,11.15,15.38
683,16.72,24.52
684,12.93,18.34
685,9.14,13.52
686,9.45,13.44
687,9.35,13.64
688,8.89,11.36
689,6.71,8.74
690,6.69,8.84
691,6.27,8.64
692,6.43,9.18
693,7.17,7.96
694,5.64,7.32
695,5.47,7.61
696,5.6,7.73
697,4.61,6.14
698,3.14,3.5
699,3.0,3.02
700,2.64,2.41
701,1.51,1.13
702,0.96,0.71
703,2.08,1.93
704,4.84,4.32
705,3.23,3.46
706,2.85,1.53
707,2.91,1.89
708,1.53,0.94
709,3.84,3.04
710,6.35,8.34
711,10.73,17.23
712,11.34,16.89
713,13.75,22.45
714,11.7,16.79
715,11.42,16.83
716,11.93,16.72
717,11.95,22.24
718,17.65,25.59
719,24.12,38.25
720,22.26,38.67
721,23.37,37.92
722,21.44,35.71
723,15.45,24.9
724,12.18,21.31
725,9.91,17.14
726,7.78,14.94
727,7.82,12.39
728,8.85,14.69
729,7.17,11.02
730,7.46,10.37
731,6.75,8.99
732,7.8,11.53
733,6.92,10.19
734,8.13,11.93
735,6.33,8.72
736,4.76,5.79
737,4.8,5.93
738,4.8,7.52
739,5.22,8.17
740,5.43,6.66
741,3.54,4.65
742,5.09,6.77
743,4.26,5.89
744,3.25,3.73
745,2.87,2.85
746,1.8,1.74
747,3.52,3.31
748,2.12,1.15
749,2.73,2.1
750,2.01,1.13
751,2.31,1.74
752,2.51,1.57
753,2.35,2.52
754,1.78,2.28
755,2.6,3.54
756,3.52,6.67
757,5.18,9.51
758,4.32,7.13
759,6.75,10.88
760,5.41,9.66
761,5.68,8.45
762,4.7,7.76
763,5.37,8.78
764,6.98,10.88
765,6.85,11.21
766,6.31,10.96
767,5.66,10.67
768,5.47,10.33
769,5.39,9.28
770,5.28,10.02
771,4.9,9.68
772,4.48,8.45
773,4.97,9.6
774,7.13,12.58
775,6.01,10.81
776,4.9,8.3
777,5.6,11.53
778,6.04,10.86
779,7.08,13.0
780,6.41,12.35
781,5.87,10.81
782,5.13,8.64
783,4.34,8.11
784,4.44,8.49
785,4.26,7.54
786,4.9,10.35
787,4.32,7.82
788,5.11,9.39
789,3.71,7.4
790,4.17,7.19
791,4.97,8.03
792,4.25,5.78
793,3.48,5.09
794,7.11,8.84
795,4.05,5.18
796,2.79,4.0
797,2.01,2.56
798,2.83,3.92
799,3.14,3.65
800,3.02,4.0
801,1.82,2.7
802,2.28,3.48
803,3.82,7.15
804,13.79,21.34
805,4.74,7.29
806,2.08,4.07
807,2.96,4.4
808,3.52,6.06
809,3.9,6.1
810,4.51,6.16
811,4.23,6.45
812,3.86,6.04
813,5.09,8.7
814,4.46,8.01
815,5.36,9.03
816,4.26,8.34
817,4.0,7.1
818,3.4,6.75
819,4.46,7.92
820,4.44,8.15
821,5.18,8.53
822,4.78,8.34
823,5.72,9.49
824,5.39,9.68
825,5.6,9.52
826,6.27,9.94
827,5.3,9.14
828,6.46,10.23
829,4.93,7.98
830,4.49,7.19
831,5.03,7.99
832,3.9,6.1
833,4.19,6.83
834,3.42,5.41
835,4.25,7.1
836,7.36,13.79
837,4.95,8.74
838,4.86,7.25
839,5.26,8.17
840,4.26,6.69
841,3.86,6.22
842,4.19,7.19
843,3.37,5.78
844,3.69,6.23
845,3.4,5.26
846,3.31,4.9
847,3.9,6.08
848,3.35,4.9
849,4.11,5.3
850,4.97,7.48
851,12.78,24.77
852,8.26,14.52
853,12.47,21.19
854,12.03,23.85
855,16.05,33.97
856,31.87,60.63
857,34.33,73.02
858,27.2,59.56
859,33.71,70.86
860,28.67,68.33
861,22.8,50.28
862,22.45,51.79
863,31.12,73.34
864,34.4,81.3
865,31.63,79.9
866,35.12,84.15
867,34.5,70.38
868,38.35,92.91
869,38.44,83.65
870,33.23,63.63
871,37.58,82.35
872,29.76,47.47
873,34.14,71.13
874,34.82,76.48
875,29.51,59.84
876,27.46,57.67
877,30.36,56.55
878,28.31,54.59
879,26.44,50.0
880,28.31,54.39
881,26.24,47.71
882,25.34,52.53
883,22.5,45.23
884,21.14,47.02
885,19.3,33.96
886,15.03,23.57
887,9.6,12.14
888,9.7,14.46
889,7.78,12.16
890,11.49,19.42
891,12.25,21.86
892,13.9,18.82
893,15.11,18.78
894,22.77,56.36
895,34.87,73.06
896,35.04,91.69
897,41.92,122.67
898,41.65,145.72
899,43.24,114.84
900,44.16,95.49
901,32.35,54.83
902,37.98,118.78
903,32.36,71.85
904,21.9,33.14
905,33.87,55.92
906,29.84,47.97
907,20.33,36.76
908,21.04,33.6
909,16.45,28.94
910,12.68,19.58
911,13.27,21.84
912,16.94,26.68
913,20.94,34.69
914,15.64,23.14
915,12.53,17.6
916,13.31,21.23
917,10.16,15.3
918,8.47,11.55
919,8.15,12.22
920,8.57,11.11
921,9.85,13.16
922,6.71,6.88
923,6.16,6.96
924,6.06,7.69
925,6.12,6.79
926,7.21,7.92
927,7.65,7.46
928,10.25,11.63
929,6.98,7.25
930,5.49,5.18
931,5.74,5.22
932,4.46,3.4
933,4.32,3.58
934,2.93,1.74
935,3.65,1.86
936,5.87,3.56
937,3.88,1.74
938,4.95,3.1
939,3.27,1.59
940,3.25,1.13
941,4.25,2.62
942,7.69,10.71
943,18.82,23.45
944,25.65,51.89
945,41.65,65.18
946,43.24,114.84
947,39.31,74.95
948,25.61,39.65
949,19.76,26.53
950,20.06,27.46
951,17.37,23.94
952,19.93,31.82
953,17.1,25.61
954,16.72,25.95
955,12.81,18.99
956,16.26,22.93
957,16.05,25.59
958,16.1,25.99
959,15.3,23.39
960,15.15,24.23
961,13.73,21.13
962,15.17,23.96
963,16.1,23.54
964,15.53,23.58
965,13.94,19.28
966,18.28,23.96
967,15.61,23.01
968,15.49,22.55
969,9.89,14.99
970,9.96,14.71
971,7.88,11.11
972,4.32,6.39
973,13.81,20.25
974,7.21,10.79
975,5.53,7.78
976,5.22,8.3
977,3.63,5.18
978,3.56,4.49
979,2.58,3.56
980,1.59,1.47
981,2.37,2.39
982,1.72,0.5
983,1.63,0.78
984,1.51,0.33
985,1.61,1.91
986,2.6,1.66
987,2.64,2.51
988,3.04,2.24
989,2.07,1.55
990,3.37,3.16
991,2.77,2.89
992,9.56,15.89
993,9.62,14.96
994,10.23,17.56
995,11.55,18.32
996,11.11,17.25
997,8.55,14.86
998,10.19,16.93
999,12.05,21.06
1000,10.4,16.96
1001,8.76,15.07
1002,9.96,18.17
1003,9.14,16.06
1004,8.4,14.08
1005,8.63,14.52
1006,9.37,15.85
1007,9.2,15.3
1008,11.76,21.04
1009,12.66,21.57
1010,11.26,19.51
1011,11.32,18.23
1012,12.78,19.74
1013,11.07,17.33
1014,11.57,18.49
1015,14.23,23.6
1016,12.09,19.95
1017,11.48,18.13
1018,8.47,13.0
1019,9.77,15.17
1020,9.58,17.29
1021,9.98,15.13
1022,8.41,16.64
1023,7.38,11.4
1024,8.7,13.2
1025,6.41,10.44
1026,5.07,7.38
1027,3.29,5.03
1028,3.02,6.04
1029,1.47,2.2
1030,1.64,2.3
1031,1.84,2.08
1032,1.53,2.24
1033,1.93,2.91
1034,4.07,5.41
1035,5.03,6.75
1036,4.88,7.59
1037,11.3,17.04
1038,20.71,29.36
1039,22.15,35.55
1040,29.87,55.23
1041,36.49,76.96
1042,37.98,71.32
1043,37.98,78.8
1044,32.36,71.28
1045,29.17,55.94
1046,21.99,41.6
1047,23.98,43.28
1048,19.47,35.3
1049,25.32,49.9
1050,19.58,35.23
1051,18.32,33.05
1052,14.0,23.56
1053,11.9,19.45
1054,11.11,20.14
1055,13.83,24.67
1056,17.1,29.47
1057,17.44,30.56
1058,21.13,32.23
1059,29.99,48.71
1060,16.93,26.72
1061,18.42,31.08
1062,20.52,32.76
1063,18.26,25.24
1064,24.82,37.18
1065,12.87,17.9
1066,13.39,20.77
1067,16.54,25.21
1068,21.9,43.2
1069,25.46,37.98
1070,25.34,45.96
1071,22.5,31.92
1072,17.0,24.31
1073,19.3,33.96
1074,15.03,28.56
1075,14.77,29.42
1076,13.98,23.66
1077,12.62,23.14
1078,10.98,17.97
1079,11.93,15.09
1080,13.03,16.75
1081,19.64,25.59
1082,22.77,35.67
1083,28.05,48.1
1084,14.34,25.49
1085,41.65,145.72
1086,43.24,114.84
1087,44.16,190.5
1088,39.46,124.29
1089,37.98,118.78
1090,32.36,100.41
1091,34.33,102.14
1092,33.87,106.38
1093,33.71,87.32
1094,34.18,84.91
1095,38.21,96.24
1096,31.04,87.48
1097,33.87,83.42
1098,35.13,89.25
1099,34.78,83.61
1100,35.12,107.13
1101,27.69,98.72
1102,38.35,92.91
1103,30.06,72.71
1104,29.28,63.51
1105,37.58,86.01
1106,37.58,78.73
1107,24.94,71.13
1108,24.88,65.35
1109,24.81,54.84
1110,9.56,57.67
1111,13.44,30.37
1112,28.31,54.59
1113,12.47,37.73
1114,15.45,34.0
1115,18.8,37.71
1116,25.34,52.53
1117,12.2,41.94
1118,0.0,47.02
1119,13.0,26.56
1120,8.82,20.64
1121,9.68,23.08
1122,7.19,15.26
1123,9.43,18.3
1124,10.0,19.42
1125,12.25,21.86
1126,7.8,24.04
1127,5.43,11.13
1128,4.0,7.76
1129,3.6,7.71
1130,5.05,10.52
1131,5.64,10.14
1132,4.9,10.75
1133,12.41,18.51
1134,34.52,52.02
1135,32.35,48.08
1136,18.07,29.53
1137,15.95,30.5
1138,23.47,39.68
1139,23.66,46.3
1140,25.91,60.4
1141,34.18,70.05
1142,36.26,71.26
1143,31.04,76.58
1144,21.36,51.14
1145,30.85,89.25
1146,26.01,60.82
1147,25.07,62.08
1148,26.14,80.02
1149,23.94,79.25
1150,31.04,91.53
1151,25.44,59.1
1152,23.26,66.96
1153,38.16,96.37
1154,34.14,83.41
1155,34.82,76.48
1156,29.51,59.84
1157,27.46,57.67
1158,30.36,56.55
1159,28.31,54.59
1160,26.21,50.0
1161,21.65,48.67
1162,26.24,47.83
1163,25.34,52.53
1164,18.46,39.84
1165,5.87,47.02
1166,15.23,34.95
1167,13.1,28.56
1168,14.77,29.42
1169,13.98,23.66
1170,12.53,23.14
1171,9.66,19.42
1172,12.25,21.86
1173,13.9,24.04
1174,13.03,23.09
1175,8.68,14.61
1176,6.29,10.35
1177,14.36,32.07
1178,19.43,34.9
1179,28.25,40.62
1180,23.31,34.58
1181,34.1,60.68
1182,26.93,45.9
1183,31.05,78.8
1184,32.36,100.41
1185,34.33,74.57
1186,33.87,106.38
1187,19.14,44.77
1188,28.4,58.98
1189,23.62,49.88
1190,31.04,68.89
1191,33.87,83.42
1192,27.43,80.23
1193,34.78,83.61
1194,32.21,79.06
1195,37.8,90.61
1196,17.02,39.72
1197,25.0,48.5
1198,38.89,73.31
1199,37.58,75.83
1200,30.22,71.28
1201,20.71,46.49
1202,24.67,59.73
1203,22.97,43.87
1204,11.86,28.84
1205,21.21,37.37
1206,18.95,41.6
1207,17.98,38.84
1208,13.81,32.99
1209,8.34,19.16
1210,9.05,22.55
1211,7.44,21.08
1212,8.4,19.78
1213,4.17,6.08
1214,3.29,7.55
1215,4.7,8.19
1216,11.67,18.17
1217,3.44,4.02
1218,4.44,5.58
1219,4.53,7.78
1220,3.42,5.66
1221,3.98,4.84
1222,5.68,9.72
1223,5.09,9.66
1224,21.27,45.56
1225,31.36,68.8
1226,41.65,89.56
1227,43.24,114.84
1228,44.16,95.49
1229,39.46,124.29
1230,37.98,118.78
1231,32.36,100.41
1232,34.33,102.14
1233,33.87,106.38
1234,33.71,87.32
1235,34.18,84.91
1236,38.21,96.24
1237,31.04,78.9
1238,28.76,59.92
1239,35.13,89.25
1240,34.78,112.48
1241,35.12,107.13
1242,37.8,98.72
1243,38.35,108.51
1244,38.44,104.21
1245,38.89,112.36
1246,37.58,106.87
1247,38.16,96.37
1248,34.14,83.41
1249,34.82,76.48
1250,29.51,59.84
1251,27.46,57.67
1252,30.36,56.55
1253,28.31,54.59
1254,26.44,50.0
1255,28.31,54.39
1256,26.24,47.83
1257,25.34,52.53
1258,22.5,45.23
1259,21.14,36.56
1260,15.23,33.96
1261,8.45,12.18
1262,8.36,12.78
1263,6.41,7.63
1264,5.93,7.82
1265,4.02,5.3
1266,4.72,5.05
1267,6.33,7.27
1268,5.16,9.39
1269,7.21,9.54
1270,10.17,13.77
1271,5.39,7.31
1272,5.49,7.86
1273,8.7,15.91
1274,12.76,24.06
1275,12.07,22.38
1276,16.89,29.61
1277,17.94,34.81
1278,22.99,43.82
1279,20.73,42.9
1280,26.03,66.23
1281,33.71,87.32
1282,31.33,80.23
1283,29.16,63.3
1284,21.67,45.56
1285,33.87,75.49
1286,30.18,69.83
1287,34.78,83.61
1288,35.12,107.13
1289,37.8,98.72
1290,38.35,108.51
1291,38.44,104.21
1292,38.89,112.36
1293,37.58,106.87
1294,38.16,59.42
1295,34.14,82.25
1296,34.82,76.48
1297,29.51,59.84
1298,27.46,41.39
1299,30.36,56.55
1300,28.31,54.59
1301,26.44,50.0
1302,28.31,54.39
1303,26.24,47.83
1304,25.34,52.53
1305,22.5,45.23
1306,21.14,47.02
1307,19.3,34.95
1308,15.03,28.56
1309,13.54,29.42
1310,13.98,18.17
1311,12.62,17.21
1312,11.49,15.93
1313,12.25,15.15
1314,10.29,10.6
1315,10.88,16.43
1316,11.04,15.93
1317,15.4,26.99
1318,21.4,37.12
1319,31.36,68.8
1320,32.61,88.97
1321,34.02,84.39
1322,39.31,95.49
1323,32.35,85.26
1324,18.59,54.41
1325,28.69,56.86
1326,21.65,57.18
1327,30.31,79.15
1328,29.89,76.29
1329,27.5,69.39
1330,0.33,58.52
1331,12.87,39.78
1332,17.38,35.29
1333,35.13,77.42
1334,34.78,73.04
1335,18.19,56.04
1336,19.32,48.69
1337,13.54,69.33
1338,38.44,104.21
1339,25.78,86.22
1340,15.47,50.34
1341,18.65,60.7
1342,17.16,41.73
1343,17.75,48.0
1344,26.56,59.84
1345,26.32,57.67
1346,19.87,47.79
1347,15.07,30.58
1348,13.23,31.82
1349,18.72,50.36
1350,13.27,33.22
1351,11.51,23.06
1352,16.56,32.46
1353,10.81,20.6
1354,12.91,26.41
1355,13.31,23.57
1356,8.34,16.12
1357,5.34,7.52
1358,5.03,6.79
1359,8.93,14.57
1360,7.48,15.53
1361,7.36,11.4
1362,6.75,15.36
1363,7.23,11.46
1364,6.43,9.39
1365,7.55,12.39
1366,9.41,14.34
1367,12.78,18.76
1368,23.43,39.99
1369,22.22,34.88
1370,21.46,32.26
1371,26.09,38.06
1372,18.21,25.57
1373,18.78,27.37
1374,21.5,31.48
1375,27.56,45.46
1376,31.1,49.17
1377,21.29,31.23
1378,26.01,39.32
1379,28.82,44.27
1380,30.24,46.34
1381,28.44,43.66
1382,33.03,49.78
1383,22.13,30.64
1384,19.53,28.73
1385,20.18,25.8
1386,38.89,78.57
1387,37.58,81.13
1388,26.41,41.81
1389,15.05,20.9
1390,16.77,22.13
1391,25.8,38.35
1392,16.01,20.9
1393,15.82,19.7
1394,10.46,13.44
1395,16.05,21.97
1396,17.63,21.92
1397,10.96,13.81
1398,11.32,14.97
1399,6.23,7.99
1400,4.93,5.05
1401,5.78,7.29
1402,6.56,9.43
1403,7.46,8.11
1404,13.98,23.59
1405,12.62,23.14
1406,7.42,7.96
1407,10.94,13.73
1408,15.11,23.09
1409,19.64,41.42
1410,22.77,56.36
1411,34.87,73.06
1412,35.04,91.69
1413,41.65,89.56
1414,43.24,114.84
1415,44.16,95.49
1416,39.46,124.29
1417,37.98,118.78
1418,32.36,100.41
1419,34.33,102.14
1420,33.87,106.38
1421,33.71,87.32
1422,34.18,84.91
1423,38.21,96.24
1424,31.04,87.48
1425,33.87,114.13
1426,35.13,89.25
1427,34.78,112.48
1428,35.12,107.13
1429,37.8,98.72
1430,38.35,108.51
1431,12.35,93.74
1432,31.61,87.36
1433,26.55,106.87
1434,38.16,96.37
1435,34.14,83.41
1436,34.82,76.48
1437,29.51,59.84
1438,27.46,57.67
1439,30.36,56.55
1440,28.31,54.59
1441,26.44,50.0
1442,28.31,54.39
1443,26.24,47.83
1444,25.34,52.53
1445,22.5,45.23
1446,21.14,47.02
1447,19.3,34.95
1448,15.03,28.56
1449,14.77,29.42
1450,13.98,23.66
1451,12.62,18.3
1452,11.49,19.42
1453,12.25,21.86
1454,13.9,24.04
1455,13.03,22.74
1456,9.52,22.93
1457,15.11,24.14
1458,35.04,55.06
1459,16.98,25.88
1460,15.61,27.69
1461,13.64,18.95
1462,17.58,30.75
1463,7.0,28.04
1464,13.88,31.0
1465,9.51,25.38
1466,18.07,34.75
1467,33.87,65.03
1468,20.43,45.35
1469,31.33,67.34
1470,15.63,49.29
1471,27.41,59.34
1472,26.7,56.23
1473,24.25,50.51
1474,31.73,74.53
1475,35.12,87.88
1476,22.26,55.1
1477,34.89,77.19
1478,16.39,44.77
1479,14.4,38.84
1480,22.51,46.66
1481,18.28,45.02
1482,22.19,48.6
1483,15.32,34.1
1484,19.26,59.84
1485,10.71,22.72
1486,13.04,25.07
1487,20.27,35.53
1488,10.48,27.25
1489,9.31,21.73
1490,10.4,18.34
1491,8.76,17.98
1492,8.72,18.74
1493,8.22,15.66
1494,6.9,13.18
1495,5.79,10.84
1496,8.93,29.42
1497,7.1,11.63
1498,3.54,10.71
1499,7.36,11.55
1500,8.82,15.38
1501,13.9,24.04
1502,15.11,23.09
1503,7.76,12.37
1504,7.52,12.85
1505,6.29,11.53
1506,6.66,9.12
1507,10.61,17.4
1508,8.82,14.44
1509,9.18,17.86
1510,20.92,37.22
1511,6.85,13.39
1512,16.29,33.11
1513,34.33,74.57
1514,33.87,79.15
1515,18.46,40.41
1516,12.24,32.09
1517,13.62,38.38
1518,17.75,41.2
1519,14.19,37.05
1520,35.13,89.25
1521,16.83,50.68
1522,16.96,47.32
1523,24.25,67.19
1524,15.47,59.13
1525,19.01,56.34
1526,16.43,45.65
1527,19.24,52.12
1528,16.08,50.36
1529,24.19,51.85
1530,16.43,40.7
1531,18.99,44.92
1532,24.63,50.05
1533,21.86,43.2
1534,22.15,46.57
1535,21.51,44.94
1536,23.24,54.39
1537,20.3,46.64
1538,20.33,47.83
1539,16.22,35.27
1540,9.31,36.56
1541,13.12,23.1
1542,7.25,11.3
1543,5.79,13.25
1544,6.16,8.38
1545,6.64,7.8
1546,7.63,10.35
1547,6.2,8.28
1548,6.64,10.71
1549,10.63,16.66
1550,11.84,20.33
1551,14.46,30.1
1552,21.34,33.55
1553,35.04,91.69
1554,41.65,145.72
1555,43.24,114.84
1556,39.31,95.49
1557,39.46,124.29
1558,37.98,118.78
1559,32.36,100.41
1560,34.33,102.14
1561,33.87,106.38
1562,33.71,87.32
1563,34.18,84.91
1564,38.21,82.9
1565,31.04,87.48
1566,33.87,83.42
1567,24.63,64.99
1568,34.78,82.56
1569,25.49,87.88
1570,37.8,90.61
1571,34.89,104.99
1572,32.53,104.21
1573,38.89,87.36
1574,32.03,66.54
1575,22.51,51.27
1576,28.09,61.64
1577,18.47,51.83
1578,20.1,45.48
1579,13.81,29.09
1580,15.03,31.94
1581,28.31,54.59
1582,9.68,20.75
1583,13.81,27.6
1584,12.99,20.73
1585,8.4,21.25
1586,8.11,16.87
1587,7.08,13.9
1588,7.27,7.65
1589,5.6,6.46
1590,4.44,7.15
1591,3.61,2.68
1592,6.35,7.1
1593,3.94,3.44
1594,3.16,2.03
1595,2.6,1.93
1596,4.65,3.94
1597,6.35,7.44
1598,5.32,7.84
1599,12.2,22.85
1600,10.6,22.2
1601,10.63,42.57
1602,12.64,43.55
1603,27.02,67.8
1604,21.75,55.5
1605,21.57,56.13
1606,20.54,45.75
1607,23.49,50.6
1608,24.25,55.52
1609,8.49,48.31
1610,20.1,48.56
1611,23.6,68.22
1612,25.59,53.91
1613,21.48,54.98
1614,21.04,58.68
1615,34.78,83.61
1616,35.12,107.13
1617,37.8,87.76
1618,38.35,108.51
1619,35.41,104.21
1620,38.89,112.36
1621,18.86,53.57
1622,20.69,42.59
1623,15.57,38.58
1624,10.84,30.16
1625,11.97,28.13
1626,13.77,34.06
1627,12.45,21.73
1628,9.39,21.21
1629,11.57,24.82
1630,12.03,24.67
1631,7.63,15.7
1632,14.1,21.65
1633,6.5,14.36
1634,10.02,17.88
1635,8.01,10.81
1636,7.8,9.54
1637,6.85,7.75
1638,6.77,5.95
1639,4.48,4.82
1640,4.3,4.26
1641,4.04,4.55
1642,4.23,3.96
1643,7.73,7.17
1644,5.11,6.02
1645,6.98,8.26
1646,12.74,20.27
1647,18.3,29.03
1648,20.41,49.17
1649,18.49,40.3
1650,20.52,49.99
1651,20.16,47.24
1652,15.03,40.81
1653,15.76,58.03
1654,18.51,39.23
1655,17.44,43.05
1656,22.17,55.73
1657,21.04,48.18
1658,25.05,49.73
1659,31.12,68.08
1660,21.96,64.45
1661,22.99,59.98
1662,22.51,73.48
1663,34.57,74.49
1664,23.37,69.65
1665,31.48,104.21
1666,38.89,87.36
1667,29.15,67.82
1668,21.02,65.04
1669,26.47,65.77
1670,15.74,40.33
1671,20.41,42.4
1672,15.7,31.08
1673,11.93,24.37
1674,13.37,34.64
1675,14.71,29.45
1676,15.24,24.35
1677,17.19,35.09
1678,17.75,27.67
1679,13.23,21.0
1680,10.94,20.87
1681,10.56,14.61
1682,13.31,15.93
1683,10.5,11.55
1684,7.88,7.96
1685,6.83,7.84
1686,10.86,11.11
1687,8.38,7.9
1688,7.67,6.27
1689,7.52,6.41
1690,6.41,8.91
1691,9.01,14.02
1692,12.53,19.45
1693,20.77,46.76
1694,24.79,70.69
1695,34.02,84.39
1696,39.31,95.49
1697,39.46,85.26
1698,27.65,68.91
1699,26.32,62.44
1700,33.73,74.57
1701,33.87,106.38
1702,33.71,87.32
1703,34.18,84.91
1704,38.21,96.24
1705,31.04,87.48
1706,33.87,83.42
1707,35.13,89.25
1708,34.78,112.48
1709,35.12,107.13
1710,37.8,98.72
1711,38.35,108.51
1712,38.44,104.21
1713,33.23,112.36
1714,37.58,106.87
1715,30.22,96.37
1716,28.91,71.13
1717,28.25,66.09
1718,19.26,59.84
1719,27.46,57.67
1720,23.36,56.55
1721,15.63,54.59
1722,21.23,38.1
1723,27.65,54.39
1724,20.3,42.0
1725,21.55,52.53
1726,19.49,42.48
1727,15.99,36.56
1728,14.31,33.96
1729,10.1,22.66
1730,14.77,29.42
1731,7.29,10.5
1732,9.16,14.46
1733,9.31,11.19
1734,8.8,10.84
1735,9.85,12.2
1736,12.79,20.83
1737,12.14,16.49
1738,11.51,16.89
1739,13.56,57.07
1740,31.36,68.8
1741,41.65,89.56
1742,34.02,84.39
1743,44.16,190.5
1744,39.46,124.29
1745,37.98,118.78
1746,32.36,100.41
1747,34.33,102.14
1748,33.87,106.38
1749,33.71,87.32
1750,34.18,84.91
1751,38.21,96.24
1752,31.04,87.48
1753,33.87,114.13
1754,35.13,89.25
1755,34.78,112.48
1756,35.12,107.13
1757,37.8,98.72
1758,38.35,108.51
1759,29.57,104.21
1760,38.89,112.36
1761,37.58,106.87
1762,38.16,96.37
1763,34.14,83.41
1764,34.82,76.48
1765,29.51,59.84
1766,27.46,57.67
1767,30.36,56.55
1768,28.31,54.59
1769,21.51,50.0
1770,23.7,47.03
1771,18.9,34.14
1772,18.53,37.24
1773,19.95,45.23
1774,18.38,47.02
1775,15.23,28.27
1776,15.03,28.56
1777,11.26,14.84
1778,11.51,16.75
1779,10.77,15.93
1780,10.98,17.96
1781,13.63,24.04
1782,8.74,10.79
1783,9.45,13.16
1784,8.89,13.71
1785,9.1,11.91
1786,9.64,15.51
1787,15.53,31.65
1788,13.83,25.11
1789,15.8,35.09
1790,13.44,48.39
1791,18.42,61.54
1792,21.92,77.69
1793,23.08,74.57
1794,30.31,106.38
1795,28.69,87.32
1796,24.44,84.91
1797,17.17,47.87
1798,16.43,53.59
1799,20.0,74.17
1800,21.76,77.84
1801,18.65,48.9
1802,23.52,60.36
1803,22.93,51.87
1804,25.61,77.74
1805,26.87,82.64
1806,32.78,81.01
1807,26.51,66.36
1808,22.26,47.07
1809,23.72,53.63
1810,21.23,55.65
1811,21.53,44.43
1812,19.43,52.75
1813,23.36,56.55
1814,23.3,54.59
1815,18.74,40.51
1816,17.4,34.41
1817,26.24,47.83
1818,25.34,52.53
1819,22.5,45.23
1820,21.14,47.02
1821,15.23,34.95
1822,15.03,28.56
1823,14.77,29.42
1824,13.98,23.66
1825,12.62,23.14
1826,11.49,19.42
1827,12.25,21.86
1828,13.9,24.04
1829,12.74,23.09
1830,11.57,19.74
1831,12.24,16.83
1832,12.76,19.28
1833,12.07,16.83
1834,18.17,26.81
1835,15.34,24.44
1836,21.61,36.8
1837,0.0,32.99
1838,21.53,45.46
1839,18.65,34.56
1840,19.99,40.79
1841,23.72,59.02
1842,23.16,48.85
1843,25.34,53.72
1844,19.99,48.94
1845,25.19,56.23
1846,19.51,48.48
1847,27.31,66.17
1848,26.97,58.81
1849,21.59,50.97
1850,24.25,72.33
1851,32.63,77.34
1852,25.09,69.77
1853,27.37,62.6
1854,30.98,68.81
1855,30.22,75.14
1856,25.59,65.12
1857,34.82,76.48
1858,29.51,54.84
1859,27.46,57.67
1860,21.96,46.21
1861,11.63,54.59
1862,26.44,50.0
1863,28.31,54.39
1864,26.24,47.83
1865,25.34,52.53
1866,19.95,42.32
1867,21.14,36.56
1868,19.3,34.95
1869,15.03,28.56
1870,14.77,29.42
1871,11.51,13.16
1872,11.49,14.38
1873,12.25,13.1
1874,13.9,16.83
1875,15.11,19.51
1876,12.49,17.92
1877,22.77,56.09
1878,33.62,53.54
1879,28.05,51.01
1880,29.2,75.31
1881,34.02,84.39
1882,44.16,95.49
1883,39.46,124.29
1884,37.98,78.8
1885,32.36,77.69
1886,34.33,74.57
1887,33.87,79.15
1888,33.71,87.32
1889,34.18,84.91
1890,38.21,82.9
1891,31.04,87.48
1892,33.87,83.42
1893,35.13,74.51
1894,34.78,112.48
1895,35.12,103.12
1896,37.8,80.73
1897,38.35,81.05
1898,31.86,60.84
1899,22.61,38.12
1900,19.83,35.78
1901,18.34,31.48
1902,17.86,27.73
1903,15.4,21.61
1904,11.76,17.37
1905,8.47,11.46
1906,9.79,12.76
1907,11.23,14.94
1908,9.26,12.14
1909,8.93,11.23
1910,10.04,12.93
1911,8.63,12.22
1912,6.6,8.68
1913,6.22,8.68
1914,5.14,6.02
1915,4.0,5.41
1916,3.86,4.78
1917,3.16,3.69
1918,2.89,3.69
1919,2.39,3.39
1920,2.41,3.14
1921,2.07,2.56
1922,2.39,3.48
1923,8.05,9.31
1924,4.3,5.39
1925,6.12,8.51
1926,9.83,18.69
1927,11.34,17.16
1928,29.55,47.01
1929,21.32,34.12
1930,18.36,30.33
1931,19.58,29.72
1932,18.07,26.83
1933,15.8,24.5
1934,18.82,32.3
1935,19.83,32.95
1936,20.67,37.91
1937,19.07,29.26
1938,20.18,33.37
1939,21.25,36.13
1940,21.21,34.27
1941,26.87,45.9
1942,31.12,53.74
1943,31.42,56.88
1944,33.68,62.69
1945,20.37,35.13
1946,20.06,35.21
1947,19.56,34.35
1948,16.81,26.45
1949,18.86,31.52
1950,17.16,27.46
1951,17.84,26.87
1952,11.78,18.36
1953,8.57,13.27
1954,10.84,16.47
1955,10.46,15.3
1956,8.17,11.53
1957,6.31,10.88
1958,6.66,9.49
1959,4.72,8.01
1960,3.84,5.16
1961,3.5,4.93
1962,3.02,4.0
1963,2.77,3.21
1964,2.66,1.66
1965,2.31,2.75
1966,2.66,2.83
1967,2.83,2.66
1968,3.48,3.44
1969,3.65,3.1
1970,3.9,4.11
1971,7.5,9.93
1972,8.13,10.73
1973,9.83,14.31
1974,10.61,16.62
1975,12.39,18.23
1976,13.37,19.47
1977,10.92,15.84
1978,10.71,15.53
1979,10.12,15.07
1980,9.93,13.79
1981,8.66,12.14
1982,10.77,16.12
1983,10.56,16.24
1984,9.77,14.76
1985,10.02,15.76
1986,8.57,13.27
1987,9.87,14.48
1988,10.96,16.47
1989,8.76,13.31
1990,12.34,18.4
1991,11.25,17.61
1992,9.58,15.53
1993,8.26,12.41
1994,9.96,15.17
1995,8.76,13.16
1996,7.92,10.88
1997,8.36,12.24
1998,7.48,12.01
1999,6.35,8.78
2000,6.16,7.67
2001,6.04,8.07
2002,4.76,7.5
2003,4.4,6.43
2004,4.61,5.76
2005,5.7,8.43
2006,4.32,6.23
2007,5.07,5.24
2008,5.6,5.87
2009,5.76,6.06
2010,2.54,3.4
2011,2.95,2.58
2012,2.31,2.12
2013,2.33,1.87
2014,2.83,3.29
2015,2.37,3.06
2016,5.81,6.04
2017,5.79,5.87
2018,3.52,3.54
2019,3.0,3.94
2020,5.28,8.64
2021,9.39,14.15
2022,10.25,15.74
2023,11.38,17.71
2024,10.69,15.3
2025,10.94,15.64
2026,11.93,19.64
2027,10.35,14.78
2028,12.79,21.21
2029,11.17,18.51
2030,12.34,20.29
2031,10.42,18.42
2032,11.99,19.81
2033,9.29,17.35
2034,12.87,22.3
2035,10.61,18.34
2036,13.94,25.97
2037,8.97,15.93
2038,13.31,22.74
2039,11.67,19.76
2040,14.38,23.28
2041,14.32,25.23
2042,20.41,33.43
2043,13.41,21.08
2044,14.84,19.99
2045,16.2,22.61
2046,12.3,19.16
2047,9.85,16.06
2048,11.78,17.81
2049,9.33,13.43
2050,9.87,15.51
2051,8.51,12.18
2052,10.5,15.13
2053,8.17,10.86
2054,8.53,12.01
2055,5.74,7.57
2056,3.77,4.46
2057,4.0,4.93
2058,2.47,2.18
2059,3.88,5.89
2060,2.6,3.35
2061,3.67,4.7
2062,2.1,2.43
2063,4.76,5.47
2064,3.63,4.32
2065,8.85,10.37
2066,11.02,14.29
2067,13.71,24.44
2068,15.28,23.1
2069,15.28,23.54
2070,17.1,30.49
2071,20.88,32.13
2072,19.58,29.51
2073,19.79,31.21
2074,21.53,38.08
2075,25.63,46.59
2076,20.08,37.48
2077,20.41,37.5
2078,19.99,35.5
2079,20.22,34.21
2080,13.64,25.0
2081,14.15,25.86
2082,14.54,25.46
2083,16.43,26.72
2084,17.63,27.25
2085,23.45,37.05
2086,15.66,24.06
2087,12.78,18.7
2088,15.97,23.79
2089,20.22,29.26
2090,19.49,30.06
2091,18.61,25.63
2092,17.82,25.24
2093,11.21,15.36
2094,10.61,15.89
2095,9.18,12.53
2096,10.73,15.26
2097,7.65,10.6
2098,8.74,13.5
2099,8.41,12.07
2100,7.67,12.16
2101,6.6,10.35
2102,7.99,11.48
2103,7.0,9.33
2104,5.78,9.01
2105,6.75,7.8
2106,6.22,7.29
2107,4.07,5.45
2108,5.43,8.82
2109,3.54,4.11
2110,3.6,3.88
2111,3.35,4.15
2112,3.81,4.7
2113,2.89,3.06
2114,3.67,4.92
2115,5.41,6.98
2116,5.22,6.58
2117,4.93,6.56
2118,4.67,6.04
2119,6.69,9.2
2120,9.72,14.04
2121,13.79,20.02
2122,13.25,18.25
2123,13.0,18.76
2124,14.23,19.95
2125,14.4,23.5
2126,13.6,22.57
2127,13.12,20.1
2128,11.23,18.49
2129,12.45,19.7
2130,12.24,20.54
2131,13.92,23.83
2132,11.15,18.61
2133,11.61,18.74
2134,9.03,13.44
2135,11.15,18.13
2136,12.49,17.63
2137,13.87,19.12
2138,12.37,17.1
2139,10.96,16.87
2140,11.09,15.87
2141,8.41,12.87
2142,7.25,10.94
2143,6.45,9.22
2144,6.64,11.53
2145,5.14,9.05
2146,3.67,6.39
2147,4.17,7.29
2148,6.45,10.88
2149,5.68,9.05
2150,5.47,9.37
2151,4.48,6.9
2152,3.27,6.43
2153,3.56,6.37
2154,3.27,4.67
2155,4.26,5.53
2156,3.84,4.99
2157,4.26,5.47
2158,3.23,5.16
2159,2.3,3.52
2160,2.7,3.81
2161,3.21,5.41
2162,2.43,3.96
2163,2.58,4.61
2164,4.09,5.57
2165,4.32,4.95
2166,4.74,5.89
2167,5.09,6.67
2168,6.2,7.82
2169,6.31,9.28
2170,11.42,16.03
2171,34.18,72.35
2172,28.5,55.75
2173,31.04,62.63
2174,31.12,60.0
2175,20.12,89.25
2176,29.57,52.57
2177,24.5,39.05
2178,27.83,41.08
2179,16.94,23.89
2180,18.49,24.56
2181,18.99,25.61
2182,24.0,33.83
2183,29.91,48.29
2184,27.27,38.61
2185,20.43,27.46
2186,19.2,26.56
2187,27.46,45.44
2188,30.22,44.73
2189,22.03,29.3
2190,20.73,26.76
2191,23.12,30.73
2192,15.76,20.39
2193,12.89,16.96
2194,9.31,11.46
2195,12.72,15.49
2196,5.91,8.17
2197,2.6,4.21
2198,3.31,4.72
2199,4.53,5.3
2200,3.12,4.34
2201,2.87,3.82
2202,2.47,3.77
2203,3.79,4.42
2204,8.26,10.61
2205,10.84,13.04
2206,18.84,26.66
2207,31.36,68.8
2208,41.65,77.76
2209,34.02,58.27
2210,44.16,81.87
2211,39.46,85.26
2212,37.98,118.78
2213,32.36,77.69
2214,34.33,102.14
2215,33.87,79.15
2216,33.71,87.32
2217,34.18,84.91
2218,38.21,95.5
2219,31.04,61.85
2220,31.12,62.52
2221,35.13,81.3
2222,34.78,81.45
2223,35.12,87.88
2224,23.94,77.88
2225,33.41,58.12
2226,38.44,104.21
2227,38.89,112.36
2228,37.58,106.87
2229,38.16,96.37
2230,34.14,83.41
2231,34.82,76.48
2232,29.51,59.84
2233,27.46,57.67
2234,30.36,56.55
2235,28.31,54.59
2236,26.44,50.0
2237,28.31,54.39
2238,26.24,47.83
2239,25.34,52.53
2240,22.5,45.23
2241,21.14,47.02
2242,19.3,34.95
2243,15.03,28.56
2244,14.77,29.42
2245,13.98,23.66
2246,12.62,23.14
2247,11.49,19.42
2248,12.25,21.86
2249,13.9,24.04
2250,15.11,23.09
2251,19.64,41.42
2252,22.77,56.36
2253,35.04,91.69
2254,41.92,68.8
2255,41.65,145.72
2256,43.24,114.84
2257,44.16,95.49
2258,39.46,124.29
2259,37.98,78.8
2260,32.36,100.41
2261,34.33,102.14
2262,33.87,106.38
2263,33.71,87.32
2264,34.18,84.91
2265,38.21,96.24
2266,31.04,87.48
2267,33.87,114.13
2268,35.13,89.25
2269,34.78,112.48
2270,35.12,107.13
2271,37.8,98.72
2272,38.35,108.51
2273,38.44,104.21
2274,33.23,77.69
2275,32.03,60.15
2276,30.22,66.75
2277,34.07,68.12
2278,34.82,76.48
2279,29.51,59.84
2280,27.46,57.67
2281,30.36,56.55
2282,28.31,54.59
2283,26.44,50.0
2284,28.31,54.39
2285,26.24,47.83
2286,25.34,41.12
2287,14.78,22.8
2288,21.14,47.02
2289,19.3,34.95
2290,15.03,28.56
2291,14.77,29.42
2292,13.98,23.66
2293,11.3,12.3
2294,11.49,19.42
2295,12.25,21.86
2296,12.17,13.98
2297,15.11,23.09
2298,19.64,25.59
2299,22.77,37.64
2300,24.01,53.54
2301,35.04,88.64
2302,41.65,89.56
2303,43.24,114.84
2304,44.16,190.5
2305,39.46,124.29
2306,37.98,118.78
2307,32.36,100.41
2308,34.33,102.14
2309,33.87,106.38
2310,33.71,87.32
2311,34.18,84.91
2312,38.21,96.24
2313,31.04,87.48
2314,33.87,114.13
2315,35.13,89.25
2316,34.78,112.48
2317,35.12,107.13
2318,37.8,98.72
2319,38.35,108.51
2320,38.44,104.21
2321,31.65,112.36
2322,37.58,106.87
2323,38.16,78.73
2324,34.14,83.41
2325,34.82,76.48
2326,29.51,59.84
2327,27.46,57.67
2328,30.36,56.55
2329,23.3,40.81
2330,21.51,33.66
2331,21.55,32.74
2332,20.3,36.3
2333,21.55,34.86
2334,22.5,45.23
2335,18.95,36.56
2336,11.38,15.47
2337,7.92,10.04
2338,11.46,16.03
2339,10.84,15.64
2340,8.3,9.91
2341,7.27,9.52
2342,6.73,17.97
2343,10.96,13.83
2344,13.03,18.4
2345,19.72,28.17
2346,22.53,30.01
2347,28.05,55.33
2348,31.36,67.86
2349,36.47,89.56
2350,34.02,84.39
2351,37.14,95.49
2352,37.98,120.26
2353,37.98,116.82
2354,32.36,100.41
2355,34.33,102.14
2356,33.87,106.38
2357,33.71,87.32
2358,34.18,84.91
2359,36.26,96.24
2360,31.04,87.48
2361,33.87,114.13
2362,35.13,89.25
2363,31.73,78.49
2364,35.12,84.51
2365,34.57,77.65
2366,31.96,65.08
2367,34.14,73.57
2368,31.82,70.0
2369,32.03,65.01
2370,38.16,78.73
2371,34.14,83.41
2372,34.82,66.09
2373,29.51,59.84
2374,27.46,50.09
2375,23.36,42.73
2376,28.31,51.3
2377,26.21,39.51
2378,22.3,31.25
2379,20.0,31.29
2380,15.74,22.59
2381,12.83,17.08
2382,10.92,17.21
2383,8.07,11.02
2384,6.16,8.47
2385,6.43,8.3
2386,6.52,7.4
2387,5.45,5.99
2388,5.28,5.55
2389,4.86,5.53
2390,4.67,5.26
2391,5.99,6.67
2392,6.83,8.26
2393,7.06,7.44
2394,3.52,5.7
2395,4.32,7.88
2396,4.4,10.1
2397,3.94,8.7
2398,6.98,15.51
2399,7.96,15.09
2400,16.7,28.48
2401,10.25,20.79
2402,9.12,21.15
2403,14.21,33.56
2404,16.2,37.79
2405,17.16,38.36
2406,18.93,44.89
2407,28.27,60.19
2408,21.55,55.88
2409,28.99,71.3
2410,30.68,70.05
2411,35.12,81.13
2412,37.8,90.61
2413,38.35,84.32
2414,21.06,33.68
2415,18.42,25.61
2416,13.9,20.12
2417,13.02,17.67
2418,11.44,16.73
2419,12.83,18.49
2420,10.1,12.79
2421,7.5,10.48
2422,6.33,7.98
2423,7.15,8.84
2424,7.44,11.32
2425,6.96,8.76
2426,7.21,9.68
2427,6.35,8.45
2428,5.45,8.3
2429,6.22,8.32
2430,6.37,10.6
2431,5.62,9.31
2432,4.57,7.65
2433,3.42,5.07
2434,2.28,3.81
2435,2.91,3.94
2436,4.51,5.3
2437,3.23,3.98
2438,1.97,2.31
2439,7.84,14.02
2440,8.85,13.06
2441,6.62,7.32
2442,7.21,7.63
2443,34.96,53.51
2444,43.24,79.12
2445,30.75,47.81
2446,39.46,124.29
2447,37.98,78.8
2448,32.36,100.41
2449,21.5,29.62
2450,10.94,16.14
2451,8.07,11.8
2452,9.16,14.32
2453,8.97,14.0
2454,11.49,18.9
2455,11.0,17.02
2456,14.19,24.38
2457,11.69,18.93
2458,9.81,14.82
2459,11.4,17.94
2460,15.61,23.43
2461,10.94,16.35
2462,11.9,16.29
2463,12.34,16.18
2464,10.94,16.37
2465,11.21,15.2
2466,11.04,15.82
2467,11.72,17.5
2468,13.1,20.1
2469,13.12,18.82
2470,9.58,13.56
2471,10.69,15.07
2472,17.54,38.5
2473,26.24,47.83
2474,25.34,52.53
2475,22.5,45.23
2476,21.14,47.02
2477,19.3,34.95
2478,15.03,28.56
2479,14.77,29.42
2480,13.98,23.66
2481,12.62,23.14
2482,11.49,19.42
2483,12.25,21.86
2484,13.9,24.04
2485,15.11,23.09
2486,22.77,37.64
2487,24.01,44.6
2488,22.62,48.2
2489,31.36,63.11
2490,41.65,89.56
2491,43.24,84.39
2492,39.31,95.49
2493,39.46,72.41
2494,37.98,78.8
2495,32.36,100.41
2496,34.33,102.14
2497,33.87,106.38
2498,33.71,87.32
2499,34.18,84.91
2500,38.21,96.24
2501,31.04,87.48
2502,33.87,114.13
2503,35.13,89.25
2504,34.78,112.48
2505,35.12,107.13
2506,37.8,98.72
2507,38.35,108.51
2508,38.44,104.21
2509,38.89,112.36
2510,37.58,106.87
2511,38.16,96.37
2512,34.14,83.41
2513,34.82,76.48
2514,29.51,59.84
2515,27.46,57.67
2516,30.36,56.55
2517,28.31,54.59
2518,26.44,50.0
2519,28.31,54.39
2520,26.24,47.83
2521,25.34,52.53
2522,22.5,45.23
2523,21.14,47.02
2524,19.3,34.95
2525,15.03,28.56
2526,14.77,29.42
2527,13.98,23.66
2528,12.62,23.14
2529,11.49,19.42
2530,12.25,21.86
2531,13.03,18.0
2532,12.68,16.37
2533,15.32,28.74
2534,14.76,26.66
2535,25.19,53.97
2536,32.99,71.87
2537,24.04,48.96
2538,39.31,87.08
2539,27.46,55.56
2540,24.12,44.14
2541,23.52,40.89
2542,27.14,52.78
2543,29.74,79.15
2544,23.73,51.16
2545,24.06,52.42
2546,23.62,52.48
2547,27.46,57.6
2548,25.74,53.72
2549,25.63,57.3
2550,19.14,45.46
2551,31.36,69.81
2552,21.13,49.07
2553,30.1,70.51
2554,30.93,87.52
2555,38.89,87.36
2556,28.94,67.01
2557,22.13,47.18
2558,24.81,47.6
2559,14.02,37.31
2560,17.5,40.87
2561,9.33,24.21
2562,15.63,26.81
2563,12.66,21.97
2564,12.39,21.21
2565,9.45,18.76
2566,11.65,23.28
2567,9.52,21.99
2568,8.82,19.11
2569,12.57,21.17
2570,8.43,11.49
2571,6.22,10.6
2572,7.23,11.11
2573,5.05,15.01
2574,7.17,9.6
2575,8.57,10.56
2576,8.26,14.29
2577,8.07,9.68
2578,9.64,10.27
2579,10.38,14.4
2580,8.03,10.35
2581,9.03,12.85
2582,12.3,17.33
2583,14.25,29.07
2584,18.15,34.71
2585,22.59,50.87
2586,18.65,33.99
2587,18.99,36.32
2588,20.22,48.96
2589,18.51,40.35
2590,17.73,46.26
2591,22.28,43.28
2592,23.6,59.42
2593,27.67,74.03
2594,31.04,87.48
2595,31.12,81.7
2596,35.13,89.25
2597,34.78,112.48
2598,34.78,87.88
2599,21.21,60.24
2600,31.21,86.52
2601,26.32,74.28
2602,30.98,87.36
2603,32.03,106.87
2604,30.22,96.37
2605,28.91,71.13
2606,34.82,76.48
2607,26.56,59.84
2608,27.46,57.67
2609,30.36,56.55
2610,28.31,54.59
2611,26.44,50.0
2612,28.31,54.39
2613,26.24,47.83
2614,25.34,52.53
2615,22.5,45.23
2616,21.14,47.02
2617,19.3,34.95
2618,15.03,28.56
2619,14.77,29.42
2620,13.98,23.66
2621,12.62,23.14
2622,11.49,19.42
2623,12.25,21.03
2624,13.9,18.82
2625,12.91,16.75
2626,19.72,25.42
2627,14.67,26.49
2628,16.81,29.09
2629,14.11,51.33
2630,31.82,70.63
2631,34.02,114.84
2632,33.62,95.49
2633,39.46,124.29
2634,37.98,118.78
2635,32.36,100.41
2636,34.33,102.14
2637,33.87,106.38
2638,33.71,87.32
2639,34.18,84.91
2640,36.26,96.24
2641,31.04,87.48
2642,33.87,114.13
2643,35.13,89.25
2644,34.78,112.48
2645,35.12,107.13
2646,37.8,98.72
2647,38.35,108.51
2648,35.41,104.21
2649,38.89,112.36
2650,37.58,106.87
2651,30.22,96.37
2652,28.91,83.41
2653,13.58,64.76
2654,22.55,54.84
2655,26.47,55.31
2656,22.09,56.55
2657,20.85,47.28
2658,18.26,34.71
2659,19.87,40.85
2660,20.3,47.83
2661,17.12,44.22
2662,16.28,31.75
2663,18.95,35.23
2664,19.3,34.95
2665,15.03,28.56
2666,14.0,29.42
2667,13.6,17.06
2668,12.62,17.63
2669,11.49,16.56
2670,12.25,14.21
2671,12.17,13.94
2672,12.26,12.78
2673,11.53,12.05
2674,11.69,14.0
2675,7.36,11.21
2676,6.46,9.16
2677,6.6,9.58
2678,5.62,9.89
2679,7.86,12.51
2680,7.86,14.92
2681,7.92,12.85
2682,11.15,20.1
2683,9.18,15.03
2684,11.59,18.88
2685,14.9,26.93
2686,14.1,22.13
2687,17.14,27.41
2688,19.43,33.11
2689,18.91,33.89
2690,16.64,27.48
2691,16.72,27.64
2692,15.09,24.86
2693,16.91,28.78
2694,19.16,32.67
2695,12.34,20.88
2696,11.13,18.47
2697,9.73,15.84
2698,9.6,14.99
2699,8.13,13.94
2700,7.52,11.97
2701,7.08,12.24
2702,7.0,13.02
2703,6.06,9.79
2704,5.66,9.7
2705,5.05,8.26
2706,5.7,9.62
2707,5.14,7.96
2708,4.32,7.57
2709,4.36,6.39
2710,3.39,4.88
2711,2.64,3.08
2712,2.91,2.81
2713,3.4,5.49
2714,2.52,2.72
2715,3.0,2.95
2716,3.19,3.42
2717,2.3,1.95
2718,2.01,1.51
2719,1.49,1.22
2720,2.07,2.28
2721,4.26,4.48
2722,2.72,4.67
2723,3.71,4.49
2724,11.55,17.54
2725,6.5,10.06
2726,7.23,12.41
2727,4.38,6.96
2728,5.16,9.41
2729,8.45,15.47
2730,5.58,9.64
2731,6.66,11.69
2732,8.8,15.09
2733,8.15,15.19
2734,9.43,15.4
2735,9.45,17.44
2736,7.8,13.1
2737,10.27,17.88
2738,11.55,18.32
2739,10.54,18.26
2740,8.45,14.34
2741,10.29,17.82
2742,9.45,16.45
2743,7.52,13.69
2744,7.55,14.54
2745,8.3,13.83
2746,5.7,9.41
2747,5.01,8.15
2748,4.72,6.85
2749,4.55,7.32
2750,3.23,5.41
2751,3.08,4.88
2752,4.05,6.77
2753,4.19,7.06
2754,3.52,6.2
2755,3.12,7.0
2756,3.46,6.81
2757,5.66,8.8
2758,4.97,9.39
2759,15.03,28.56
2760,7.25,10.77
2761,5.91,8.24
2762,3.9,7.42
2763,3.27,5.89
2764,5.81,9.43
2765,7.69,10.82
2766,5.58,7.11
2767,6.83,8.45
2768,8.7,10.1
2769,3.5,5.7
2770,4.51,6.2
2771,4.11,6.2
2772,4.8,7.13
2773,3.39,5.97
2774,6.29,7.34
2775,5.57,7.23
2776,8.34,11.23
2777,4.8,7.8
2778,9.75,13.92
2779,17.37,28.61
2780,17.69,36.68
2781,16.41,37.81
2782,17.98,38.63
2783,12.97,29.61
2784,11.88,30.29
2785,11.63,35.3
2786,12.01,36.95
2787,19.91,59.69
2788,14.57,37.24
2789,14.97,38.29
2790,13.77,41.1
2791,11.93,31.75
2792,12.09,28.63
2793,13.14,33.6
2794,12.68,30.37
2795,17.29,45.61
2796,24.58,49.19
2797,16.7,27.14
2798,14.65,25.97
2799,14.06,24.94
2800,17.75,29.93
2801,11.34,18.36
2802,8.55,12.78
2803,9.52,15.36
2804,8.07,11.61
2805,6.75,9.62
2806,6.35,8.55
2807,6.29,8.05
2808,5.16,6.66
2809,4.86,6.73
2810,5.07,6.23
2811,5.41,6.83
2812,4.9,6.31
2813,4.49,6.25
2814,5.01,6.48
2815,5.05,6.06
2816,5.58,7.08
2817,4.69,6.04
2818,5.97,8.53
2819,4.63,5.2
2820,4.51,6.2
2821,5.51,6.81
2822,5.3,7.31
2823,7.21,9.54
2824,6.2,9.28
2825,8.55,12.93
2826,7.34,10.31
2827,7.55,11.07
2828,9.35,12.39
2829,11.7,18.11
2830,14.57,22.68
2831,11.86,17.81
2832,13.94,20.73
2833,18.07,29.18
2834,18.61,29.8
2835,16.12,26.43
2836,15.19,23.24
2837,15.15,24.15
2838,10.81,15.85
2839,10.58,14.27
2840,8.41,12.58
2841,8.49,12.7
2842,7.54,12.64
2843,7.31,9.96
2844,6.45,9.03
2845,7.46,11.36
2846,5.91,8.51
2847,4.82,7.13
2848,4.3,7.27
2849,4.93,6.73
2850,4.42,5.97
2851,4.21,5.34
2852,2.81,3.94
2853,1.84,3.14
2854,2.49,3.33
2855,2.2,2.73
2856,2.73,3.12
2857,2.33,3.65
2858,3.02,4.57
2859,3.61,5.07
2860,3.48,4.28
2861,6.52,8.05
2862,4.61,7.29
2863,11.21,16.06
2864,19.6,30.79
2865,12.53,21.06
2866,15.43,25.38
2867,13.33,21.71
2868,14.36,21.63
2869,10.23,16.35
2870,7.82,13.79
2871,8.38,13.1
2872,9.01,15.85
2873,6.41,11.93
2874,7.86,13.54
2875,7.0,11.86
2876,9.2,16.52
2877,8.01,15.64
2878,9.56,16.98
2879,8.59,15.63
2880,9.07,16.01
2881,10.16,17.58
2882,7.75,16.12
2883,7.42,13.48
2884,9.47,15.55
2885,7.13,13.18
2886,6.73,11.86
2887,5.55,9.85
2888,4.65,7.34
2889,4.42,7.98
2890,4.42,7.98
2891,6.43,10.19
2892,6.5,10.67
2893,6.75,9.94
2894,6.01,9.7
2895,5.37,8.28
2896,4.57,7.63
2897,3.69,6.64
2898,3.67,6.2
2899,1.19,2.75
2900,2.37,4.25
2901,2.24,3.12
2902,2.16,4.07
2903,1.66,3.02
2904,3.04,5.76
2905,3.12,5.11
2906,2.89,5.53
2907,11.23,14.25
2908,8.64,14.23
2909,11.78,19.95
2910,20.87,42.94
2911,19.76,33.3
2912,24.67,43.22
2913,24.75,45.44
2914,18.34,30.68
2915,25.99,42.63
2916,24.59,38.9
2917,29.17,57.57
2918,25.91,45.36
2919,21.48,37.6
2920,22.47,39.91
2921,19.39,35.04
2922,24.48,44.24
2923,16.56,30.96
2924,17.6,31.75
2925,24.17,43.91
2926,24.37,47.54
2927,23.31,44.7
2928,24.33,44.64
2929,27.85,50.78
2930,29.49,57.39
2931,18.26,29.66
2932,9.72,18.03
2933,13.23,24.21
2934,14.52,24.29
2935,9.98,14.25
2936,11.25,17.04
2937,23.28,36.03
2938,13.1,22.72
2939,6.27,12.2
2940,9.33,16.37
2941,5.97,11.55
2942,7.15,14.23
2943,7.17,14.06
2944,6.23,11.3
2945,6.22,8.87
2946,2.03,3.25
2947,1.53,3.12
2948,1.82,3.35
2949,1.99,3.21
2950,1.74,1.8
2951,2.07,4.69
2952,2.81,4.25
2953,2.26,4.0
2954,3.25,4.69
2955,4.86,6.1
2956,7.17,11.7
2957,7.8,14.86
2958,12.41,19.41
2959,16.16,26.79
2960,17.79,30.43
2961,17.23,26.37
2962,15.09,22.72
2963,12.66,18.59
2964,14.61,22.78
2965,24.17,35.25
2966,20.73,30.52
2967,27.27,55.63
2968,29.16,72.58
2969,20.33,47.14
2970,21.88,48.39
2971,27.14,81.3
2972,29.45,60.63
2973,29.3,68.14
2974,37.8,98.72
2975,34.89,90.52
2976,32.19,62.1
2977,26.09,50.83
2978,20.18,36.32
2979,26.74,54.77
2980,14.25,28.69
2981,23.05,64.66
2982,20.5,41.83
2983,19.76,42.3
2984,23.36,48.82
2985,23.3,50.57
2986,19.22,35.25
2987,15.59,26.6
2988,10.9,17.0
2989,11.74,16.18
2990,12.22,18.07
2991,9.18,14.94
2992,4.34,6.69
2993,3.1,4.67
2994,6.88,10.23
2995,4.53,6.27
2996,3.73,5.24
2997,4.4,5.32
2998,4.57,5.39
2999,8.24,15.24
3000,10.42,23.09
3001,9.35,14.8
3002,19.72,37.64
3003,34.87,73.06
3004,35.04,91.69
3005,41.65,145.72
3006,43.24,114.84
3007,44.16,212.63
3008,39.46,124.29
3009,37.98,118.78
3010,32.36,100.41
3011,34.33,102.14
3012,33.87,106.38
3013,33.71,87.32
3014,34.18,84.91
3015,38.21,96.24
3016,31.04,87.48
3017,33.87,83.42
3018,35.13,89.25
3019,34.78,65.33
3020,32.4,64.41
3021,37.8,98.72
3022,38.35,108.51
3023,38.44,93.74
3024,33.23,68.49
3025,31.8,57.59
3026,38.16,78.73
3027,34.14,83.41
3028,34.82,76.48
3029,29.51,59.84
3030,27.46,57.67
3031,30.36,56.55
3032,28.31,51.3
3033,26.44,45.11
3034,28.31,54.39
3035,26.24,47.83
3036,25.34,52.53
3037,22.5,45.23
3038,21.14,47.02
3039,13.2,20.9
3040,15.03,23.57
3041,14.77,23.79
3042,10.98,15.34
3043,6.5,6.98
3044,3.52,4.53
3045,12.25,21.86
3046,13.9,24.04
3047,6.77,23.09
3048,9.91,14.69
3049,14.32,24.42
3050,25.76,53.36
3051,23.12,47.33
3052,31.56,62.18
3053,31.29,65.69
3054,39.31,88.03
3055,32.35,68.62
3056,31.05,58.12
3057,32.36,57.43
3058,29.17,58.73
3059,26.83,54.45
3060,28.3,54.87
3061,27.96,58.98
3062,38.21,80.02
3063,31.04,87.48
3064,33.87,83.42
3065,31.4,71.13
3066,34.1,65.06
3067,35.12,107.13
3068,37.8,98.72
3069,38.35,108.51
3070,38.44,104.21
3071,38.89,112.36
3072,37.58,106.87
3073,38.16,78.73
3074,34.14,83.41
3075,34.82,76.48
3076,29.51,59.84
3077,27.46,57.67
3078,23.36,39.67
3079,28.31,54.59
3080,21.51,35.25
3081,28.31,54.39
3082,26.24,47.83
3083,25.34,52.53
3084,19.95,33.07
3085,18.95,36.56
3086,12.05,19.76
3087,13.31,20.79
3088,14.77,29.42
3089,9.35,14.59
3090,9.39,14.36
3091,10.88,18.11
3092,10.42,16.26
3093,7.88,13.62
3094,6.22,12.05
3095,8.64,11.32
3096,18.05,29.51
3097,8.47,10.81
3098,9.29,12.34
3099,19.89,33.53
3100,12.95,19.72
3101,13.54,20.33
3102,11.53,13.92
3103,12.66,16.81
3104,5.03,7.38
3105,5.39,7.11
3106,7.96,11.69
3107,7.73,10.69
3108,10.25,14.36
3109,13.1,21.08
3110,18.91,31.8
3111,13.58,18.23
3112,16.83,26.16
3113,14.23,19.37
3114,15.4,21.78
3115,16.33,23.39
3116,14.25,20.69
3117,17.69,25.72
3118,38.89,72.33
3119,37.58,86.01
3120,38.16,96.37
3121,34.14,83.41
3122,34.82,76.48
3123,29.51,59.84
3124,27.46,57.67
3125,23.36,48.82
3126,28.31,54.59
3127,26.44,50.0
3128,28.31,54.39
3129,26.24,47.83
3130,21.55,47.93
3131,18.86,34.23
3132,14.4,26.99
3133,8.13,17.06
3134,6.22,8.24
3135,11.21,14.42
3136,7.98,10.94
3137,8.3,11.38
3138,7.04,9.87
3139,6.22,7.08
3140,5.57,5.95
3141,6.45,6.45
3142,6.22,5.72
3143,4.92,5.89
3144,6.92,8.84
3145,5.55,5.87
3146,8.13,13.56
3147,12.79,17.1
3148,12.85,16.35
3149,27.23,33.97
3150,5.43,9.35
3151,14.29,21.21
3152,13.77,22.85
3153,20.25,36.26
3154,17.1,36.68
3155,20.23,47.2
3156,13.87,36.18
3157,23.06,56.99
3158,18.88,40.51
3159,15.74,34.0
3160,17.44,39.65
3161,20.0,42.76
3162,18.34,42.57
3163,16.75,39.82
3164,31.73,68.75
3165,33.23,71.99
3166,20.87,42.44
3167,18.61,38.9
3168,15.09,33.22
3169,14.84,34.04
3170,15.47,32.38
3171,14.23,31.4
3172,12.87,26.55
3173,14.67,27.71
3174,18.67,40.11
3175,11.21,23.31
3176,12.66,27.67
3177,10.88,19.3
3178,5.39,15.72
3179,10.63,18.84
3180,7.27,13.88
3181,5.26,10.9
3182,13.02,23.6
3183,4.55,12.58
3184,4.11,7.86
3185,4.25,8.36
3186,3.75,5.05
3187,4.86,7.96
3188,7.9,8.97
3189,11.11,14.11
3190,19.93,43.13
3191,31.36,68.8
3192,35.52,89.56
3193,34.02,84.39
3194,39.31,95.49
3195,32.35,85.26
3196,31.05,78.8
3197,27.58,77.69
3198,34.33,74.57
3199,33.87,79.15
3200,29.89,87.32
3201,34.18,84.91
3202,38.21,96.24
3203,27.79,78.9
3204,33.87,83.42
3205,34.4,81.3
3206,30.79,83.61
3207,35.12,87.88
3208,30.37,73.36
3209,34.89,92.91
3210,38.44,104.21
3211,32.49,84.05
3212,32.03,106.87
3213,38.16,78.73
3214,34.14,83.41
3215,18.4,76.48
3216,14.44,31.35
3217,13.9,31.82
3218,18.78,36.47
3219,21.32,54.59
3220,14.42,32.19
3221,17.33,33.28
3222,19.05,32.7
3223,12.49,22.49
3224,13.64,20.62
3225,11.05,25.34
3226,5.64,7.96
3227,6.77,7.02
3228,14.77,28.1
3229,5.66,6.79
3230,6.16,6.08
3231,5.79,6.41
3232,6.48,6.14
3233,7.9,8.91
3234,10.19,12.68
3235,7.29,9.22
3236,19.72,32.67
3237,27.88,53.57
3238,27.41,68.01
3239,24.77,89.56
3240,30.49,84.39
3241,35.84,95.49
3242,3.96,120.26
3243,31.05,78.8
3244,29.5,77.69
3245,29.17,74.57
3246,23.7,77.07
3247,29.89,87.32
3248,31.33,71.34
3249,29.16,78.28
3250,28.57,78.72
3251,33.87,108.16
3252,31.4,71.78
3253,31.73,75.64
3254,35.12,87.88
3255,37.8,98.72
3256,38.35,108.51
3257,35.41,93.74
3258,38.89,75.77
3259,37.58,79.06
3260,30.22,63.19
3261,28.91,60.05
3262,27.9,43.45
3263,26.56,40.6
3264,26.28,39.47
3265,23.28,32.49
3266,20.52,27.62
3267,18.26,23.12
3268,17.35,22.51
3269,14.32,18.93
3270,10.86,14.55
3271,9.68,12.49
3272,7.98,10.67
3273,7.19,8.55
3274,6.04,7.76
3275,4.97,6.12
3276,4.69,5.93
3277,4.99,6.06
3278,4.32,5.39
3279,3.9,4.55
3280,3.5,4.36
3281,4.51,6.46
3282,4.11,5.13
3283,4.63,6.23
3284,6.39,9.14
3285,9.2,14.34
3286,10.37,12.97
3287,15.32,22.19
3288,16.79,25.32
3289,20.96,31.42
3290,16.85,22.76
3291,13.71,17.21
3292,16.96,23.93
3293,18.95,27.98
3294,14.46,21.19
3295,11.51,17.79
3296,9.89,13.29
3297,10.92,14.99
3298,9.54,12.68
3299,10.14,12.85
3300,9.39,12.78
3301,10.75,14.34
3302,12.11,17.9
3303,11.23,15.8
3304,8.24,11.93
3305,8.01,10.23
3306,9.45,12.03
3307,9.1,12.07
3308,8.38,11.67
3309,6.81,8.09
3310,7.59,9.51
3311,6.73,7.67
3312,6.87,7.02
3313,6.56,7.06
3314,5.41,5.62
3315,5.93,5.81
3316,4.95,4.65
3317,5.07,4.76
3318,3.82,3.02
3319,4.4,3.94
3320,3.46,1.36
3321,3.48,1.74
3322,2.85,1.38
3323,2.89,0.42
3324,2.6,0.0
3325,3.17,0.33
3326,2.73,0.44
3327,3.02,1.57
3328,3.4,1.32
3329,2.56,4.02
3330,2.6,4.25
3331,4.9,8.61
3332,5.43,13.1
3333,6.04,9.73
3334,6.75,11.65
3335,6.2,11.19
3336,7.0,12.74
3337,5.78,10.38
3338,4.65,8.59
3339,7.88,13.29
3340,7.61,14.11
3341,9.18,17.17
3342,7.1,14.88
3343,6.87,12.93
3344,7.17,12.68
3345,7.17,12.45
3346,7.32,13.94
3347,7.13,13.23
3348,6.88,12.16
3349,8.53,15.61
3350,7.21,12.66
3351,8.24,13.85
3352,10.4,17.02
3353,7.78,12.74
3354,6.39,11.38
3355,4.42,7.98
3356,3.94,8.17
3357,5.72,8.93
3358,4.4,7.9
3359,4.26,7.44
3360,3.82,6.25
3361,3.08,4.84
3362,3.21,5.49
3363,2.81,4.17
3364,3.16,5.3
3365,3.25,5.32
3366,2.6,4.04
3367,2.05,3.17
3368,2.05,2.47
3369,1.01,0.69
3370,2.1,1.82
3371,1.51,1.57
3372,1.05,1.13
3373,0.63,1.45
3374,0.52,0.96
3375,0.65,1.42
3376,0.86,0.86
3377,0.98,2.79
3378,2.12,5.43
3379,5.22,11.17
3380,6.69,13.71
3381,7.76,16.43
3382,11.32,22.74
3383,9.08,18.67
3384,13.56,25.02
3385,11.99,21.23
3386,10.33,19.18
3387,11.36,22.7
3388,13.58,27.21
3389,14.46,25.15
3390,22.17,39.38
3391,17.06,32.38
3392,13.25,25.23
3393,19.03,36.15
3394,22.13,42.63
3395,25.4,46.05
3396,23.01,43.55
3397,23.52,45.88
3398,29.66,51.39
3399,27.88,49.88
3400,25.17,42.78
3401,22.59,36.49
3402,27.46,44.66
3403,27.39,43.99
3404,29.51,59.84
3405,24.35,37.08
3406,23.36,42.78
3407,18.88,26.32
