,NO2,NOX,O3
0,8.15,9.12,58.03
1,8.59,9.66,58.25
2,8.95,10.84,57.74
3,7.73,9.07,59.37
4,6.6,7.38,60.93
5,6.01,6.62,61.67
6,7.19,8.4,61.27
7,7.21,7.92,60.11
8,7.73,8.97,59.53
9,8.66,9.64,57.94
10,9.54,11.32,56.94
11,8.85,9.6,57.98
12,7.1,8.59,59.57
13,5.37,6.08,60.63
14,6.29,7.61,59.03
15,5.81,6.46,59.47
16,5.37,6.25,59.99
17,3.96,4.3,61.33
18,4.28,4.48,61.53
19,3.19,3.21,63.1
20,3.1,3.5,62.96
21,2.79,3.0,62.25
22,3.19,3.35,61.01
23,2.79,2.68,61.13
24,3.14,3.06,60.27
25,3.06,3.39,59.65
26,2.1,1.93,61.67
27,1.59,1.32,68.84
28,1.13,1.22,68.11
29,1.47,1.32,68.43
30,1.13,1.22,68.3
31,1.51,1.28,66.89
32,1.59,1.49,66.66
33,1.59,1.28,66.43
34,1.4,0.54,67.16
35,1.78,1.63,64.75
36,1.66,1.05,70.05
37,4.28,3.88,69.21
38,3.72,3.6,68.93
39,3.16,3.31,68.65
40,4.15,4.4,67.21
41,3.52,3.35,66.15
42,7.48,9.2,62.09
43,8.43,9.52,61.01
44,8.8,9.68,60.09
45,6.1,7.04,63.02
46,6.52,7.32,62.17
47,6.94,7.98,60.47
48,5.01,5.83,63.48
49,6.27,7.15,61.33
50,6.08,7.17,62.78
51,5.57,6.71,64.24
52,5.34,6.1,63.12
53,4.46,5.45,66.66
54,4.69,5.79,66.64
55,4.19,4.72,67.93
56,5.24,6.06,66.32
57,4.65,5.39,66.9
58,6.48,7.13,63.86
59,5.37,5.55,64.54
60,6.56,7.23,63.12
61,5.72,6.69,64.0
62,7.13,8.45,62.17
63,5.99,6.92,63.0
64,8.17,8.22,60.53
65,6.22,6.5,61.35
66,5.28,5.79,64.18
67,5.26,6.25,64.34
68,5.37,5.83,64.56
69,4.51,4.69,65.58
70,4.61,5.18,65.68
71,3.92,4.4,66.6
72,4.38,4.65,65.88
73,4.92,5.09,65.32
74,4.19,4.51,65.16
75,3.46,3.37,66.06
76,2.54,2.52,67.41
77,3.33,3.27,66.52
78,1.89,1.97,67.63
79,1.72,1.8,66.89
80,1.66,2.01,65.26
81,3.29,3.65,63.14
82,1.82,2.18,61.82
83,3.48,3.54,60.49
84,5.49,5.85,56.9
85,4.38,4.65,54.64
86,4.9,4.93,52.85
87,5.64,5.95,51.81
88,6.81,7.1,50.44
89,7.98,8.24,49.07
90,13.54,15.93,43.67
91,20.22,33.18,31.21
92,16.85,19.11,38.92
93,13.75,15.19,40.99
94,12.34,13.46,43.07
95,13.88,17.31,41.71
96,11.17,12.81,44.88
97,9.89,11.67,44.07
98,9.96,11.84,43.31
99,8.64,9.62,44.62
100,10.46,12.22,43.83
101,10.06,12.47,44.01
102,8.82,10.92,43.21
103,10.38,12.6,41.57
104,13.38,17.73,38.6
105,11.69,12.91,46.54
106,11.07,12.09,52.49
107,9.96,10.69,54.8
108,10.31,11.36,53.05
109,10.04,11.04,54.14
110,10.16,10.84,55.44
111,9.83,9.96,57.38
112,9.26,9.72,57.46
113,7.4,7.46,59.07
114,6.41,6.64,60.55
115,5.26,5.45,62.19
116,3.82,4.15,62.92
117,3.73,3.67,62.41
118,2.98,2.73,63.42
119,3.17,3.39,61.79
120,3.69,3.75,59.83
121,5.01,5.24,57.78
122,3.69,3.61,58.79
123,4.57,4.57,56.68
124,5.43,5.39,54.08
125,4.78,4.72,54.98
126,6.33,6.35,54.9
127,5.03,5.13,54.82
128,4.05,4.05,57.04
129,3.94,3.9,56.76
130,3.54,3.27,57.88
131,3.42,3.02,57.3
132,3.22,3.07,58.38
133,3.02,3.12,59.47
134,2.43,2.37,60.85
135,2.12,2.14,60.8
136,3.46,3.27,62.23
137,4.65,4.49,60.54
138,3.84,4.02,60.99
139,4.11,3.96,59.85
140,4.72,4.72,58.31
141,5.07,5.2,57.22
142,6.41,7.02,54.26
143,7.34,7.8,53.23
144,9.05,9.91,52.67
145,9.24,10.79,52.85
146,8.43,9.87,54.46
147,10.4,12.53,53.37
148,8.49,10.35,55.7
149,6.96,8.19,58.65
150,5.72,6.33,61.23
151,7.04,8.13,60.97
152,7.5,8.99,61.75
153,6.67,7.65,63.14
154,6.31,6.88,63.74
155,5.89,6.41,65.02
156,4.95,5.05,67.04
157,5.05,4.99,66.68
158,5.95,6.35,66.88
159,5.51,5.51,67.51
160,5.28,5.32,67.45
161,4.21,4.11,69.65
162,4.95,5.07,68.05
163,4.65,4.57,68.25
164,4.88,5.07,67.08
165,3.54,3.67,70.15
166,2.85,2.66,72.44
167,1.8,1.51,72.1
168,1.86,1.87,71.55
169,1.99,1.91,69.37
170,2.7,2.6,66.2
171,2.79,2.93,64.78
172,2.31,2.41,63.9
173,2.35,2.39,62.7
174,1.24,1.2,62.8
175,1.13,1.11,62.59
176,1.82,1.59,61.67
177,2.51,2.33,60.75
178,2.54,2.68,60.97
179,2.31,2.31,62.23
180,1.43,1.2,64.27
181,1.82,1.8,62.78
182,1.42,1.48,65.0
183,1.03,1.17,67.23
184,1.78,1.63,67.21
185,1.57,1.49,66.15
186,1.72,1.76,64.96
187,2.91,2.93,66.31
188,2.39,2.35,67.22
189,2.6,2.26,68.93
190,2.3,2.52,68.83
191,2.87,3.12,67.69
192,3.56,4.07,68.45
193,4.46,5.09,69.45
194,3.77,4.13,68.17
195,4.02,4.74,66.38
196,3.1,3.6,70.11
197,3.12,3.81,70.79
198,3.54,3.86,71.21
199,5.64,6.54,67.63
200,5.32,6.39,67.49
201,5.39,5.85,67.93
202,6.37,6.64,65.26
203,10.33,10.96,58.85
204,9.75,10.46,57.56
205,10.69,11.53,55.94
206,11.63,12.37,55.0
207,11.82,12.34,58.0
208,9.2,9.79,60.81
209,7.96,8.26,62.13
210,8.03,8.38,62.61
211,10.31,10.35,61.39
212,10.29,11.13,61.77
213,9.43,9.89,61.13
214,8.8,8.97,61.25
215,9.05,9.28,60.63
216,6.94,7.02,64.66
217,6.79,6.88,63.84
218,6.87,6.64,64.94
219,3.17,2.77,68.84
220,1.74,1.76,68.11
221,2.47,2.37,68.43
222,2.56,2.51,68.3
223,2.31,2.24,66.89
224,1.72,1.76,67.58
225,1.45,1.15,66.43
226,1.53,1.45,65.32
227,2.07,2.28,64.22
228,3.06,3.16,63.14
229,4.53,4.3,61.59
230,4.93,5.09,59.63
231,7.63,7.76,56.74
232,10.62,11.33,53.1
233,13.62,14.9,49.47
234,14.96,16.18,47.12
235,20.22,23.75,40.01
236,19.73,21.52,41.79
237,18.0,23.35,44.18
238,27.01,47.6,22.59
239,18.93,29.94,29.46
240,16.26,24.86,36.32
241,16.74,23.07,34.41
242,16.35,22.94,39.16
243,15.57,21.98,29.64
244,14.91,20.59,43.51
245,15.16,21.16,41.05
246,15.77,22.01,43.09
247,12.17,16.58,50.79
248,13.38,23.08,49.91
249,13.68,17.79,47.56
250,18.46,24.04,40.07
251,18.33,23.28,38.02
252,18.65,23.03,40.31
253,16.71,16.47,45.68
254,16.25,19.7,39.12
255,16.78,21.19,34.69
256,15.38,21.84,17.28
257,20.64,22.46,10.3
258,19.14,20.62,5.85
259,18.0,18.52,13.97
260,18.2,18.89,4.41
261,20.73,21.49,6.75
262,26.17,27.12,3.79
263,25.67,26.84,12.41
264,23.41,24.42,1.98
265,21.26,22.12,2.99
266,19.72,20.4,2.43
267,18.76,19.01,2.85
268,16.12,16.53,3.27
269,14.99,15.36,3.89
270,15.58,17.51,4.72
271,13.9,15.37,5.55
272,14.23,15.59,7.86
273,11.6,12.41,17.24
274,11.9,12.93,17.16
275,11.74,12.89,16.01
276,11.76,12.76,12.84
277,11.77,12.63,9.68
278,13.66,15.52,20.78
279,18.54,22.32,17.86
280,22.46,26.04,20.08
281,25.22,34.32,14.15
282,32.72,42.67,17.08
283,39.11,33.53,12.73
284,33.12,30.73,18.42
285,32.42,31.66,22.01
286,16.21,23.41,33.33
287,18.93,29.94,24.29
288,16.26,24.86,19.74
289,16.74,23.07,24.93
290,16.35,22.94,23.81
291,15.57,21.98,25.51
292,14.91,20.59,21.25
293,15.16,21.16,22.21
294,15.77,22.01,25.68
295,15.34,20.64,23.13
296,17.04,23.08,20.32
297,17.63,23.43,19.36
298,18.46,24.04,13.87
299,18.33,23.28,7.98
300,18.65,23.03,5.97
301,16.71,20.78,5.37
302,16.25,19.7,2.12
303,16.78,21.19,2.18
304,15.38,21.84,6.01
305,20.64,22.46,10.88
306,19.14,20.62,6.96
307,18.0,18.52,5.37
308,18.2,18.89,6.23
309,20.73,21.49,10.54
310,26.17,27.12,7.42
311,25.67,26.84,8.4
312,23.41,24.42,5.97
313,21.26,22.12,11.42
314,19.72,20.4,12.41
315,18.57,19.01,13.91
316,15.1,16.45,15.71
317,14.99,15.36,15.65
318,7.71,7.77,16.5
319,7.5,7.79,17.98
320,7.83,8.16,17.51
321,11.6,12.41,17.04
322,10.03,10.48,22.43
323,8.46,8.54,21.67
324,8.39,8.62,21.01
325,9.08,9.16,24.53
326,10.02,10.31,23.5
327,10.96,11.46,22.47
328,17.11,20.35,16.4
329,25.22,30.8,8.6
330,32.72,42.67,2.43
331,39.11,65.07,2.43
332,37.51,70.32,1.94
333,32.42,31.66,4.83
334,27.01,47.6,3.17
335,18.93,29.94,4.93
336,16.26,24.86,7.68
337,16.74,23.07,8.1
338,16.35,22.94,8.08
339,15.57,21.98,9.3
340,14.91,20.59,10.64
341,15.16,21.16,11.28
342,15.77,22.01,10.36
343,15.34,20.64,9.36
344,17.04,23.08,9.62
345,17.63,23.43,12.05
346,18.46,24.04,13.25
347,18.33,23.28,5.59
348,18.65,23.03,10.26
349,16.71,20.78,13.97
350,16.25,19.7,17.9
351,16.78,21.19,15.27
352,15.38,21.84,16.82
353,20.64,22.46,16.09
354,19.14,20.62,16.72
355,18.0,18.52,22.77
356,18.2,18.89,28.64
357,11.91,13.75,39.75
358,9.98,10.75,42.45
359,9.66,10.71,43.07
360,8.51,8.59,45.04
361,9.2,10.31,42.63
362,9.03,9.37,43.09
363,8.38,8.78,44.36
364,6.56,6.77,46.08
365,6.31,6.64,46.42
366,5.99,6.2,45.62
367,6.06,6.39,45.0
368,5.72,6.01,43.67
369,5.62,5.58,40.99
370,6.9,7.21,36.75
371,8.46,8.54,32.51
372,12.55,13.71,26.14
373,11.77,12.63,21.79
374,13.66,15.52,18.16
375,18.54,22.32,13.93
376,21.74,25.83,11.5
377,24.93,29.34,9.08
378,19.58,28.37,8.56
379,20.22,33.53,7.8
380,19.73,30.73,6.81
381,18.0,31.66,8.28
382,27.01,23.41,6.65
383,18.93,29.94,7.22
384,16.26,24.86,8.18
385,16.74,23.07,9.38
386,16.35,22.94,8.94
387,15.57,21.98,10.82
388,14.91,20.59,14.55
389,15.16,21.16,16.4
390,15.77,22.01,13.05
391,15.34,20.64,8.38
392,17.04,23.08,8.34
393,17.63,23.43,8.46
394,18.46,24.04,8.1
395,18.33,23.28,14.71
396,18.65,23.03,14.91
397,16.71,20.78,8.46
398,16.25,19.7,3.97
399,16.78,21.19,6.39
400,15.38,21.84,7.9
401,20.64,22.46,10.52
402,19.14,20.62,15.01
403,18.0,18.52,22.41
404,18.2,18.89,16.26
405,20.73,21.49,25.58
406,11.88,14.09,33.45
407,11.17,12.32,35.5
408,11.15,12.2,41.11
409,10.45,11.83,40.05
410,7.99,8.36,46.82
411,6.73,7.0,50.61
412,7.04,7.34,52.67
413,5.62,5.62,53.58
414,6.18,6.45,50.96
415,5.74,6.1,48.34
416,5.74,5.7,49.31
417,5.24,5.41,50.71
418,5.13,5.32,50.07
419,5.64,5.79,46.52
420,4.82,4.96,47.27
421,4.0,4.13,48.02
422,2.26,2.28,60.07
423,1.84,1.86,67.23
424,1.51,1.61,67.21
425,1.45,1.74,66.15
426,1.07,1.2,64.96
427,1.03,0.77,66.31
428,1.01,1.38,69.39
429,0.86,1.15,72.23
430,0.92,1.19,75.33
431,1.09,1.43,72.52
432,1.07,1.63,73.04
433,1.28,1.59,74.28
434,1.51,2.28,72.72
435,1.87,2.43,72.04
436,1.38,2.03,72.18
437,0.94,1.34,73.1
438,1.17,1.53,72.36
439,1.89,2.95,71.85
440,2.12,2.83,72.18
441,2.2,2.6,72.7
442,2.7,3.39,70.95
443,4.19,4.53,67.87
444,6.08,6.33,64.72
445,5.41,5.64,65.14
446,4.19,4.44,64.82
447,4.19,4.67,63.84
448,3.17,3.46,66.18
449,3.82,4.04,65.88
450,3.31,3.71,65.2
451,2.95,3.04,63.28
452,3.96,4.26,62.9
453,8.97,8.7,51.57
454,6.08,6.2,58.93
455,4.07,4.59,63.9
456,3.04,3.19,65.56
457,3.39,3.46,66.94
458,3.82,4.02,67.06
459,2.66,2.79,68.57
460,3.0,3.25,68.11
461,1.95,2.14,68.43
462,1.68,2.03,68.3
463,0.71,0.86,66.89
464,1.01,1.19,64.82
465,2.07,2.01,62.76
466,1.13,0.92,66.72
467,0.65,0.4,64.75
468,1.15,1.24,64.27
469,1.68,1.86,62.78
470,3.51,3.68,58.52
471,5.34,5.51,54.26
472,3.29,3.82,55.16
473,6.08,6.43,49.31
474,7.0,7.52,49.35
475,7.0,7.57,50.19
476,7.65,8.24,48.22
477,10.77,11.88,44.6
478,9.41,10.25,44.66
479,12.03,13.62,42.71
480,12.41,14.42,43.89
481,13.04,15.57,49.15
482,11.67,14.38,58.03
483,11.63,13.96,58.71
484,8.61,10.98,63.32
485,6.1,7.59,67.04
486,9.22,11.61,61.37
487,8.32,10.37,62.57
488,7.15,8.89,63.94
489,7.15,8.7,62.92
490,10.06,11.48,57.3
491,9.24,10.35,56.1
492,10.12,11.46,56.06
493,8.91,9.94,55.66
494,12.64,14.23,52.31
495,14.57,16.18,50.19
496,9.94,10.84,55.62
497,10.61,11.9,54.9
498,12.62,13.85,52.95
499,18.0,18.52,36.86
500,18.2,18.89,32.71
501,11.91,14.13,38.54
502,11.88,14.09,34.05
503,11.17,12.32,30.59
504,11.15,12.2,31.07
505,10.45,11.83,32.49
506,10.25,11.54,30.97
507,10.28,11.33,31.53
508,9.34,9.84,31.41
509,8.37,9.35,33.29
510,7.71,7.77,34.31
511,7.5,7.79,32.59
512,7.83,8.16,32.01
513,7.13,7.54,32.41
514,7.16,7.54,29.48
515,8.46,8.54,26.54
516,7.25,7.84,30.17
517,8.74,9.45,29.6
518,9.03,9.75,29.66
519,6.87,7.61,31.85
520,8.46,9.0,30.66
521,10.04,10.38,29.48
522,13.69,14.34,26.22
523,20.04,23.35,20.88
524,15.28,18.23,24.25
525,15.68,16.98,23.57
526,16.21,19.95,21.07
527,15.5,21.42,21.91
528,16.26,24.86,20.0
529,16.74,23.07,16.52
530,16.35,22.94,17.44
531,15.57,21.98,17.3
532,14.91,20.59,17.64
533,15.16,21.16,14.63
534,15.77,22.01,17.98
535,15.34,20.64,17.74
536,17.04,23.08,18.9
537,17.63,23.43,20.44
538,18.46,24.04,16.52
539,18.33,23.28,22.33
540,18.65,23.03,28.46
541,16.71,20.78,26.64
542,16.25,19.7,27.52
543,16.78,21.19,22.45
544,15.38,21.84,22.81
545,20.64,22.46,23.57
546,19.14,20.62,19.24
547,18.0,18.52,6.83
548,18.2,18.89,5.33
549,20.73,21.49,9.2
550,26.17,27.12,7.7
551,25.67,26.84,7.12
552,23.41,24.42,5.57
553,21.26,22.12,5.03
554,19.72,20.4,3.79
555,18.76,19.01,5.93
556,16.12,16.53,16.21
557,14.99,15.36,27.02
558,7.71,7.77,28.84
559,7.5,7.79,30.67
560,14.23,15.58,24.77
561,11.6,12.41,23.05
562,11.9,12.93,26.76
563,8.46,8.54,34.67
564,8.76,8.72,37.99
565,9.05,8.89,41.31
566,9.47,10.21,44.38
567,7.75,7.92,51.39
568,8.84,9.77,55.04
569,9.03,9.03,57.94
570,11.17,11.93,58.09
571,15.91,17.33,54.36
572,10.84,11.26,59.01
573,11.19,11.34,59.51
574,12.85,13.83,57.88
575,11.09,12.68,59.91
576,11.49,13.1,58.47
577,9.87,11.26,59.75
578,10.06,11.76,59.27
579,8.78,10.61,62.25
580,8.47,10.25,62.68
581,7.67,9.39,63.4
582,7.69,9.56,62.9
583,9.08,10.71,61.55
584,9.07,10.14,60.89
585,13.68,16.52,55.04
586,17.89,17.05,51.23
587,14.18,16.97,52.05
588,18.65,23.03,45.24
589,14.36,15.61,53.54
590,14.52,16.08,51.69
591,13.56,14.36,52.69
592,8.84,9.33,57.04
593,10.19,10.77,54.48
594,11.15,11.78,52.69
595,8.84,9.1,54.9
596,8.03,8.7,56.58
597,7.17,7.44,58.53
598,6.81,6.73,58.63
599,6.08,5.99,58.27
600,5.11,5.34,60.15
601,5.62,5.55,58.29
602,6.04,6.1,57.36
603,5.93,6.2,56.76
604,5.93,5.78,56.26
605,5.89,6.12,52.81
606,6.54,6.52,48.89
607,7.25,7.13,45.86
608,7.83,8.05,43.74
609,7.13,7.54,41.61
610,7.16,7.54,39.0
611,8.46,8.54,38.22
612,8.39,8.62,37.18
613,8.97,9.31,37.7
614,9.06,9.74,37.34
615,9.14,10.16,36.98
616,9.87,11.23,36.84
617,10.61,11.74,38.02
618,11.48,12.47,38.1
619,12.51,14.04,36.56
620,12.26,13.9,36.52
621,12.57,14.63,35.14
622,16.12,20.0,32.21
623,13.16,15.66,32.47
624,12.66,14.86,33.25
625,12.24,14.57,33.01
626,13.44,15.87,32.17
627,13.78,16.01,31.27
628,14.91,17.61,29.64
629,15.16,15.97,28.32
630,15.77,15.53,28.56
631,15.34,16.58,28.56
632,17.04,17.73,26.2
633,13.68,18.23,26.58
634,14.38,17.05,27.68
635,14.18,16.97,27.3
636,14.25,16.46,26.48
637,16.71,20.78,24.57
638,16.25,17.55,25.86
639,16.78,18.46,25.09
640,15.38,16.69,24.97
641,14.17,17.16,26.24
642,17.94,19.94,23.63
643,18.0,18.52,23.09
644,16.99,18.89,23.77
645,11.91,14.13,23.09
646,11.88,14.09,24.53
647,11.17,12.32,25.13
648,11.15,12.2,23.61
649,10.45,11.83,20.32
650,17.63,19.12,19.38
651,10.28,11.33,21.45
652,15.1,15.71,21.07
653,14.99,15.36,21.11
654,11.24,11.58,24.71
655,7.5,7.79,22.27
656,12.88,8.16,22.97
657,11.54,11.68,24.69
658,7.16,7.54,24.18
659,11.74,8.54,23.67
660,11.81,8.62,24.47
661,11.77,12.63,21.85
662,10.31,10.44,25.09
663,9.94,10.58,26.98
664,12.72,13.59,24.86
665,15.51,16.6,22.73
666,14.59,16.03,24.11
667,15.97,17.94,22.39
668,19.73,30.73,13.71
669,18.0,24.04,16.68
670,16.21,23.41,15.67
671,18.93,22.64,14.79
672,16.26,24.86,11.38
673,16.74,23.07,11.75
674,16.35,22.94,15.57
675,15.57,21.98,11.14
676,14.91,20.59,12.19
677,15.16,21.16,11.0
678,15.77,22.01,9.54
679,15.34,20.64,12.65
680,17.04,23.08,11.87
681,17.63,23.43,12.57
682,18.46,24.04,11.06
683,18.33,23.28,8.14
684,18.65,23.03,11.6
685,16.71,20.78,10.62
686,16.25,19.7,8.84
687,16.78,21.19,10.54
688,15.38,16.69,13.59
689,14.17,17.43,13.97
690,13.09,17.06,15.41
691,12.97,15.49,18.94
692,12.02,14.57,20.74
693,11.91,13.54,22.01
694,11.8,13.22,22.33
695,11.09,12.2,23.15
696,10.71,11.46,23.41
697,10.45,11.83,23.45
698,10.25,11.54,23.27
699,10.28,11.33,20.99
700,9.34,9.84,17.58
701,8.37,9.35,18.22
702,7.71,7.77,19.56
703,7.5,7.79,20.91
704,7.83,8.16,22.11
705,11.07,7.54,24.13
706,7.16,7.54,26.0
707,8.46,8.54,26.52
708,8.8,8.47,30.92
709,9.14,8.4,35.32
710,7.84,7.59,44.68
711,5.97,5.85,56.42
712,7.29,7.52,58.39
713,6.77,7.23,60.54
714,7.32,10.19,62.09
715,7.31,8.41,61.43
716,7.25,8.34,61.13
717,7.78,8.84,60.35
718,6.52,7.48,60.89
719,5.76,6.22,60.27
720,7.98,9.24,57.42
721,7.99,9.39,55.52
722,10.27,12.03,52.87
723,9.28,10.5,54.14
724,13.09,17.0,47.94
725,11.74,14.17,48.91
726,11.74,13.87,50.97
727,9.49,11.0,55.28
728,10.25,12.09,54.14
729,13.29,15.32,50.87
730,11.09,12.47,52.55
731,9.91,10.92,55.06
732,6.77,8.01,56.62
733,6.23,7.46,55.52
734,6.66,8.32,52.23
735,6.27,7.29,50.65
736,5.81,6.73,51.45
737,4.42,4.46,52.31
738,5.2,5.51,51.01
739,4.78,4.49,52.05
740,4.02,4.25,53.17
741,2.93,2.43,55.34
742,2.51,2.3,56.76
743,2.39,2.16,56.7
744,2.58,2.72,56.6
745,3.14,2.72,56.84
746,2.22,2.33,59.13
747,1.91,1.61,59.03
748,3.1,2.96,56.9
749,2.64,2.33,56.9
750,2.58,2.3,57.56
751,2.33,2.03,58.21
752,2.35,2.33,58.13
753,1.97,1.49,58.05
754,2.22,2.01,56.8
755,1.76,1.3,58.35
756,2.24,1.42,56.92
757,2.01,1.55,53.4
758,2.19,2.06,51.94
759,2.37,2.58,50.47
760,3.14,3.25,46.64
761,4.15,4.7,44.96
762,3.96,4.36,45.34
763,4.04,4.57,43.91
764,4.69,5.18,43.21
765,4.7,5.05,42.43
766,6.16,7.21,40.63
767,5.45,5.97,44.8
768,6.83,8.28,51.31
769,6.08,6.77,58.27
770,6.56,7.5,62.82
771,6.45,7.4,66.22
772,7.46,8.85,62.72
773,6.66,7.34,60.23
774,8.28,9.72,56.5
775,7.04,7.92,55.0
776,6.2,6.94,55.46
777,4.9,5.81,58.31
778,4.05,4.36,59.75
779,4.02,4.51,60.65
780,4.67,5.01,59.57
781,4.95,5.37,59.09
782,5.22,5.57,59.87
783,4.25,4.82,61.81
784,3.77,4.44,62.17
785,3.27,3.69,62.57
786,3.02,3.23,62.7
787,2.58,2.91,63.94
788,2.75,3.25,65.24
789,3.33,3.54,63.5
790,3.31,3.88,63.72
791,2.89,3.27,63.52
792,3.0,3.48,63.44
793,3.6,4.36,62.55
794,4.78,5.57,60.55
795,3.86,4.11,61.55
796,16.12,16.53,46.02
797,6.96,7.36,56.86
798,2.73,2.83,62.45
799,2.75,3.0,63.52
800,2.39,2.31,65.56
801,3.04,3.17,64.22
802,2.81,3.14,64.22
803,2.26,2.28,64.22
804,2.62,2.22,64.27
805,2.66,2.56,62.78
806,1.47,1.64,60.85
807,1.84,2.01,60.8
808,2.03,2.04,63.48
809,2.22,2.08,66.15
810,2.31,2.1,64.96
811,2.62,2.49,66.31
812,6.31,6.16,62.09
813,4.07,4.04,62.47
814,4.21,4.34,62.51
815,4.44,4.86,61.45
816,3.77,3.6,60.87
817,4.34,4.3,60.35
818,5.81,6.18,58.25
819,6.81,7.46,55.54
820,5.74,6.14,54.38
821,5.41,5.85,53.35
822,5.57,6.12,51.31
823,5.28,6.04,50.81
824,5.62,6.52,49.37
825,6.83,7.52,48.22
826,5.39,5.83,53.05
827,5.45,5.7,53.05
828,5.43,6.18,52.45
829,5.11,5.45,49.39
830,5.76,6.23,43.65
831,7.0,7.52,37.5
832,6.73,7.73,36.08
833,7.02,8.13,38.64
834,7.4,7.78,40.23
835,7.61,8.19,37.48
836,8.2,8.72,35.52
837,6.94,7.15,36.24
838,6.66,6.94,36.92
839,5.76,5.97,37.58
840,6.48,7.13,36.98
841,6.56,7.08,37.06
842,6.18,5.91,37.46
843,5.43,5.47,39.14
844,5.7,5.3,40.03
845,5.34,5.58,40.59
846,4.99,5.07,41.26
847,4.67,4.3,41.93
848,4.61,4.49,42.39
849,4.7,4.69,41.95
850,4.4,4.46,41.81
851,4.55,4.42,41.43
852,4.4,4.34,41.16
853,4.25,4.26,40.89
854,4.38,4.3,40.55
855,4.32,4.09,41.71
856,4.23,4.3,45.42
857,4.25,4.53,46.04
858,3.71,3.88,53.21
859,3.79,4.05,56.12
860,4.13,4.3,56.42
861,4.28,4.49,57.18
862,4.57,4.7,56.56
863,4.76,5.13,55.48
864,5.83,5.97,54.04
865,6.98,7.57,53.48
866,8.61,9.2,53.84
867,6.98,7.67,55.46
868,8.38,9.7,53.96
869,8.26,9.29,55.7
870,6.5,7.23,57.24
871,7.44,8.32,56.28
872,8.13,8.89,53.62
873,7.13,7.78,52.17
874,8.34,9.24,49.79
875,8.09,8.93,48.44
876,9.37,10.81,48.12
877,8.05,8.63,50.77
878,7.86,8.8,48.02
879,6.35,7.02,49.05
880,7.04,7.15,50.87
881,5.03,5.28,52.51
882,6.39,7.06,50.17
883,5.74,6.14,50.67
884,6.5,7.36,51.55
885,4.7,5.53,55.2
886,5.13,5.66,61.41
887,3.86,4.25,65.2
888,3.61,3.61,66.06
889,3.61,3.69,65.84
890,3.23,3.0,66.9
891,2.08,1.78,68.84
892,2.24,1.99,68.11
893,1.82,1.55,68.43
894,1.49,1.45,68.3
895,1.4,1.43,66.89
896,1.8,1.57,66.66
897,2.47,2.39,66.43
898,2.43,2.39,67.16
899,2.79,2.75,64.75
900,4.19,3.94,64.27
901,6.29,6.45,62.78
902,5.1,5.22,65.72
903,3.9,3.98,68.65
904,5.55,5.72,66.17
905,6.83,7.69,60.54
906,9.47,11.02,61.23
907,11.02,12.85,58.77
908,11.46,13.6,58.97
909,9.26,10.73,61.65
910,6.87,8.28,63.68
911,6.69,7.63,63.94
912,7.4,9.22,62.98
913,6.08,6.9,64.32
914,5.66,7.06,65.18
915,5.47,6.69,65.38
916,6.18,8.09,65.1
917,5.89,7.0,66.04
918,6.23,7.57,66.58
919,5.57,6.56,67.87
920,6.56,7.73,66.58
921,5.78,6.71,67.67
922,6.04,7.19,68.57
923,5.64,6.92,69.21
924,4.88,6.12,69.49
925,4.76,5.91,69.77
926,5.22,6.29,69.21
927,4.17,4.95,70.39
928,3.61,4.51,71.13
929,3.02,3.61,70.87
930,2.91,3.21,71.47
931,2.07,2.52,73.04
932,2.37,2.6,74.0
933,4.09,4.05,72.92
934,3.12,2.83,71.45
935,3.23,2.93,70.74
936,2.85,2.93,71.55
937,2.89,2.64,71.68
938,1.38,1.47,71.5
939,1.4,1.26,72.08
940,1.11,1.01,72.83
941,2.12,2.2,68.43
942,2.52,2.47,64.0
943,1.64,1.55,66.89
944,2.01,1.74,66.7
945,2.49,2.2,64.76
946,2.37,2.37,64.76
947,1.57,1.57,64.75
948,2.89,3.23,70.05
949,3.9,3.9,68.28
950,4.65,4.63,60.85
951,4.76,5.07,60.8
952,8.18,8.88,59.84
953,11.59,12.7,58.89
954,14.04,16.14,57.3
955,15.74,18.99,55.26
956,13.5,15.03,60.41
957,14.08,15.24,57.76
958,15.17,17.35,50.45
959,15.5,20.56,47.98
960,16.26,20.48,49.21
961,12.91,15.8,53.74
962,12.18,15.72,53.5
963,10.58,14.27,54.68
964,10.08,13.08,55.32
965,8.95,11.59,56.28
966,10.04,13.22,54.74
967,9.47,11.74,54.12
968,10.75,13.98,53.46
969,10.52,13.6,54.84
970,12.78,15.61,53.33
971,13.14,15.76,52.67
972,14.25,16.46,48.93
973,11.05,13.0,55.28
974,6.16,7.54,69.87
975,7.46,8.68,68.99
976,7.99,9.08,66.42
977,5.16,5.87,67.1
978,6.43,7.13,68.47
979,7.06,7.34,62.61
980,7.25,8.15,61.67
981,2.95,3.54,68.81
982,3.0,3.42,69.83
983,2.41,3.02,68.49
984,3.23,3.4,66.44
985,2.7,2.96,65.0
986,2.39,2.45,62.88
987,2.14,2.41,62.59
988,1.34,1.32,64.56
989,1.28,1.55,65.96
990,1.17,1.36,66.42
991,1.07,0.86,66.89
992,1.38,1.34,65.06
993,1.68,1.82,62.45
994,1.28,1.59,61.61
995,1.36,1.59,62.86
996,1.95,2.1,62.04
997,2.54,2.62,61.21
998,3.27,3.35,60.85
999,3.48,3.44,60.8
1000,4.84,5.45,62.41
1001,6.71,6.98,60.54
1002,12.28,13.54,56.22
1003,15.47,19.05,53.05
1004,12.28,13.92,56.04
1005,12.58,14.23,55.24
1006,15.36,18.32,51.51
1007,11.69,13.27,57.92
1008,14.54,15.76,57.52
1009,12.66,13.62,57.08
1010,12.79,14.32,54.48
1011,5.41,6.22,57.68
1012,4.53,5.07,60.73
1013,4.67,5.24,60.99
1014,4.99,5.7,61.79
1015,5.09,5.89,60.73
1016,5.78,6.66,58.11
1017,5.18,6.14,55.0
1018,5.24,5.93,52.71
1019,6.46,7.65,52.09
1020,7.15,8.2,51.45
1021,6.01,6.66,53.64
1022,3.29,3.54,56.56
1023,3.04,3.23,56.66
1024,2.1,2.28,57.48
1025,2.7,2.7,56.38
1026,3.17,3.44,55.36
1027,3.94,4.25,54.04
1028,3.92,4.26,53.31
1029,4.99,5.53,52.33
1030,9.47,13.98,47.28
1031,4.09,3.9,52.77
1032,4.84,4.92,55.14
1033,4.76,4.92,56.86
1034,3.4,3.23,59.97
1035,1.24,1.15,65.76
1036,1.34,1.45,64.14
1037,1.09,0.82,67.14
1038,1.05,0.82,67.67
1039,2.22,2.05,64.08
1040,2.68,2.52,63.1
1041,2.52,2.52,62.13
1042,2.26,2.22,63.92
1043,2.89,1.99,58.89
1044,6.88,6.94,51.79
1045,11.77,12.63,41.35
1046,13.44,14.16,41.46
1047,15.11,15.7,41.57
1048,22.46,26.04,33.03
1049,25.22,34.32,16.19
1050,32.72,42.67,9.12
1051,39.11,65.07,1.96
1052,37.51,70.32,2.06
1053,32.42,66.71,2.0
1054,27.01,47.6,3.41
1055,18.93,29.94,8.08
1056,16.26,24.86,11.85
1057,16.74,23.07,13.27
1058,16.35,22.94,20.16
1059,15.57,21.98,21.57
1060,14.91,20.59,28.04
1061,15.16,21.16,30.25
1062,15.77,22.01,32.71
1063,15.34,20.64,33.27
1064,17.04,23.08,39.61
1065,17.63,23.43,31.59
1066,18.46,24.04,23.81
1067,18.33,23.28,13.67
1068,18.65,23.03,10.52
1069,16.71,20.78,6.73
1070,16.25,19.7,2.28
1071,16.78,21.19,3.21
1072,15.38,21.84,10.34
1073,20.64,22.46,12.45
1074,19.14,20.62,15.85
1075,18.0,18.52,12.71
1076,18.2,18.89,14.79
1077,20.73,21.49,24.61
1078,25.82,27.12,30.17
1079,11.17,12.32,39.38
1080,11.15,12.2,46.22
1081,8.72,9.41,51.01
1082,7.86,8.76,52.43
1083,5.3,5.51,55.6
1084,5.13,5.51,53.8
1085,4.8,4.86,54.9
1086,4.02,4.32,56.32
1087,2.98,3.23,57.34
1088,2.56,3.04,55.98
1089,2.77,2.89,55.04
1090,3.21,3.31,55.11
1091,3.71,4.23,55.18
1092,4.88,4.9,51.71
1093,6.23,6.41,48.38
1094,7.27,7.61,45.1
1095,8.19,8.74,43.43
1096,9.52,10.8,41.64
1097,10.86,12.87,39.85
1098,15.2,18.61,36.66
1099,19.22,24.65,34.61
1100,16.12,19.68,38.8
1101,14.08,16.81,41.19
1102,11.67,13.96,42.71
1103,12.41,14.88,41.75
1104,13.16,16.24,41.39
1105,13.67,16.24,40.31
1106,12.2,15.3,40.69
1107,11.84,15.64,41.35
1108,12.18,15.63,41.23
1109,11.96,15.97,37.66
1110,12.1,15.53,46.24
1111,12.17,16.58,54.94
1112,17.04,22.24,49.41
1113,17.63,23.43,46.74
1114,18.46,17.05,54.6
1115,18.33,23.28,49.45
1116,18.65,23.03,43.69
1117,16.71,20.78,44.84
1118,16.25,19.7,45.52
1119,16.34,18.46,47.94
1120,15.38,16.69,50.27
1121,14.06,15.78,51.63
1122,13.09,15.68,50.49
1123,10.33,11.21,59.41
1124,8.36,8.84,65.06
1125,7.11,7.65,66.46
1126,7.34,7.54,62.8
1127,6.18,7.11,64.38
1128,4.32,4.65,65.14
1129,5.64,5.97,63.24
1130,5.24,5.45,63.8
1131,2.91,3.25,68.84
1132,4.44,4.61,65.5
1133,2.95,3.06,66.66
1134,2.47,2.58,64.44
1135,3.17,3.4,62.21
1136,2.81,3.0,64.06
1137,2.37,2.62,64.48
1138,2.16,2.08,63.64
1139,2.1,2.33,64.75
1140,2.36,2.44,66.52
1141,2.62,2.54,68.28
1142,3.79,3.92,60.85
1143,3.04,3.04,60.8
1144,2.79,2.83,62.41
1145,4.53,4.67,60.54
1146,3.67,3.77,64.96
1147,4.28,4.21,64.78
1148,6.54,6.41,63.56
1149,5.7,5.81,69.82
1150,4.95,5.11,74.46
1151,3.33,3.48,76.34
1152,4.25,4.02,73.04
1153,6.77,7.36,66.74
1154,8.05,9.37,61.87
1155,9.29,10.67,60.79
1156,11.0,13.2,58.61
1157,10.44,12.03,61.47
1158,7.1,7.88,69.17
1159,6.98,7.42,69.39
1160,12.22,12.99,59.31
1161,8.55,8.91,59.77
1162,10.04,10.56,59.23
1163,14.18,16.66,52.95
1164,18.65,23.03,41.97
1165,16.71,20.78,31.25
1166,16.25,19.7,20.8
1167,16.78,21.19,20.52
1168,15.38,21.84,30.59
1169,20.64,22.46,30.87
1170,17.94,17.58,36.34
1171,12.97,15.49,37.7
1172,12.02,13.66,40.05
1173,11.91,13.12,41.63
1174,9.43,9.96,44.01
1175,9.81,10.08,44.84
1176,9.24,9.47,45.94
1177,9.58,9.75,47.3
1178,8.34,8.41,49.49
1179,6.62,6.48,54.38
1180,5.55,5.3,57.02
1181,5.76,5.36,57.78
1182,7.71,7.77,54.02
1183,7.5,7.79,53.29
1184,7.83,7.76,56.59
1185,5.7,5.39,59.89
1186,5.76,5.34,59.95
1187,6.16,5.62,64.75
1188,5.36,4.99,70.05
1189,5.55,5.2,59.11
1190,5.34,5.12,59.08
1191,5.14,5.05,59.05
1192,4.76,5.09,60.95
1193,5.16,5.14,60.54
1194,14.86,14.82,48.1
1195,13.41,13.58,49.39
1196,8.95,8.91,54.28
1197,7.31,7.78,55.78
1198,13.27,13.81,49.45
1199,13.88,14.1,48.0
1200,7.27,7.4,51.99
1201,8.78,9.22,49.63
1202,9.37,9.91,49.99
1203,7.65,8.4,52.57
1204,7.5,8.47,52.41
1205,7.76,8.99,51.81
1206,7.88,8.91,51.67
1207,8.7,9.77,50.59
1208,10.08,10.82,49.83
1209,9.43,10.12,50.21
1210,11.91,12.72,47.1
1211,18.33,16.97,38.92
1212,18.65,23.03,35.08
1213,15.05,16.22,42.47
1214,12.05,12.85,46.24
1215,9.98,10.44,48.97
1216,11.07,11.9,45.96
1217,9.7,10.48,47.66
1218,7.96,8.87,50.61
1219,8.45,9.03,51.77
1220,7.61,8.15,52.07
1221,11.3,11.86,46.26
1222,9.85,10.16,46.38
1223,8.47,8.84,48.24
1224,5.7,5.78,50.91
1225,6.06,5.68,50.55
1226,6.08,5.87,52.01
1227,5.43,5.28,52.61
1228,4.36,4.26,53.27
1229,4.19,4.36,53.68
1230,3.46,3.37,54.56
1231,3.46,3.4,53.76
1232,3.82,3.96,53.56
1233,3.81,4.0,53.62
1234,3.44,3.16,54.37
1235,3.79,3.61,55.12
1236,4.05,4.26,54.38
1237,5.51,6.1,52.73
1238,6.08,6.25,51.07
1239,8.13,8.47,48.12
1240,9.7,10.58,46.4
1241,11.28,12.68,44.68
1242,14.73,17.16,42.01
1243,15.97,18.67,41.51
1244,12.74,15.03,43.97
1245,14.5,16.43,41.09
1246,15.28,21.99,39.38
1247,12.78,14.4,42.55
1248,16.26,21.42,36.64
1249,13.71,18.28,39.44
1250,11.09,13.6,42.51
1251,15.57,21.98,41.27
1252,11.99,15.24,41.89
1253,11.96,15.4,41.39
1254,15.77,15.53,37.7
1255,12.17,15.32,40.89
1256,13.38,16.29,39.87
1257,12.37,15.22,41.67
1258,13.29,15.4,40.79
1259,14.18,16.97,37.32
1260,18.65,16.46,35.26
1261,16.71,20.78,34.92
1262,16.25,19.7,32.89
1263,16.78,20.66,35.38
1264,13.62,15.59,41.53
1265,12.14,13.5,42.61
1266,13.09,16.49,37.98
1267,12.97,18.52,33.95
1268,12.02,14.75,36.34
1269,11.91,14.13,36.3
1270,11.88,14.09,34.13
1271,11.17,12.32,34.84
1272,11.15,12.2,37.86
1273,10.45,11.83,41.33
1274,9.22,10.1,45.82
1275,7.63,8.17,49.87
1276,6.04,6.29,54.54
1277,5.83,6.27,54.86
1278,5.62,5.72,53.92
1279,5.43,5.57,52.99
1280,5.68,5.97,51.75
1281,5.91,6.04,49.71
1282,6.08,6.2,47.2
1283,5.91,6.2,46.62
1284,6.68,7.1,42.84
1285,7.46,8.01,39.06
1286,7.08,7.71,37.84
1287,8.41,9.64,34.19
1288,9.47,10.84,30.29
1289,11.99,14.59,25.43
1290,15.15,20.27,21.01
1291,19.74,29.76,16.86
1292,18.25,24.59,19.64
1293,18.0,25.11,22.73
1294,15.74,19.26,25.76
1295,15.15,19.12,25.96
1296,16.26,21.67,26.26
1297,13.71,18.74,29.88
1298,13.84,18.28,30.19
1299,12.14,15.72,33.03
1300,12.34,15.7,34.47
1301,11.96,15.97,34.69
1302,12.1,15.53,37.18
1303,15.34,20.64,35.34
1304,16.42,17.73,40.41
1305,17.63,23.43,37.06
1306,18.46,24.04,38.28
1307,18.33,23.28,38.78
1308,18.65,22.44,39.87
1309,16.71,20.78,38.52
1310,16.25,19.7,36.02
1311,16.78,21.19,33.45
1312,15.38,21.84,31.69
1313,20.64,22.46,28.88
1314,19.14,20.62,27.1
1315,18.0,18.52,25.68
1316,18.2,18.89,28.94
1317,11.91,14.13,36.24
1318,11.88,14.09,36.48
1319,11.17,12.32,41.33
1320,9.05,9.64,49.09
1321,6.37,6.67,54.04
1322,5.64,6.1,54.92
1323,5.16,5.58,55.78
1324,5.45,5.95,53.15
1325,3.92,4.42,60.05
1326,3.6,3.79,58.87
1327,5.76,5.95,51.83
1328,5.55,5.91,52.8
1329,4.74,4.95,53.78
1330,4.61,4.84,60.03
1331,4.48,4.72,58.35
1332,3.06,3.23,61.39
1333,3.75,4.3,57.68
1334,5.43,5.78,56.74
1335,7.11,7.25,55.8
1336,7.78,7.88,57.02
1337,7.4,7.73,59.03
1338,10.06,10.81,57.68
1339,10.14,11.11,60.89
1340,13.88,15.19,56.9
1341,14.8,15.99,55.14
1342,12.05,13.6,57.76
1343,10.16,11.38,58.29
1344,11.7,13.31,55.6
1345,12.57,14.21,54.04
1346,8.3,9.58,60.47
1347,6.67,7.67,61.63
1348,7.21,8.01,60.13
1349,6.39,7.06,62.01
1350,5.57,6.18,64.34
1351,5.14,5.79,63.88
1352,8.26,9.03,61.93
1353,6.39,7.21,61.45
1354,8.34,9.33,61.57
1355,6.75,7.15,64.0
1356,5.18,5.66,65.9
1357,6.01,6.52,64.34
1358,5.87,6.45,63.96
1359,4.99,4.88,63.84
1360,3.06,3.16,65.82
1361,3.6,3.77,64.38
1362,6.88,7.13,59.71
1363,4.7,4.86,60.47
1364,3.75,3.79,63.36
1365,2.83,2.77,64.18
1366,3.29,3.23,64.0
1367,2.52,2.37,65.14
1368,3.12,2.73,65.64
1369,1.87,1.63,70.14
1370,1.57,1.42,71.5
1371,1.32,0.9,72.08
1372,1.34,1.22,72.83
1373,1.11,0.5,73.8
1374,1.07,0.78,75.27
1375,0.55,0.0,74.23
1376,0.84,0.63,74.27
1377,0.71,0.67,73.46
1378,0.84,0.57,72.86
1379,1.28,1.15,72.26
1380,2.01,1.57,70.05
1381,2.03,1.76,69.21
1382,1.36,1.11,69.14
1383,1.51,1.32,68.65
1384,2.36,2.44,67.4
1385,3.21,3.56,66.15
1386,4.4,4.9,64.96
1387,5.3,5.91,66.31
1388,5.79,6.5,69.39
1389,4.92,5.3,69.82
1390,4.04,4.53,71.13
1391,4.8,5.28,72.52
1392,4.95,5.66,73.04
1393,4.13,4.84,74.96
1394,3.42,4.25,75.86
1395,3.48,3.98,75.62
1396,3.25,3.77,75.38
1397,3.29,3.77,75.2
1398,3.92,4.07,75.28
1399,3.98,4.7,74.12
1400,4.74,5.62,73.66
1401,4.86,5.91,72.58
1402,4.61,5.51,75.68
1403,3.19,3.79,75.68
1404,3.12,3.29,74.98
1405,2.87,2.73,75.54
1406,2.95,3.16,75.8
1407,3.12,3.4,74.6
1408,3.14,3.33,73.78
1409,3.02,3.06,73.54
1410,2.75,2.75,73.24
1411,1.95,1.97,73.84
1412,2.1,2.07,76.7
1413,1.78,2.01,75.18
1414,1.8,1.63,73.3
1415,1.19,1.13,72.1
1416,1.66,1.64,71.55
1417,1.15,1.19,71.68
1418,1.13,0.99,71.5
1419,1.17,1.19,72.08
1420,0.94,0.96,73.59
1421,1.13,1.15,73.8
1422,1.43,0.61,74.02
1423,1.55,0.75,74.23
1424,1.36,1.03,74.27
1425,0.54,0.21,73.46
1426,0.55,0.77,71.49
1427,0.54,0.61,72.26
1428,0.78,0.66,70.74
1429,1.01,0.71,69.21
1430,1.38,1.07,69.14
1431,1.8,1.34,68.65
1432,2.54,2.45,67.21
1433,2.7,2.64,66.15
1434,4.05,4.02,64.96
1435,5.45,5.78,66.31
1436,3.96,3.98,69.39
1437,4.51,4.3,72.23
1438,5.37,5.43,75.33
1439,4.61,4.88,77.24
1440,5.03,5.32,73.04
1441,5.18,5.26,74.98
1442,6.75,7.59,75.68
1443,7.11,8.32,75.12
1444,8.26,9.93,73.46
1445,6.92,7.98,74.8
1446,7.71,8.61,73.68
1447,7.88,9.18,71.81
1448,8.49,9.58,70.71
1449,8.91,9.79,70.13
1450,10.9,11.67,67.45
1451,14.18,15.68,63.74
1452,12.13,12.72,64.64
1453,13.69,14.63,62.19
1454,10.65,10.61,65.54
1455,12.81,13.2,62.66
1456,14.63,15.82,59.89
1457,13.58,13.75,61.15
1458,11.28,11.51,68.23
1459,11.82,11.61,68.07
1460,12.02,12.24,65.42
1461,11.91,14.13,56.12
1462,11.88,14.09,55.62
1463,21.92,12.32,48.66
1464,11.15,12.2,59.47
1465,9.85,9.87,64.24
1466,10.25,11.54,54.46
1467,9.26,8.95,60.73
1468,4.88,4.67,66.2
1469,3.73,3.29,66.16
1470,3.39,2.87,65.3
1471,6.04,5.68,56.96
1472,7.32,6.58,52.96
1473,7.13,6.69,48.97
1474,7.16,7.54,48.54
1475,8.22,7.99,43.99
1476,6.43,5.89,44.01
1477,5.18,4.88,48.89
1478,5.32,5.28,47.5
1479,5.45,5.68,46.1
1480,7.65,7.82,43.45
1481,9.18,9.14,42.97
1482,9.12,9.52,43.47
1483,15.34,16.05,35.48
1484,15.19,15.63,34.96
1485,16.83,17.46,34.11
1486,16.21,23.41,33.05
1487,18.93,22.62,34.09
1488,11.61,13.16,55.56
1489,8.11,9.24,61.77
1490,8.64,10.25,61.57
1491,6.48,7.9,64.16
1492,6.69,7.57,64.42
1493,5.79,6.58,65.98
1494,4.59,5.45,67.71
1495,5.53,5.97,65.94
1496,6.02,6.92,65.96
1497,5.89,6.71,65.06
1498,7.54,8.2,64.42
1499,9.6,10.37,62.51
1500,9.85,10.81,58.89
1501,8.13,9.2,60.05
1502,9.56,10.44,59.35
1503,8.19,9.28,58.49
1504,9.64,10.29,55.9
1505,7.13,7.67,58.33
1506,6.25,6.88,59.03
1507,4.97,5.32,61.55
1508,5.3,5.64,61.15
1509,4.84,5.16,62.11
1510,4.65,4.86,62.09
1511,3.73,4.34,61.81
1512,5.72,5.81,57.52
1513,5.34,5.51,56.92
1514,3.75,4.28,59.57
1515,3.08,3.6,58.93
1516,2.47,2.87,58.19
1517,2.39,2.58,57.38
1518,2.2,2.18,55.86
1519,2.2,2.41,55.34
1520,1.64,1.72,55.16
1521,1.64,1.47,54.84
1522,1.76,1.61,54.04
1523,2.03,2.35,53.25
1524,2.05,2.03,51.27
1525,3.17,2.49,46.78
1526,4.82,4.92,40.91
1527,6.5,6.77,37.48
1528,7.12,7.4,37.54
1529,7.75,8.03,37.6
1530,8.09,8.85,36.76
1531,7.8,8.22,37.78
1532,7.61,8.36,40.85
1533,7.32,8.09,44.44
1534,5.26,6.14,51.85
1535,4.51,5.3,55.16
1536,5.45,6.27,55.2
1537,5.36,6.23,54.9
1538,6.39,7.36,53.86
1539,5.83,7.0,52.61
1540,5.32,6.43,53.7
1541,4.72,5.55,56.16
1542,4.15,5.11,56.34
1543,3.9,4.44,56.78
1544,3.58,4.26,58.39
1545,3.56,4.21,62.11
1546,2.7,3.06,74.54
1547,1.97,2.7,80.67
1548,2.05,2.28,80.53
1549,2.31,2.81,84.2
1550,2.08,2.72,85.87
1551,2.1,2.56,85.87
1552,1.84,2.2,84.57
1553,1.68,2.24,82.49
1554,1.87,2.49,81.28
1555,1.93,2.2,79.94
1556,1.43,1.55,76.7
1557,1.22,1.51,75.18
1558,1.13,1.47,73.3
1559,1.15,1.55,72.1
1560,1.09,1.47,71.55
1561,1.11,1.45,71.68
1562,1.26,1.47,71.5
1563,0.98,1.2,72.08
1564,0.33,0.75,73.59
1565,0.73,1.17,73.8
1566,0.69,1.07,74.02
1567,0.67,1.07,74.23
1568,0.42,1.01,74.27
1569,0.52,0.96,73.46
1570,0.67,0.88,71.49
1571,0.48,1.05,72.26
1572,0.87,1.03,70.74
1573,1.26,1.01,69.21
1574,1.17,0.86,69.14
1575,1.57,1.22,68.65
1576,1.42,1.43,67.21
1577,2.95,3.1,66.15
1578,3.23,3.6,64.96
1579,5.64,6.41,66.31
1580,7.71,8.4,69.39
1581,9.16,9.54,72.23
1582,6.27,6.5,75.33
1583,4.72,5.05,77.24
1584,6.52,7.17,79.74
1585,5.57,6.25,80.95
1586,4.19,5.18,75.86
1587,3.96,5.03,76.73
1588,3.86,4.9,77.81
1589,3.73,4.59,78.16
1590,3.52,4.44,78.69
1591,4.19,5.32,79.21
1592,3.71,4.55,78.11
1593,4.49,5.39,77.71
1594,5.95,7.15,75.8
1595,6.48,7.17,74.34
1596,8.01,8.93,71.45
1597,11.17,11.93,68.09
1598,14.23,15.24,63.92
1599,11.15,11.19,65.48
1600,11.88,12.3,64.64
1601,7.34,7.55,72.06
1602,5.64,5.93,72.48
1603,6.9,7.19,71.65
1604,6.85,7.11,71.67
1605,7.69,7.98,69.27
1606,5.26,5.37,72.44
1607,4.93,5.07,72.1
1608,4.48,4.36,71.55
1609,2.37,2.28,71.68
1610,3.84,3.81,71.5
1611,2.6,2.52,72.08
1612,2.72,2.66,68.11
1613,2.56,2.47,68.43
1614,3.54,3.1,66.56
1615,4.02,3.69,63.3
1616,4.11,4.05,61.68
1617,4.82,4.92,60.07
1618,4.78,4.78,62.72
1619,3.79,3.56,63.38
1620,5.41,5.58,64.27
1621,8.2,8.09,61.49
1622,7.77,7.98,64.36
1623,7.34,7.88,67.23
1624,7.65,8.3,67.21
1625,5.09,5.78,66.15
1626,6.16,6.64,64.96
1627,7.26,7.86,66.31
1628,8.35,9.09,69.39
1629,9.45,10.31,69.82
1630,4.09,4.7,71.13
1631,4.4,5.26,72.52
1632,4.0,4.59,73.04
1633,3.81,4.34,74.98
1634,3.29,3.73,75.86
1635,3.56,4.23,75.92
1636,3.63,4.57,75.76
1637,3.67,4.8,75.94
1638,4.88,5.64,74.74
1639,4.9,5.79,73.52
1640,4.82,5.78,72.9
1641,5.78,6.41,71.75
1642,4.57,5.45,71.79
1643,3.29,3.77,72.24
1644,4.21,4.72,70.39
1645,4.51,4.74,69.27
1646,5.2,5.66,66.56
1647,5.07,5.6,65.28
1648,4.74,5.11,65.78
1649,5.01,5.32,63.12
1650,7.13,7.61,59.05
1651,6.43,6.81,56.1
1652,7.55,8.38,52.65
1653,7.17,7.48,51.29
1654,7.75,8.4,49.43
1655,7.65,8.19,49.81
1656,9.45,9.94,46.02
1657,10.17,10.84,44.62
1658,10.25,11.11,43.13
1659,10.28,11.19,41.39
1660,9.34,9.84,43.05
1661,8.37,9.35,46.9
1662,7.94,8.57,47.5
1663,7.5,7.79,49.93
1664,7.83,8.16,47.7
1665,7.13,7.54,49.81
1666,7.16,7.54,46.31
1667,8.46,8.54,42.81
1668,12.55,8.62,38.14
1669,11.77,12.63,34.29
1670,13.66,14.38,34.86
1671,14.44,15.22,35.34
1672,13.5,14.34,40.38
1673,12.55,13.46,45.42
1674,12.09,13.0,51.63
1675,11.62,12.54,53.64
1676,11.16,12.07,55.36
1677,10.69,11.61,53.05
1678,10.23,11.15,52.69
1679,9.94,11.11,53.95
1680,9.33,10.51,55.22
1681,8.72,9.92,56.48
1682,8.12,9.32,57.74
1683,7.51,8.73,59.01
1684,6.9,8.13,60.27
1685,6.88,8.78,59.63
1686,6.94,7.9,59.23
1687,7.34,8.05,58.39
1688,8.38,10.1,57.04
1689,7.69,9.18,57.64
1690,7.82,9.58,58.67
1691,7.8,9.54,59.91
1692,6.67,7.21,61.11
1693,3.98,4.38,71.85
1694,2.68,2.68,80.91
1695,2.89,3.1,74.0
1696,2.62,2.95,77.21
1697,2.28,2.75,77.89
1698,2.01,2.16,78.72
1699,1.74,2.05,79.94
1700,1.66,1.68,76.7
1701,1.66,1.76,75.18
1702,1.45,1.4,73.3
1703,1.07,1.3,72.1
1704,1.49,1.3,71.55
1705,0.9,0.94,71.68
1706,0.57,0.59,71.5
1707,0.67,0.5,72.08
1708,0.57,0.29,73.59
1709,0.44,0.25,73.8
1710,0.36,0.11,74.02
1711,0.27,0.21,74.23
1712,0.5,0.69,74.27
1713,0.55,0.34,73.46
1714,0.08,0.27,71.49
1715,0.5,0.34,72.26
1716,0.8,0.72,70.74
1717,1.09,1.09,69.21
1718,1.15,1.34,69.14
1719,1.24,1.22,68.65
1720,1.68,2.07,67.21
1721,2.72,3.23,66.15
1722,3.56,4.02,64.96
1723,5.51,6.43,66.31
1724,4.15,5.07,67.22
1725,3.67,3.96,69.51
1726,3.77,4.04,68.53
1727,3.69,4.4,68.83
1728,3.02,3.84,70.21
1729,3.27,3.9,72.24
1730,3.16,4.13,74.0
1731,2.75,3.52,75.36
1732,3.23,4.13,75.7
1733,2.79,3.46,75.26
1734,2.91,4.02,74.44
1735,3.06,3.67,72.26
1736,2.56,3.27,72.74
1737,3.06,3.77,71.47
1738,3.52,4.38,70.45
1739,3.75,4.36,69.43
1740,3.75,4.67,69.07
1741,4.3,4.88,68.79
1742,5.24,6.18,66.68
1743,6.29,7.23,65.0
1744,4.46,5.03,66.58
1745,5.26,5.83,65.98
1746,4.15,4.7,67.2
1747,2.64,2.81,67.75
1748,3.98,4.19,66.86
1749,4.07,4.49,66.42
1750,3.94,4.38,67.14
1751,4.17,4.69,65.96
1752,3.77,4.13,65.74
1753,3.17,3.17,66.1
1754,3.42,3.5,65.64
1755,2.66,2.7,66.04
1756,2.16,2.3,65.94
1757,2.52,2.49,65.8
1758,2.22,2.2,66.28
1759,2.16,2.05,66.89
1760,2.26,2.14,66.66
1761,2.05,1.8,66.43
1762,2.54,2.35,67.16
1763,2.35,2.45,64.75
1764,3.5,3.71,64.27
1765,3.9,3.84,68.28
1766,4.42,4.44,64.54
1767,4.93,5.05,60.8
1768,8.97,9.22,62.29
1769,12.37,12.89,58.31
1770,16.2,17.27,57.7
1771,20.22,22.26,54.34
1772,19.73,26.78,50.71
1773,14.11,14.5,62.53
1774,10.0,10.73,64.64
1775,13.35,14.75,60.63
1776,11.99,13.92,65.06
1777,7.21,8.36,74.02
1778,6.85,8.36,72.32
1779,10.04,11.48,68.39
1780,8.51,9.37,68.89
1781,7.32,8.26,68.67
1782,7.11,8.05,70.59
1783,8.64,9.79,71.83
1784,10.08,11.21,70.79
1785,9.33,9.98,72.3
1786,5.91,6.73,75.36
1787,5.89,6.83,73.68
1788,6.75,7.5,72.56
1789,6.77,7.57,71.57
1790,7.1,7.76,69.35
1791,8.4,8.89,67.49
1792,6.85,7.63,67.53
1793,6.48,7.36,65.34
1794,5.64,6.04,63.7
1795,6.27,6.69,60.49
1796,7.15,7.75,59.53
1797,11.91,13.12,52.07
1798,11.88,14.09,47.84
1799,11.17,12.32,50.39
1800,11.15,12.2,43.61
1801,21.26,22.12,15.65
1802,19.72,20.4,16.38
1803,18.76,19.01,29.6
1804,16.12,16.53,30.61
1805,14.99,15.36,29.46
1806,15.58,17.51,29.0
1807,13.9,15.37,18.48
1808,14.23,15.59,21.15
1809,11.6,12.41,27.3
1810,11.9,12.93,28.64
1811,11.74,12.27,29.98
1812,12.55,12.84,27.58
1813,11.77,12.63,32.59
1814,9.62,9.85,48.1
1815,9.22,9.56,48.62
1816,9.35,9.58,46.47
1817,9.47,9.6,44.32
1818,11.78,11.86,39.55
1819,9.51,10.04,39.97
1820,12.35,14.21,33.79
1821,12.58,14.23,32.91
1822,10.42,11.78,34.31
1823,12.68,14.04,32.23
1824,13.85,15.95,32.39
1825,13.71,16.22,34.09
1826,16.29,19.54,35.64
1827,15.57,19.41,44.68
1828,10.67,12.16,62.33
1829,8.76,9.6,67.35
1830,7.75,8.55,70.83
1831,6.31,7.36,72.92
1832,6.9,7.34,74.68
1833,7.15,7.78,74.78
1834,8.43,8.97,72.58
1835,6.52,6.69,71.33
1836,8.4,8.82,67.35
1837,8.11,8.41,69.53
1838,9.14,9.29,69.19
1839,9.24,9.45,67.85
1840,9.87,9.98,64.42
1841,10.46,10.63,61.69
1842,7.98,7.94,63.74
1843,10.1,10.61,59.77
1844,7.21,7.38,63.54
1845,6.66,6.75,61.81
1846,8.11,8.24,59.93
1847,7.75,7.84,58.71
1848,8.74,8.64,57.74
1849,8.19,8.51,59.53
1850,4.21,4.05,62.27
1851,4.38,4.51,63.26
1852,4.65,4.82,65.46
1853,4.13,4.46,67.0
1854,4.7,4.9,66.94
1855,2.14,2.47,66.89
1856,4.38,4.36,67.06
1857,6.12,6.14,64.44
1858,6.52,6.16,63.06
1859,3.92,3.94,64.75
1860,4.31,4.44,63.76
1861,4.7,4.95,62.78
1862,4.44,4.48,60.85
1863,5.32,5.11,60.8
1864,2.52,2.26,67.21
1865,2.28,2.2,66.15
1866,1.11,1.26,64.96
1867,1.7,1.4,66.31
1868,1.78,1.76,69.39
1869,1.7,1.47,71.8
1870,2.18,2.31,69.25
1871,2.56,2.85,67.81
1872,3.48,3.52,65.74
1873,3.88,3.96,64.24
1874,3.9,4.07,63.14
1875,4.88,5.34,60.81
1876,6.01,6.67,57.92
1877,5.81,6.71,58.13
1878,6.25,7.36,57.98
1879,6.75,7.9,57.3
1880,6.33,7.23,60.33
1881,6.85,7.84,58.73
1882,6.06,6.45,55.7
1883,5.01,5.43,58.29
1884,4.07,4.57,60.07
1885,4.69,4.84,58.41
1886,4.34,4.88,58.09
1887,3.79,4.17,58.53
1888,3.48,3.73,61.15
1889,3.42,3.63,61.67
1890,4.48,4.36,61.57
1891,4.51,4.78,62.72
1892,4.26,4.53,62.33
1893,2.72,2.83,65.16
1894,2.79,3.12,64.08
1895,3.1,3.35,63.66
1896,3.73,3.73,65.34
1897,2.12,2.01,68.51
1898,1.76,2.08,71.5
1899,1.22,1.47,72.08
1900,1.38,1.38,68.11
1901,1.11,1.3,73.8
1902,1.32,1.3,68.3
1903,1.51,1.7,66.89
1904,1.11,1.07,66.66
1905,1.43,1.45,66.43
1906,0.99,0.88,71.49
1907,0.98,0.99,72.26
1908,1.22,1.45,70.05
1909,2.05,2.24,69.21
1910,2.78,2.74,68.93
1911,3.52,3.23,68.65
1912,2.83,2.47,67.21
1913,4.72,4.92,66.15
1914,4.55,4.9,64.96
1915,7.78,8.4,66.31
1916,5.85,6.31,67.22
1917,6.22,6.41,66.08
1918,6.12,6.41,65.02
1919,6.29,6.67,65.76
1920,6.39,6.62,65.38
1921,6.66,7.13,66.88
1922,5.66,6.14,68.11
1923,5.01,5.3,68.67
1924,5.76,5.89,66.42
1925,5.16,5.32,65.66
1926,4.72,4.92,65.1
1927,5.66,6.18,64.78
1928,5.74,6.2,65.56
1929,5.39,5.78,65.72
1930,5.68,6.39,67.24
1931,5.26,5.55,69.23
1932,3.94,3.96,71.21
1933,3.81,3.86,71.29
1934,3.69,3.82,72.22
1935,3.98,3.86,71.53
1936,3.71,3.35,70.71
1937,2.93,2.72,71.25
1938,3.37,3.29,70.05
1939,2.49,2.33,70.53
1940,2.83,2.56,69.81
1941,2.64,2.56,68.29
1942,2.75,2.54,67.89
1943,1.8,1.61,68.57
1944,2.37,2.01,67.59
1945,1.99,1.84,68.19
1946,2.26,2.12,67.28
1947,1.72,1.26,67.41
1948,1.55,1.36,66.64
1949,1.57,1.38,67.75
1950,1.19,0.5,68.3
1951,2.64,2.28,65.76
1952,1.72,1.49,67.58
1953,0.75,0.33,73.46
1954,1.26,0.8,72.86
1955,2.66,2.39,72.26
1956,1.45,1.01,70.05
1957,2.52,2.24,69.21
1958,1.76,1.64,69.14
1959,3.46,3.14,68.65
1960,5.22,5.64,67.4
1961,6.98,8.15,66.15
1962,11.72,13.31,64.96
1963,16.72,18.9,64.3
1964,13.02,14.55,66.64
1965,18.0,20.33,60.17
1966,14.4,16.37,63.82
1967,13.35,15.82,65.22
1968,14.78,17.61,62.51
1969,12.39,15.76,64.72
1970,9.85,12.45,70.03
1971,7.59,10.1,76.73
1972,6.98,9.66,77.81
1973,8.34,11.32,78.16
1974,6.9,9.12,79.07
1975,5.95,7.8,79.21
1976,5.91,7.61,79.76
1977,5.93,7.73,80.05
1978,5.97,7.11,80.62
1979,5.93,6.94,80.69
1980,8.99,10.1,75.54
1981,7.0,7.92,73.48
1982,5.68,7.0,75.86
1983,5.64,6.94,75.3
1984,9.18,10.54,69.79
1985,7.02,8.15,68.75
1986,8.07,9.16,60.41
1987,6.45,7.73,52.45
1988,6.62,7.84,48.0
1989,4.42,5.55,49.31
1990,4.69,5.91,48.52
1991,4.09,4.86,49.71
1992,4.59,5.64,49.49
1993,2.85,3.71,54.82
1994,2.49,3.12,61.31
1995,1.66,2.43,63.86
1996,1.38,2.26,64.38
1997,1.42,2.43,64.58
1998,1.28,1.99,64.87
1999,1.36,2.24,65.16
2000,1.68,2.52,63.4
2001,1.99,2.79,61.75
2002,1.64,2.83,60.93
2003,1.82,2.83,59.73
2004,2.41,2.9,58.58
2005,3.0,2.96,57.44
2006,3.27,3.14,56.96
2007,3.77,3.92,55.12
2008,3.21,3.0,56.26
2009,3.98,4.57,55.32
2010,3.82,4.34,55.46
2011,4.99,5.51,54.64
2012,5.16,5.62,53.62
2013,6.5,6.6,55.64
2014,5.81,6.02,58.0
2015,6.08,6.14,59.03
2016,7.1,7.96,59.17
2017,6.12,6.71,74.98
2018,6.41,6.9,75.86
2019,5.85,6.31,81.05
2020,4.19,4.76,81.66
2021,4.17,4.51,78.16
2022,4.7,5.07,78.29
2023,6.88,7.29,74.96
2024,6.33,6.81,75.38
2025,5.95,6.6,75.14
2026,6.94,7.84,74.06
2027,6.73,7.17,73.58
2028,7.29,7.78,73.08
2029,4.21,3.81,75.82
2030,4.46,4.55,76.46
2031,3.61,3.6,76.06
2032,3.52,3.46,74.76
2033,3.35,3.08,73.76
2034,3.39,3.17,74.26
2035,3.58,3.44,72.64
2036,3.98,3.86,71.07
2037,4.05,4.02,68.03
2038,4.26,4.32,68.01
2039,3.63,3.88,69.49
2040,3.63,3.39,71.55
2041,3.16,3.23,71.68
2042,3.0,2.98,71.5
2043,2.1,1.86,72.08
2044,2.28,2.08,73.59
2045,2.7,2.33,72.88
2046,2.72,2.43,68.3
2047,2.91,2.47,66.68
2048,2.85,2.39,66.56
2049,2.58,1.97,66.43
2050,1.99,1.55,67.16
2051,2.01,1.87,64.75
2052,2.3,2.24,64.27
2053,2.6,2.52,62.78
2054,2.85,2.88,61.79
2055,3.1,3.23,60.8
2056,2.51,2.96,66.17
2057,3.12,3.23,66.15
2058,3.14,3.81,64.96
2059,3.25,3.84,66.31
2060,3.04,3.58,69.39
2061,2.33,2.62,72.23
2062,2.1,2.39,75.33
2063,3.65,5.05,77.24
2064,2.64,3.58,79.74
2065,2.77,3.46,80.95
2066,2.41,3.54,81.52
2067,2.18,3.0,81.75
2068,2.56,3.17,82.38
2069,2.2,2.26,82.7
2070,1.97,2.01,83.36
2071,2.62,3.54,83.41
2072,2.43,3.06,79.76
2073,2.41,2.91,85.29
2074,2.3,2.6,85.11
2075,2.18,2.72,80.69
2076,2.05,2.51,85.41
2077,2.7,3.31,84.2
2078,3.21,4.0,80.99
2079,3.1,3.88,81.08
2080,2.96,3.4,80.72
2081,3.63,4.13,79.85
2082,3.0,3.23,81.28
2083,2.54,2.75,79.94
2084,2.14,2.51,76.7
2085,2.08,2.33,75.18
2086,1.59,1.95,73.3
2087,1.61,1.47,72.1
2088,2.43,2.72,71.55
2089,1.82,1.89,71.68
2090,1.53,1.74,71.5
2091,1.28,1.42,72.08
2092,1.15,0.84,73.59
2093,1.05,0.94,73.8
2094,1.05,1.11,73.55
2095,1.82,1.91,72.79
2096,1.01,1.22,74.27
2097,0.88,0.99,73.46
2098,0.8,0.55,72.86
2099,1.28,1.13,72.26
2100,2.1,2.54,70.05
2101,0.99,1.07,69.21
2102,1.97,1.93,69.14
2103,2.85,2.47,68.65
2104,5.35,5.47,67.4
2105,7.84,8.47,66.15
2106,7.4,8.82,64.96
2107,14.36,16.45,61.89
2108,15.72,17.44,61.59
2109,18.0,23.39,55.46
2110,16.21,23.41,51.41
2111,15.5,19.47,59.01
2112,14.86,18.03,60.25
2113,12.58,15.32,64.52
2114,10.77,13.56,67.22
2115,8.64,10.63,69.13
2116,5.22,6.71,73.78
2117,4.46,6.04,75.04
2118,3.67,4.84,77.15
2119,4.49,5.76,75.18
2120,5.43,6.85,73.9
2121,4.72,5.93,76.1
2122,6.39,7.88,75.2
2123,5.81,6.9,76.12
2124,6.6,7.67,76.85
2125,11.23,12.41,69.73
2126,12.64,14.0,67.89
2127,10.37,11.51,71.61
2128,11.13,12.24,69.15
2129,7.29,8.13,73.06
2130,7.19,7.63,73.72
2131,5.91,6.67,75.46
2132,6.27,7.1,74.62
2133,6.94,7.71,71.25
2134,5.03,5.74,72.0
2135,5.11,6.33,72.1
2136,3.48,4.0,71.55
2137,2.73,3.21,71.68
2138,3.14,3.61,71.5
2139,2.58,2.91,72.08
2140,2.73,3.02,72.83
2141,3.84,4.46,68.43
2142,4.21,4.34,67.66
2143,3.6,3.98,66.89
2144,3.98,4.48,65.56
2145,4.92,5.51,60.65
2146,4.38,4.97,58.39
2147,4.53,5.07,56.2
2148,4.07,4.76,55.91
2149,3.61,4.44,55.62
2150,2.87,3.46,58.61
2151,2.43,2.95,60.8
2152,2.73,3.52,62.35
2153,2.85,3.56,60.54
2154,2.7,3.23,62.09
2155,2.66,3.35,63.98
2156,3.0,3.73,64.6
2157,4.09,5.28,63.3
2158,3.08,4.05,64.32
2159,2.79,3.86,64.12
2160,2.41,3.29,64.2
2161,2.39,3.37,64.38
2162,2.39,3.58,65.3
2163,2.47,3.79,65.66
2164,2.91,4.15,65.6
2165,1.99,2.89,67.3
2166,1.95,2.91,70.11
2167,2.12,2.95,72.2
2168,1.87,3.08,75.36
2169,1.55,2.51,77.73
2170,1.28,2.22,80.62
2171,1.17,1.86,86.01
2172,1.17,1.99,85.41
2173,1.07,1.59,84.2
2174,0.88,1.72,85.87
2175,0.78,1.43,85.87
2176,0.94,1.57,80.72
2177,0.75,1.53,79.85
2178,0.88,1.53,81.28
2179,0.77,1.26,79.94
2180,0.78,1.47,76.7
2181,0.75,1.47,75.18
2182,0.61,1.51,73.3
2183,0.96,1.63,72.1
2184,0.8,1.26,71.55
2185,0.48,1.34,71.68
2186,0.88,1.59,71.5
2187,0.67,1.34,72.08
2188,0.67,1.43,73.59
2189,0.69,1.49,73.8
2190,0.36,1.24,75.27
2191,0.69,1.34,74.23
2192,0.48,0.98,73.84
2193,0.42,0.92,73.46
2194,0.44,1.13,71.49
2195,0.59,1.34,72.26
2196,0.65,1.32,70.05
2197,0.4,1.05,69.21
2198,0.4,0.74,68.93
2199,0.4,0.42,68.65
2200,0.33,0.46,67.21
2201,0.67,0.75,66.15
2202,0.54,0.94,64.96
2203,0.77,0.88,66.31
2204,0.78,0.99,69.39
2205,0.75,0.92,72.23
2206,1.03,1.36,75.33
2207,1.49,1.87,77.24
2208,1.84,2.39,78.87
2209,2.33,2.96,74.98
2210,1.78,2.18,75.86
2211,1.82,2.47,76.73
2212,2.01,2.72,77.81
2213,2.24,3.08,78.16
2214,2.98,3.98,79.07
2215,2.7,3.14,79.21
2216,2.68,3.48,79.76
2217,3.25,3.88,79.55
2218,3.21,3.84,79.15
2219,3.02,3.44,79.45
2220,6.23,7.13,75.2
2221,6.01,6.62,74.48
2222,6.66,7.1,73.42
2223,7.67,8.03,71.19
2224,9.68,10.17,67.85
2225,9.03,9.33,67.37
2226,11.34,11.67,65.16
2227,11.61,11.97,63.24
2228,10.21,10.38,64.14
2229,9.89,10.12,62.9
2230,11.88,14.09,48.91
2231,11.17,12.32,44.2
2232,11.15,12.2,46.58
2233,10.45,11.83,49.43
2234,10.25,11.54,51.01
2235,10.28,10.82,49.61
2236,8.17,8.4,51.55
2237,7.8,7.9,52.45
2238,7.55,7.77,50.89
2239,6.16,6.23,49.43
2240,4.92,4.95,52.81
2241,4.69,4.93,52.23
2242,4.97,5.05,52.21
2243,4.7,4.57,52.19
2244,5.6,6.16,51.13
2245,10.11,10.69,41.11
2246,6.64,7.65,46.24
2247,8.51,9.16,46.46
2248,14.23,15.91,43.28
2249,19.95,22.66,40.09
2250,19.58,28.37,41.29
2251,13.05,25.1,38.74
2252,6.53,21.82,36.18
2253,0.0,18.55,33.63
2254,12.99,18.86,45.18
2255,18.93,22.64,50.19
2256,16.26,24.84,51.49
2257,13.71,19.22,56.36
2258,13.84,18.34,58.23
2259,13.78,17.71,59.31
2260,13.09,17.1,63.08
2261,11.96,15.97,64.84
2262,12.1,15.45,67.99
2263,15.34,20.64,54.76
2264,13.38,17.5,65.1
2265,9.22,10.17,67.22
2266,9.05,10.29,66.48
2267,9.2,10.4,65.9
2268,9.7,10.33,64.2
2269,10.9,11.44,63.34
2270,16.25,16.87,57.26
2271,16.78,18.46,57.08
2272,14.63,15.3,58.05
2273,14.17,17.43,55.96
2274,13.09,17.23,56.94
2275,9.64,9.64,62.84
2276,8.13,8.26,61.77
2277,6.31,6.29,65.66
2278,8.84,9.39,60.61
2279,6.48,6.33,61.71
2280,5.43,5.49,61.93
2281,3.67,3.88,67.73
2282,3.4,3.71,66.84
2283,2.45,2.47,68.84
2284,2.3,2.35,68.11
2285,2.12,2.08,73.8
2286,1.66,1.7,74.02
2287,1.91,1.87,74.23
2288,1.15,1.03,74.27
2289,0.8,0.73,73.46
2290,0.71,0.65,71.49
2291,0.92,0.65,72.26
2292,1.07,1.03,70.74
2293,1.22,1.42,69.21
2294,1.91,2.12,69.14
2295,2.7,2.79,68.65
2296,4.17,4.57,67.21
2297,7.92,8.63,66.15
2298,8.72,9.2,64.96
2299,18.4,20.25,63.48
2300,37.51,30.73,34.81
2301,32.42,31.66,33.13
2302,16.21,23.37,53.35
2303,18.58,21.53,54.64
2304,12.79,14.48,58.15
2305,12.62,14.94,56.24
2306,12.45,16.58,54.86
2307,13.78,17.44,53.37
2308,14.91,20.59,50.25
2309,9.81,11.59,70.11
2310,7.84,9.43,79.07
2311,5.09,5.72,83.41
2312,4.25,5.05,84.71
2313,3.54,3.84,80.05
2314,3.58,4.51,80.62
2315,4.02,4.72,80.69
2316,3.52,4.13,80.53
2317,5.05,5.99,78.11
2318,7.02,8.03,70.73
2319,7.54,8.64,69.51
2320,7.21,8.17,72.2
2321,4.8,5.34,72.8
2322,5.62,6.06,71.27
2323,4.93,5.2,69.79
2324,5.53,5.62,67.24
2325,5.32,5.37,67.85
2326,5.93,6.25,66.8
2327,4.9,4.86,67.83
2328,3.02,3.25,71.55
2329,1.95,1.78,71.68
2330,1.36,1.61,71.5
2331,1.42,1.47,72.08
2332,1.99,2.37,73.59
2333,8.37,9.35,73.8
2334,7.71,7.77,75.27
2335,1.03,1.15,74.23
2336,1.3,1.26,73.84
2337,1.47,1.74,73.46
2338,1.2,1.51,71.49
2339,2.73,3.12,72.26
2340,3.65,4.09,64.27
2341,4.28,4.69,62.78
2342,4.4,4.56,61.79
2343,4.53,4.42,60.8
2344,3.54,3.37,62.41
2345,5.41,5.91,59.93
2346,6.01,6.98,55.44
2347,10.4,11.61,48.36
2348,14.57,16.96,45.36
2349,12.64,14.27,49.41
2350,10.29,11.65,52.19
2351,11.8,14.38,50.87
2352,13.35,17.0,50.05
2353,13.71,17.46,49.09
2354,10.71,14.25,52.47
2355,8.07,10.98,55.82
2356,7.73,10.79,55.7
2357,6.6,9.14,56.82
2358,8.91,11.4,65.48
2359,5.87,7.25,79.21
2360,5.43,6.58,79.76
2361,5.62,6.94,80.05
2362,6.43,7.9,79.37
2363,7.15,8.15,78.19
2364,10.17,11.26,73.86
2365,8.93,9.7,73.88
2366,7.9,8.32,73.6
2367,6.29,6.33,75.3
2368,4.99,5.26,76.48
2369,5.53,5.6,75.3
2370,7.67,8.28,71.39
2371,7.99,8.4,69.89
2372,6.94,7.19,70.49
2373,5.26,5.45,71.55
2374,5.57,6.06,69.61
2375,2.98,3.39,70.74
2376,3.92,3.88,69.65
2377,3.58,3.42,68.83
2378,4.04,3.86,67.73
2379,2.22,2.1,72.08
2380,2.87,2.93,68.11
2381,3.54,3.61,68.15
2382,3.63,3.88,68.3
2383,2.89,2.96,66.89
2384,2.64,2.54,67.58
2385,2.68,2.28,66.43
2386,3.42,3.5,65.32
2387,3.81,4.11,64.2
2388,4.21,4.17,59.15
2389,3.9,4.19,56.86
2390,5.64,5.72,54.54
2391,9.18,9.54,50.11
2392,12.08,13.14,48.66
2393,14.97,16.73,47.22
2394,19.34,22.47,42.13
2395,20.22,28.73,37.32
2396,19.73,23.35,40.59
2397,16.39,19.28,44.18
2398,12.6,14.96,47.28
2399,11.55,13.64,48.12
2400,14.19,17.06,44.68
2401,16.74,19.7,39.83
2402,16.35,22.94,32.37
2403,15.57,21.98,33.57
2404,14.91,18.17,40.75
2405,10.67,12.74,50.15
2406,10.82,12.74,53.23
2407,10.19,12.32,55.32
2408,9.79,11.15,55.74
2409,8.32,9.75,57.24
2410,10.14,11.28,56.26
2411,12.26,13.81,54.1
2412,10.52,12.13,54.24
2413,11.36,12.74,53.88
2414,8.57,9.79,56.32
2415,8.59,9.41,56.78
2416,8.7,9.7,56.66
2417,9.35,10.23,54.36
2418,7.99,8.76,55.0
2419,6.94,7.36,55.92
2420,6.98,7.8,55.26
2421,6.62,6.77,55.3
2422,7.04,7.63,54.54
2423,6.16,6.5,54.68
2424,5.53,6.14,54.82
2425,6.01,6.62,54.54
2426,6.79,7.38,52.81
2427,4.49,4.57,57.6
2428,3.81,3.88,59.69
2429,3.52,3.9,59.05
2430,3.5,3.78,59.34
2431,3.48,3.67,59.63
2432,2.93,3.19,60.85
2433,2.75,2.91,61.87
2434,2.7,2.54,63.36
2435,2.93,2.98,63.84
2436,3.36,3.74,62.06
2437,3.79,4.49,60.29
2438,4.32,5.22,60.11
2439,4.42,5.32,60.8
2440,5.68,6.69,61.07
2441,7.73,9.35,59.87
2442,10.92,14.15,56.9
2443,15.95,22.05,51.83
2444,11.86,14.9,55.72
2445,10.56,12.87,57.8
2446,7.34,8.74,65.78
2447,8.17,9.43,77.24
2448,7.59,9.12,79.66
2449,10.33,12.93,74.98
2450,13.84,17.12,72.16
2451,8.07,9.56,76.73
2452,6.41,7.9,77.81
2453,5.53,6.64,78.16
2454,4.93,6.12,79.07
2455,5.49,6.6,83.28
2456,5.89,7.42,84.34
2457,7.67,8.97,80.05
2458,13.81,15.43,77.03
2459,10.44,11.95,80.69
2460,12.45,14.29,78.19
2461,13.33,15.09,75.16
2462,10.23,11.72,75.0
2463,9.6,10.82,72.9
2464,10.23,11.59,70.25
2465,7.34,8.76,72.0
2466,7.25,7.92,74.18
2467,6.52,7.48,71.96
2468,4.67,5.72,74.54
2469,3.1,3.96,75.18
2470,4.19,5.09,73.3
2471,3.14,3.58,72.1
2472,2.75,3.42,71.55
2473,2.24,2.93,71.68
2474,2.95,3.69,71.5
2475,2.58,3.48,72.08
2476,2.24,2.6,73.59
2477,1.82,2.51,73.8
2478,2.12,2.7,75.27
2479,1.47,2.1,74.23
2480,0.9,1.59,73.84
2481,0.82,1.53,73.46
2482,1.7,2.51,71.49
2483,1.91,2.45,72.26
2484,1.49,1.74,70.05
2485,1.11,2.01,69.21
2486,1.06,1.6,68.93
2487,1.01,1.2,68.65
2488,2.01,2.24,67.21
2489,3.9,4.11,66.15
2490,2.66,2.81,64.96
2491,3.92,4.51,66.31
2492,5.39,5.72,69.39
2493,4.11,4.48,72.23
2494,3.67,4.26,74.46
2495,2.24,2.68,77.24
2496,3.9,4.55,73.04
2497,4.25,5.14,74.98
2498,2.18,2.85,81.52
2499,3.21,3.98,81.75
2500,4.19,5.01,77.81
2501,3.16,3.9,78.16
2502,2.56,3.29,79.07
2503,2.62,3.44,79.21
2504,2.87,3.73,79.76
2505,3.67,4.65,79.37
2506,3.5,4.38,78.67
2507,3.79,4.49,77.37
2508,4.02,4.84,75.98
2509,3.17,3.17,76.61
2510,4.4,5.3,74.9
2511,4.07,4.95,74.46
2512,4.53,5.53,73.68
2513,4.04,4.34,73.82
2514,3.84,4.55,73.44
2515,3.25,3.88,76.04
2516,3.04,3.75,76.7
2517,3.19,3.71,75.18
2518,3.73,3.58,73.3
2519,3.14,3.54,72.1
2520,3.61,4.09,71.55
2521,3.33,3.84,71.68
2522,3.12,3.39,71.5
2523,2.03,2.01,72.08
2524,1.53,1.68,73.59
2525,1.63,1.59,73.8
2526,1.2,1.63,75.27
2527,1.26,1.66,74.23
2528,0.82,1.3,74.27
2529,1.11,1.11,73.46
2530,1.01,1.34,72.86
2531,1.26,1.42,72.26
2532,1.89,2.16,70.05
2533,1.8,1.61,69.21
2534,1.63,1.93,69.14
2535,2.22,2.43,68.65
2536,2.2,2.24,67.4
2537,2.18,2.05,66.15
2538,1.84,1.76,64.96
2539,3.84,3.84,66.31
2540,3.23,3.21,69.39
2541,3.23,3.25,72.23
2542,3.46,3.17,75.33
2543,4.26,4.25,77.24
2544,3.37,3.37,79.74
2545,3.27,3.39,80.95
2546,4.7,5.6,81.52
2547,5.45,6.58,76.73
2548,5.37,6.64,77.81
2549,4.0,4.82,78.16
2550,15.77,22.01,66.48
2551,15.34,20.64,52.13
2552,8.17,8.74,78.93
2553,3.82,3.86,80.05
2554,6.31,6.96,80.62
2555,4.61,4.78,80.69
2556,6.08,6.27,76.79
2557,4.74,4.88,78.61
2558,5.26,5.55,80.11
2559,3.25,3.25,81.08
2560,7.04,7.27,77.41
2561,6.9,6.64,77.67
2562,6.12,5.85,78.72
2563,6.08,6.18,76.97
2564,5.09,5.03,75.87
2565,4.42,4.26,74.08
2566,4.63,4.44,73.3
2567,2.91,2.56,72.1
2568,2.68,2.47,71.55
2569,2.89,2.73,71.68
2570,2.93,2.77,71.5
2571,2.33,1.99,72.08
2572,1.28,0.94,73.59
2573,1.24,1.07,73.8
2574,0.98,0.69,74.02
2575,1.22,0.86,74.23
2576,1.32,1.01,74.27
2577,1.13,0.84,73.46
2578,1.74,1.51,71.49
2579,3.19,3.29,72.26
2580,3.4,3.46,70.74
2581,3.61,3.63,69.21
2582,2.68,2.68,69.14
2583,2.98,3.17,68.65
2584,3.31,3.12,67.21
2585,4.61,4.65,66.15
2586,4.69,5.07,64.96
2587,5.66,6.37,66.31
2588,7.19,8.2,69.39
2589,7.21,7.98,69.82
2590,4.93,5.68,71.13
2591,5.05,6.16,72.52
2592,4.99,5.89,73.04
2593,4.78,6.14,73.6
2594,4.4,5.97,73.76
2595,4.23,5.36,73.98
2596,3.4,4.4,74.68
2597,3.71,4.69,73.5
2598,3.75,5.07,73.56
2599,4.57,6.02,73.3
2600,5.41,6.73,72.6
2601,6.1,7.98,72.76
2602,6.25,7.52,73.1
2603,8.19,9.47,71.15
2604,8.7,9.66,70.53
2605,7.54,8.09,72.1
2606,6.2,6.41,73.64
2607,4.15,4.25,73.58
2608,3.86,4.05,74.02
2609,4.25,4.11,73.6
2610,5.03,4.69,72.12
2611,2.6,2.79,72.8
2612,2.47,2.24,72.42
2613,2.83,2.83,71.94
2614,4.59,4.61,71.71
2615,3.31,3.58,72.1
2616,4.36,4.09,69.27
2617,3.81,3.61,67.28
2618,3.08,2.79,67.77
2619,2.31,2.33,71.6
2620,1.78,1.42,72.83
2621,1.99,1.99,68.43
2622,1.72,1.45,73.55
2623,1.7,1.42,74.08
2624,2.3,2.43,70.26
2625,2.51,2.24,66.43
2626,2.91,2.43,66.22
2627,3.63,3.33,62.55
2628,5.41,5.39,58.87
2629,7.5,7.78,58.49
2630,5.56,5.98,63.57
2631,3.63,4.17,68.65
2632,3.08,3.67,67.21
2633,3.33,4.17,66.15
2634,4.63,5.2,64.96
2635,5.85,6.88,66.31
2636,6.14,7.42,69.39
2637,5.76,7.02,72.23
2638,6.92,8.28,75.33
2639,7.76,8.99,76.34
2640,8.2,9.96,78.87
2641,5.49,6.96,74.98
2642,3.9,5.11,81.52
2643,4.09,5.41,81.75
2644,3.12,3.86,82.38
2645,3.9,5.34,78.16
2646,3.88,5.18,79.07
2647,4.44,6.14,79.21
2648,4.69,6.41,79.76
2649,4.07,5.51,80.05
2650,4.42,5.64,80.62
2651,3.65,4.49,80.69
2652,4.65,5.39,80.53
2653,4.13,4.65,80.82
2654,4.36,5.22,79.13
2655,5.36,5.72,77.31
2656,4.13,4.67,78.37
2657,3.84,4.34,78.43
2658,3.61,3.98,78.72
2659,3.71,4.3,76.97
2660,4.8,5.36,75.86
2661,4.11,4.69,75.18
2662,4.46,4.8,73.3
2663,4.26,4.7,72.1
2664,4.61,5.36,71.55
2665,4.46,4.99,67.99
2666,4.23,4.8,68.41
2667,3.14,3.73,68.84
2668,3.0,3.56,68.11
2669,2.73,3.33,73.8
2670,2.98,3.69,73.55
2671,3.0,3.39,74.23
2672,2.81,3.27,74.27
2673,2.26,2.85,72.09
2674,2.24,2.64,68.42
2675,2.24,2.51,64.75
2676,2.75,3.08,64.27
2677,3.39,4.0,62.78
2678,3.61,3.9,60.85
2679,3.73,4.25,60.8
2680,4.24,4.8,63.48
2681,4.74,5.36,66.15
2682,5.78,6.04,64.96
2683,9.45,10.29,63.84
2684,7.48,8.57,64.76
2685,6.88,7.65,65.0
2686,6.14,6.71,65.6
2687,5.14,5.99,67.39
2688,4.07,4.32,68.91
2689,4.53,5.16,69.57
2690,3.58,4.21,72.0
2691,3.08,3.73,74.3
2692,3.37,4.25,76.12
2693,4.11,6.62,75.92
2694,2.66,3.31,78.21
2695,2.87,3.33,78.51
2696,4.49,4.59,78.83
2697,3.37,3.84,80.05
2698,4.07,4.59,78.63
2699,3.84,4.26,79.35
2700,4.65,4.9,78.19
2701,4.07,4.07,78.13
2702,4.92,4.99,79.11
2703,6.96,7.11,74.56
2704,5.49,5.36,75.46
2705,5.03,5.07,76.24
2706,4.38,4.28,75.84
2707,3.16,3.31,76.97
2708,3.37,3.52,76.7
2709,2.37,2.35,75.18
2710,2.2,2.01,73.3
2711,1.47,1.22,72.1
2712,2.43,2.28,71.55
2713,1.76,1.63,71.68
2714,2.58,2.33,71.5
2715,1.49,1.05,72.08
2716,1.93,1.72,73.59
2717,1.84,1.64,73.8
2718,1.66,1.07,74.02
2719,1.76,1.34,74.23
2720,1.74,1.63,74.27
2721,1.64,1.45,73.46
2722,1.09,0.82,71.49
2723,1.09,0.98,72.26
2724,2.74,2.84,70.74
2725,4.4,4.7,69.21
2726,4.0,4.65,69.14
2727,4.4,5.03,68.65
2728,4.84,5.83,67.21
2729,6.23,7.44,66.15
2730,11.07,12.93,64.96
2731,19.07,22.36,57.36
2732,16.91,19.62,60.35
2733,15.09,18.35,63.84
2734,13.28,17.08,69.01
2735,11.46,15.82,61.39
2736,9.64,14.55,67.65
2737,5.95,7.55,72.6
2738,5.91,7.32,70.79
2739,5.24,7.32,73.08
2740,3.37,4.86,77.81
2741,3.35,4.49,78.16
2742,4.38,5.87,76.93
2743,3.81,5.13,79.21
2744,6.67,8.01,76.79
2745,4.34,5.64,78.17
2746,5.39,6.81,77.23
2747,5.81,7.71,76.81
2748,4.51,5.47,79.13
2749,5.09,6.04,76.16
2750,4.15,4.9,80.99
2751,4.13,5.07,81.08
2752,4.88,5.72,80.72
2753,5.09,5.45,79.41
2754,4.53,5.36,76.58
2755,5.07,5.78,76.97
2756,4.84,5.36,76.7
2757,4.25,5.18,75.18
2758,5.72,6.31,73.3
2759,4.48,5.13,72.1
2760,5.14,5.87,71.55
2761,3.77,4.65,71.68
2762,3.33,4.26,71.5
2763,2.98,3.48,72.08
2764,2.01,2.85,73.59
2765,1.76,2.49,72.88
2766,1.66,2.39,68.3
2767,1.51,2.12,66.89
2768,2.12,2.82,66.26
2769,2.72,3.52,65.64
2770,3.23,4.02,59.21
2771,3.67,4.36,61.05
2772,3.65,3.94,63.02
2773,3.92,4.63,61.99
2774,5.08,5.34,61.4
2775,6.25,6.06,60.8
2776,8.66,8.64,62.41
2777,12.57,13.08,60.54
2778,14.71,15.47,62.09
2779,15.57,16.91,64.78
2780,14.02,15.17,67.22
2781,13.27,15.09,68.31
2782,10.84,12.13,70.99
2783,10.35,12.14,72.36
2784,7.13,8.64,73.04
2785,5.32,6.29,80.95
2786,3.25,4.05,81.52
2787,3.75,4.67,81.75
2788,4.61,6.02,81.66
2789,3.63,4.63,82.7
2790,4.67,6.1,79.07
2791,3.86,4.86,79.21
2792,5.55,7.1,79.76
2793,5.97,7.06,79.17
2794,6.04,7.11,79.69
2795,6.01,6.87,78.83
2796,9.18,10.04,75.1
2797,7.73,8.24,75.22
2798,9.07,9.31,72.14
2799,8.74,8.74,72.16
2800,8.15,8.45,73.02
2801,8.47,8.78,73.08
2802,8.84,8.61,72.2
2803,7.54,7.54,72.5
2804,7.04,7.19,71.27
2805,6.62,6.9,72.28
2806,8.57,8.78,71.51
2807,6.16,6.5,72.1
2808,4.99,5.14,71.55
2809,4.53,4.65,71.68
2810,4.44,4.48,71.5
2811,3.02,2.62,72.08
2812,3.29,2.87,72.83
2813,2.89,2.96,73.8
2814,2.72,2.68,75.27
2815,1.93,1.91,74.23
2816,2.16,2.16,72.53
2817,1.99,2.07,73.46
2818,1.74,1.82,72.86
2819,1.76,1.68,72.26
2820,1.93,1.63,70.05
2821,1.91,2.1,69.21
2822,3.48,3.23,69.14
2823,3.5,3.56,68.65
2824,3.51,3.66,67.4
2825,3.52,3.77,66.15
2826,3.23,3.31,64.96
2827,3.77,4.21,66.31
2828,3.65,4.11,69.39
2829,5.09,6.04,69.82
2830,4.07,4.9,71.13
2831,4.13,4.59,72.52
2832,4.76,5.68,71.55
2833,4.76,6.35,71.51
2834,4.63,5.51,72.76
2835,4.59,5.79,72.62
2836,5.43,6.62,71.03
2837,6.2,7.44,70.17
2838,7.54,9.39,68.99
2839,7.48,9.14,68.53
2840,8.01,9.47,67.81
2841,7.86,8.74,66.82
2842,7.82,8.57,66.44
2843,8.15,9.1,65.62
2844,9.51,10.84,63.12
2845,8.93,9.73,64.12
2846,9.28,9.94,63.84
2847,8.45,9.37,64.78
2848,8.24,8.87,65.34
2849,7.99,8.22,66.26
2850,7.8,8.59,65.6
2851,8.05,8.45,64.7
2852,8.07,8.68,64.44
2853,7.54,7.61,64.62
2854,7.92,8.36,63.26
2855,7.99,8.3,61.25
2856,9.07,9.31,60.35
2857,8.55,8.93,61.25
2858,8.09,8.07,62.35
2859,8.07,8.32,61.75
2860,8.47,8.97,61.67
2861,8.34,8.22,61.05
2862,7.71,7.77,61.69
2863,7.13,7.48,62.33
2864,6.52,6.45,63.2
2865,5.97,6.14,63.44
2866,5.78,5.89,62.68
2867,5.41,5.58,62.17
2868,5.23,5.2,61.37
2869,5.05,4.82,60.57
2870,5.53,5.57,59.05
2871,5.72,5.87,57.86
2872,6.25,6.2,57.0
2873,5.97,5.99,56.2
2874,6.39,6.39,54.94
2875,6.73,6.73,54.12
2876,6.79,6.67,54.88
2877,6.25,6.62,55.68
2878,6.94,7.25,55.38
2879,7.1,7.34,56.1
2880,8.49,9.01,53.09
2881,8.85,9.24,51.17
2882,9.07,9.56,49.05
2883,8.64,9.29,47.82
2884,10.33,11.49,44.52
2885,11.48,13.23,41.53
2886,10.9,12.66,40.97
2887,11.0,12.91,41.11
2888,11.46,13.06,40.51
2889,11.91,13.41,39.83
2890,11.44,12.14,40.49
2891,10.29,11.3,41.43
2892,11.19,11.93,40.53
2893,12.3,13.88,39.57
2894,11.9,13.02,40.25
2895,12.05,13.41,39.97
2896,10.44,11.17,41.77
2897,10.4,11.26,42.07
2898,9.91,10.42,42.61
2899,8.49,9.2,44.3
2900,8.4,8.91,50.39
2901,8.07,8.36,50.67
2902,7.86,8.22,51.57
2903,8.93,9.22,50.89
2904,9.51,9.62,51.41
2905,7.71,7.88,53.94
2906,7.4,7.44,54.04
2907,7.06,6.66,54.62
2908,7.23,6.94,54.16
2909,6.46,6.66,54.14
2910,6.73,6.71,52.67
2911,6.81,6.88,51.79
2912,5.66,5.62,55.38
2913,5.18,5.16,58.97
2914,4.97,4.84,60.53
2915,4.84,4.32,60.79
2916,4.7,4.78,60.61
2917,4.95,4.78,60.17
2918,5.56,5.58,60.48
2919,6.16,6.39,60.8
2920,8.4,9.29,59.41
2921,10.52,11.49,57.44
2922,14.42,16.26,54.02
2923,18.65,21.78,49.99
2924,16.77,19.45,51.81
2925,15.19,17.88,51.93
2926,12.68,14.59,54.5
2927,11.84,13.23,54.58
2928,12.74,14.75,53.9
2929,13.71,15.99,52.87
2930,13.84,18.44,51.19
2931,13.78,16.93,52.69
2932,13.09,16.87,52.93
2933,11.96,15.97,51.65
2934,9.83,11.9,55.54
2935,10.63,12.47,55.12
2936,13.02,14.8,53.6
2937,13.68,18.03,52.25
2938,9.68,11.7,63.84
2939,8.53,10.21,70.91
2940,6.31,7.0,71.94
2941,6.35,7.34,71.17
2942,6.04,7.02,72.08
2943,6.08,7.21,72.78
2944,5.43,6.54,78.45
2945,5.95,6.54,75.6
2946,4.67,5.62,77.65
2947,3.58,3.86,76.97
2948,3.4,4.13,76.7
2949,3.14,3.5,75.18
2950,2.95,3.16,73.3
2951,2.51,2.35,72.1
2952,2.73,3.08,71.55
2953,2.41,2.6,71.68
2954,3.0,3.1,71.5
2955,3.23,3.56,72.08
2956,3.25,3.31,73.59
2957,3.61,3.94,73.8
2958,3.42,3.5,75.27
2959,3.37,3.29,74.23
2960,3.44,3.56,74.27
2961,3.44,3.46,73.46
2962,3.44,3.44,69.1
2963,3.25,3.33,64.75
2964,2.93,3.06,64.27
2965,8.82,8.76,61.27
2966,4.23,4.48,60.85
2967,3.96,3.81,68.65
2968,4.03,4.11,67.4
2969,4.09,4.4,66.15
2970,5.11,5.51,64.96
2971,6.02,6.9,66.31
2972,6.69,7.44,69.39
2973,7.36,8.19,72.23
2974,4.4,4.82,75.33
2975,6.31,7.0,72.52
2976,5.24,6.06,73.04
2977,5.99,6.66,74.98
2978,4.99,5.55,75.86
2979,6.08,7.42,76.73
2980,4.32,5.3,77.81
2981,3.81,4.8,78.16
2982,3.37,4.0,79.07
2983,3.94,4.93,79.21
2984,5.7,6.62,79.76
2985,7.1,8.28,79.71
2986,6.92,8.13,80.05
2987,7.86,9.18,78.75
2988,9.07,10.33,75.82
2989,9.31,10.48,74.52
2990,10.23,11.17,70.69
2991,8.11,9.03,71.37
2992,6.1,7.15,71.33
2993,7.4,8.3,68.39
2994,5.99,6.46,69.55
2995,6.18,6.83,69.07
2996,5.39,5.28,67.73
2997,5.41,5.64,65.82
2998,6.45,6.9,63.9
2999,6.04,6.43,63.56
3000,5.6,5.7,66.56
3001,4.15,4.46,71.68
3002,3.9,3.88,71.5
3003,3.48,3.42,72.08
3004,2.77,2.52,73.59
3005,2.77,2.64,73.8
3006,1.42,1.38,74.02
3007,1.49,0.94,74.23
3008,1.26,0.94,74.27
3009,1.84,1.74,73.46
3010,1.95,1.91,71.49
3011,2.12,1.86,72.26
3012,2.63,2.41,70.74
3013,3.14,2.96,69.21
3014,4.44,4.57,69.14
3015,5.79,5.91,60.8
3016,7.08,7.67,62.41
3017,11.07,12.22,60.54
3018,19.58,22.85,53.94
3019,18.19,20.9,53.66
3020,19.73,30.73,42.55
3021,18.0,26.62,48.02
3022,16.21,23.41,46.84
3023,15.5,21.65,49.21
3024,16.26,21.46,50.87
3025,13.71,18.93,54.7
3026,13.27,18.86,55.68
3027,13.78,20.3,55.34
3028,12.97,16.64,65.78
3029,11.74,14.23,68.77
3030,10.75,12.58,67.41
3031,8.97,10.79,73.1
3032,9.18,10.84,75.62
3033,11.23,13.08,71.45
3034,14.38,17.05,64.38
3035,18.33,16.97,61.53
3036,14.25,16.46,66.24
3037,12.37,14.06,73.9
3038,13.2,14.94,70.99
3039,16.78,21.19,59.17
3040,13.31,14.48,60.87
3041,14.17,15.99,56.76
3042,13.09,16.18,54.58
3043,12.97,15.49,54.56
3044,10.33,11.38,64.86
3045,5.85,6.12,72.16
3046,5.11,5.72,72.44
3047,4.65,5.07,72.1
3048,4.26,4.46,71.55
3049,2.89,3.25,71.68
3050,3.71,3.79,71.5
3051,2.54,2.64,72.08
3052,3.02,3.08,73.59
3053,1.7,1.7,73.8
3054,1.8,1.66,75.27
3055,2.31,2.16,72.79
3056,4.93,5.09,64.0
3057,3.65,3.42,55.22
3058,2.98,2.81,57.24
3059,2.43,2.2,58.77
3060,2.35,2.62,58.25
3061,1.99,1.72,61.87
3062,1.99,1.99,65.26
3063,1.99,2.26,68.65
3064,2.51,2.98,67.21
3065,3.29,3.71,66.15
3066,4.05,4.72,64.96
3067,6.64,7.98,66.31
3068,8.55,9.7,69.39
3069,11.8,13.94,64.7
3070,9.12,10.63,63.46
3071,7.36,9.41,65.6
3072,5.51,7.23,69.35
3073,6.2,7.71,68.99
3074,5.22,6.85,69.13
3075,4.02,5.11,70.05
3076,4.0,5.14,74.68
3077,4.59,5.97,78.16
3078,3.54,4.72,83.76
3079,4.09,5.53,79.21
3080,3.67,4.36,79.76
3081,5.03,6.31,80.05
3082,4.51,5.22,80.29
3083,4.02,4.4,80.37
3084,4.42,5.18,80.53
3085,3.67,4.36,80.82
3086,3.86,4.34,80.31
3087,5.03,5.58,79.35
3088,4.21,4.34,80.72
3089,3.67,4.11,82.49
3090,3.1,3.25,81.28
3091,2.51,2.43,79.94
3092,2.39,2.66,76.7
3093,2.08,2.37,75.18
3094,2.73,3.12,73.3
3095,1.7,2.14,72.1
3096,1.51,2.03,71.55
3097,1.95,1.99,71.68
3098,1.24,1.49,71.5
3099,1.19,1.28,72.08
3100,0.75,0.94,73.59
3101,0.75,0.8,73.8
3102,0.48,0.67,75.27
3103,0.25,0.52,74.23
3104,0.23,0.54,74.27
3105,0.46,0.61,73.46
3106,0.64,0.98,72.86
3107,0.82,1.34,72.26
3108,0.54,1.51,70.05
3109,0.73,1.19,69.21
3110,1.17,1.57,69.14
3111,1.87,2.14,68.65
3112,2.75,2.88,67.4
3113,3.63,3.61,66.15
3114,7.52,8.13,64.96
3115,8.74,9.12,66.31
3116,8.87,9.51,69.39
3117,7.06,7.21,72.23
3118,6.54,7.27,75.33
3119,6.77,8.07,76.34
3120,8.09,9.89,73.04
3121,7.8,8.85,74.08
3122,8.85,9.94,71.37
3123,9.52,10.63,69.43
3124,12.57,14.84,65.4
3125,11.96,15.97,63.26
3126,12.1,15.24,63.16
3127,12.17,16.58,58.91
3128,11.38,13.1,60.21
3129,9.91,11.95,62.66
3130,6.87,7.9,77.85
3131,7.46,8.34,78.03
3132,7.82,8.41,74.98
3133,12.03,13.27,73.24
3134,6.06,7.02,80.01
3135,5.37,5.62,78.99
3136,6.81,8.19,74.52
3137,6.69,7.02,70.77
3138,7.08,7.38,67.47
3139,7.78,7.75,65.28
3140,10.69,10.81,61.73
3141,10.08,10.04,63.68
3142,8.24,8.26,65.8
3143,5.09,5.09,72.1
3144,4.65,4.26,71.55
3145,5.11,4.72,71.68
3146,2.83,2.62,71.5
3147,2.64,2.28,72.08
3148,4.59,4.07,73.59
3149,3.77,3.44,73.8
3150,3.94,3.37,74.02
3151,3.46,2.91,74.23
3152,3.44,3.02,74.27
3153,2.89,2.28,73.46
3154,3.44,3.1,71.49
3155,2.07,1.4,72.26
3156,1.69,1.44,70.74
3157,1.32,1.49,69.21
3158,2.28,1.84,69.14
3159,2.01,2.08,68.65
3160,2.45,2.28,67.21
3161,3.37,3.42,66.15
3162,2.43,2.56,64.96
3163,3.77,4.05,66.31
3164,3.69,3.96,69.39
3165,5.16,5.57,66.86
3166,5.64,6.67,65.74
3167,5.2,6.12,67.81
3168,4.28,4.72,70.95
3169,4.05,4.84,72.9
3170,2.96,3.48,75.68
3171,3.06,3.61,75.78
3172,3.56,4.49,75.58
3173,3.02,3.52,78.16
3174,2.72,2.96,79.07
3175,3.35,3.9,79.21
3176,3.33,3.6,79.76
3177,4.04,4.46,80.05
3178,5.62,6.69,79.91
3179,4.9,5.81,80.35
3180,3.73,4.23,80.03
3181,3.48,3.77,80.82
3182,5.01,5.68,79.15
3183,4.78,5.26,79.91
3184,4.7,5.28,79.59
3185,3.6,3.65,82.26
3186,4.84,5.24,78.72
3187,3.81,3.96,79.94
3188,3.9,4.0,76.7
3189,3.19,3.44,75.18
3190,3.63,3.94,73.3
3191,2.37,2.54,72.1
3192,3.25,3.44,71.55
3193,2.75,2.51,71.68
3194,2.7,2.56,71.5
3195,2.35,2.2,72.08
3196,2.1,2.3,73.59
3197,2.1,2.01,73.8
3198,2.31,2.16,75.27
3199,4.65,4.65,74.23
3200,4.92,4.93,73.84
3201,3.21,3.44,73.46
3202,2.6,2.7,71.49
3203,1.95,2.01,72.26
3204,1.97,1.87,70.05
3205,3.1,3.04,69.21
3206,3.13,3.01,68.93
3207,3.16,2.98,68.65
3208,4.57,4.69,67.21
3209,4.74,5.01,66.15
3210,4.8,4.72,64.96
3211,4.84,5.13,62.76
3212,9.89,11.42,57.3
3213,12.35,13.94,54.4
3214,7.71,8.99,60.11
3215,8.32,9.89,60.57
3216,8.57,9.98,62.88
3217,5.47,6.69,65.38
3218,4.69,5.85,66.94
3219,4.9,6.02,68.53
3220,5.05,6.16,70.45
3221,6.08,7.04,69.15
3222,5.57,6.6,69.63
3223,5.76,6.88,69.75
3224,4.69,5.53,73.02
3225,4.65,5.45,74.58
3226,6.18,7.25,71.51
3227,6.81,7.84,67.75
3228,7.61,8.49,63.9
3229,10.48,11.8,59.51
3230,12.16,13.37,55.96
3231,10.75,11.69,58.02
3232,9.03,9.77,60.99
3233,4.65,4.76,79.85
3234,4.25,4.51,81.28
3235,3.67,3.84,79.94
3236,3.35,3.75,76.7
3237,3.73,4.07,75.18
3238,4.23,4.0,73.3
3239,5.37,5.32,72.1
3240,5.85,6.01,71.55
3241,4.05,4.46,71.68
3242,3.1,3.1,71.5
3243,2.43,2.35,72.08
3244,2.54,2.51,73.59
3245,1.49,1.57,73.8
3246,2.89,3.02,75.27
3247,2.73,2.83,74.23
3248,1.28,0.71,74.27
3249,1.43,1.4,73.46
3250,1.26,1.24,72.86
3251,1.28,1.45,72.26
3252,1.61,1.51,70.05
3253,2.56,2.6,69.21
3254,2.24,2.05,68.38
3255,3.54,3.69,60.8
3256,4.96,5.45,60.54
3257,6.39,7.21,60.29
3258,7.67,8.59,59.71
3259,7.98,8.68,62.35
3260,6.92,7.67,65.1
3261,7.31,7.96,69.82
3262,5.74,6.37,75.33
3263,4.44,4.99,77.24
3264,5.3,5.85,79.74
3265,4.32,4.97,80.95
3266,5.2,6.39,81.52
3267,3.65,4.72,81.75
3268,4.9,6.33,82.38
3269,3.96,5.36,83.32
3270,5.03,6.46,83.76
3271,4.65,6.04,83.41
3272,5.22,7.06,84.71
3273,5.18,6.85,85.91
3274,5.76,7.42,85.11
3275,5.13,6.29,80.69
3276,4.9,5.36,80.53
3277,4.63,5.28,80.82
3278,4.09,4.55,75.86
3279,4.21,4.67,70.79
3280,3.81,4.7,69.59
3281,3.71,4.09,70.19
3282,3.94,4.28,69.33
3283,5.03,5.89,69.35
3284,5.49,5.7,67.79
3285,7.32,7.73,63.42
3286,7.42,7.57,63.24
3287,7.63,7.78,63.24
3288,7.55,7.69,64.9
3289,6.64,7.17,66.18
3290,5.16,5.24,67.35
3291,5.53,5.57,66.16
3292,4.61,4.76,67.14
3293,3.61,3.58,68.43
3294,3.81,4.07,67.66
3295,3.25,3.4,66.89
3296,2.75,2.68,67.58
3297,2.35,2.3,66.43
3298,2.7,2.7,67.16
3299,2.41,2.49,64.75
3300,3.24,3.07,66.94
3301,4.07,3.65,69.12
3302,11.8,11.76,60.85
3303,8.89,8.8,60.8
3304,11.34,11.38,62.05
3305,8.7,9.08,60.54
3306,7.98,8.26,64.96
3307,20.22,33.53,47.22
3308,37.51,70.32,13.55
3309,32.42,66.71,10.04
3310,27.01,47.6,25.62
3311,18.93,29.94,30.0
3312,16.26,24.86,49.51
3313,13.71,18.86,60.59
3314,13.04,15.97,63.46
3315,8.82,10.82,67.79
3316,8.84,10.84,65.0
3317,11.21,14.17,57.66
3318,12.1,15.11,55.7
3319,12.17,16.58,54.82
3320,13.38,16.58,56.9
3321,10.17,11.8,62.57
3322,9.28,11.32,66.64
3323,7.38,8.17,70.27
3324,10.02,11.59,70.03
3325,9.29,10.65,70.29
3326,6.37,7.23,71.96
3327,5.72,6.25,70.91
3328,6.1,6.75,68.63
3329,5.97,6.2,67.41
3330,7.46,7.55,63.58
3331,10.96,11.53,58.19
3332,9.2,9.01,56.96
3333,4.67,4.53,72.08
3334,2.43,2.2,73.3
3335,1.97,1.74,72.1
3336,1.61,1.66,71.55
3337,1.43,1.24,71.68
3338,2.01,1.89,71.5
3339,1.57,1.38,72.08
3340,2.41,2.31,73.59
3341,1.61,1.2,73.8
3342,1.11,0.88,75.27
3343,0.73,0.46,74.23
3344,0.77,0.59,73.84
3345,0.77,0.69,73.46
3346,0.77,0.77,71.49
3347,0.67,0.1,72.26
3348,0.88,0.63,70.05
3349,1.4,1.01,69.21
3350,2.16,2.03,68.93
3351,2.91,3.04,68.65
3352,3.06,3.44,67.21
3353,6.83,7.42,66.15
3354,6.06,6.41,64.96
3355,6.71,7.31,66.31
3356,8.36,9.24,69.39
3357,7.61,8.91,72.23
3358,6.23,7.63,74.46
3359,5.79,7.73,72.52
3360,4.26,5.41,73.04
3361,4.15,5.13,74.98
3362,3.5,4.44,75.86
3363,2.91,3.96,81.05
3364,2.91,3.84,77.81
3365,3.61,4.8,78.16
3366,4.49,6.16,77.63
3367,4.51,5.95,77.65
3368,5.22,7.11,77.59
3369,5.34,7.42,77.39
3370,5.85,8.95,77.57
3371,5.57,7.88,78.55
3372,5.7,6.85,78.65
3373,6.79,7.9,76.91
3374,6.83,7.96,76.44
3375,5.45,6.5,77.37
3376,4.97,5.32,77.43
3377,4.38,4.93,77.93
3378,4.05,4.61,78.17
3379,3.79,4.25,79.47
3380,3.75,4.13,76.7
3381,3.56,3.98,75.18
3382,3.67,4.34,73.3
3383,3.79,4.05,72.1
3384,4.32,4.59,71.55
3385,3.79,3.96,71.68
3386,4.28,4.63,71.5
3387,4.88,5.16,72.08
3388,5.09,5.55,73.59
3389,4.93,5.26,73.8
3390,4.25,4.23,75.27
3391,3.6,3.82,74.23
3392,3.21,3.31,74.27
3393,3.19,3.06,73.46
3394,3.29,3.27,72.86
3395,3.67,3.58,72.26
3396,3.56,3.79,70.05
3397,4.59,4.99,69.21
3398,3.92,4.23,69.14
3399,2.7,2.49,68.65
3400,7.7,7.74,67.4
3401,12.7,12.99,66.15
3402,19.58,22.2,62.09
3403,17.82,19.58,66.31
3404,19.73,23.64,64.68
3405,12.22,13.96,72.23
3406,8.45,9.52,74.46
3407,10.16,12.51,72.52
3408,6.73,8.11,73.04
3409,6.25,8.13,74.98
3410,5.72,7.84,75.86
3411,4.55,5.14,76.73
3412,4.38,5.24,77.81
3413,4.32,4.82,78.16
3414,4.36,4.9,83.76
3415,4.19,4.86,83.41
3416,10.33,11.07,79.55
3417,8.8,9.79,79.37
3418,12.81,15.26,74.96
3419,14.18,16.97,70.71
3420,13.43,14.54,74.34
3421,11.48,12.89,76.67
3422,8.2,8.51,78.63
3423,4.82,4.84,81.08
3424,5.6,6.12,80.72
3425,6.46,6.64,79.59
3426,8.17,8.43,75.36
3427,5.62,5.58,74.96
3428,5.78,5.97,74.16
3429,5.41,5.55,73.32
3430,6.6,6.94,71.21
3431,5.93,6.14,69.21
3432,4.78,5.26,69.11
3433,4.28,4.05,66.68
3434,5.01,5.34,63.38
3435,2.85,2.79,66.42
3436,1.78,1.89,68.11
3437,1.74,1.63,68.43
3438,1.68,1.74,71.26
3439,1.61,1.84,74.08
3440,1.45,1.74,67.58
3441,1.43,1.38,72.09
3442,1.42,1.43,71.49
3443,1.4,1.51,72.26
3444,2.49,2.81,70.74
3445,3.58,4.11,69.21
3446,3.65,3.96,69.14
3447,4.84,5.45,68.65
3448,6.25,7.04,66.17
3449,7.55,8.7,66.15
3450,8.87,10.21,64.96
3451,10.1,11.69,66.31
3452,9.79,11.65,67.22
3453,8.68,10.27,69.82
3454,5.34,6.66,75.33
3455,6.14,7.48,72.52
3456,5.22,6.29,78.87
3457,4.38,5.76,80.95
3458,4.05,5.62,81.52
3459,3.77,5.18,81.05
3460,3.35,3.96,77.81
3461,3.08,4.17,83.32
3462,2.6,3.48,83.76
3463,3.94,5.28,83.41
3464,3.84,4.92,84.71
3465,3.81,5.09,80.05
3466,5.16,7.04,80.62
3467,5.43,6.9,80.69
3468,5.72,7.06,80.29
3469,5.83,7.11,80.05
3470,11.9,15.13,72.6
3471,11.4,13.31,72.26
3472,6.1,7.0,76.56
3473,20.64,22.46,54.8
3474,7.1,7.78,71.45
3475,8.76,9.56,67.39
3476,12.02,18.7,60.03
3477,8.89,10.29,66.2
3478,7.76,8.41,66.54
3479,9.58,10.0,64.74
3480,9.29,10.12,63.72
3481,10.45,11.83,55.34
3482,9.35,9.73,62.51
3483,10.28,11.33,56.8
3484,9.34,9.84,62.92
3485,8.37,9.35,61.01
3486,7.71,7.77,61.81
3487,7.5,7.79,60.47
3488,7.83,8.16,58.94
3489,7.13,7.54,57.4
3490,7.16,7.54,53.15
3491,8.46,8.54,51.77
3492,8.39,8.62,48.52
3493,9.51,9.62,48.16
3494,9.48,9.68,44.94
3495,9.45,9.75,41.71
3496,8.38,8.68,43.89
3497,10.38,10.71,39.53
3498,13.92,14.23,34.41
3499,20.22,25.63,22.37
3500,19.73,30.73,25.21
3501,18.0,31.66,27.04
3502,16.21,23.41,35.74
3503,18.93,29.94,30.53
3504,16.26,24.86,34.03
3505,13.71,19.7,54.06
3506,13.54,19.54,60.01
3507,6.08,7.99,73.72
3508,5.43,7.21,74.32
3509,3.9,4.93,78.16
3510,5.51,7.65,75.12
3511,3.21,4.59,79.17
3512,3.44,4.13,78.69
3513,3.35,4.53,77.43
3514,3.92,4.59,78.25
3515,4.93,5.79,78.75
3516,4.69,5.41,79.27
3517,6.39,7.13,77.13
3518,10.37,11.36,72.16
3519,16.78,17.88,62.88
3520,15.38,21.84,46.26
3521,20.64,22.46,37.9
3522,19.14,20.62,47.78
3523,18.0,18.52,35.82
3524,18.2,18.89,35.48
3525,20.73,21.49,41.15
3526,11.88,14.09,45.26
3527,11.17,12.32,46.56
3528,11.15,12.2,49.17
3529,10.45,11.83,46.02
3530,10.25,11.54,44.68
3531,10.28,11.33,46.5
3532,15.1,15.71,45.24
3533,14.99,15.36,43.77
3534,7.71,7.77,48.22
3535,7.5,7.79,46.62
3536,7.83,8.16,42.13
3537,11.6,12.34,43.29
3538,7.16,7.54,47.54
3539,8.22,8.22,51.79
3540,6.64,6.79,53.35
3541,6.45,6.39,53.64
3542,6.62,6.79,54.28
3543,6.52,6.69,53.86
3544,7.56,7.48,50.96
3545,8.59,8.26,48.06
3546,9.58,9.72,50.03
3547,8.99,9.2,51.49
3548,10.56,11.76,50.93
3549,12.18,14.55,49.83
3550,11.02,13.66,51.57
3551,8.8,11.09,54.64
3552,7.98,10.67,55.68
3553,7.61,10.54,55.98
3554,8.13,11.02,57.3
3555,8.11,11.4,58.41
3556,8.99,12.7,58.95
3557,8.36,11.61,61.27
3558,6.64,9.18,65.6
3559,6.01,7.98,69.11
3560,5.51,7.23,72.34
3561,5.68,7.04,72.78
3562,6.48,7.75,69.29
3563,7.36,8.84,64.54
3564,8.05,9.35,64.62
3565,8.07,9.22,64.48
3566,8.64,9.41,63.16
3567,9.94,10.25,60.25
3568,10.54,11.34,57.04
3569,10.21,10.96,57.74
3570,10.46,10.79,58.47
3571,10.5,10.86,58.19
3572,9.6,9.94,59.05
3573,10.54,10.84,58.61
3574,11.88,13.35,55.96
3575,11.17,12.03,53.54
3576,11.05,11.13,53.23
3577,9.03,9.01,56.42
3578,7.94,7.88,59.09
3579,7.11,6.83,59.09
3580,6.6,6.31,58.97
3581,7.11,6.88,57.56
3582,7.27,6.96,55.66
3583,7.5,7.63,53.76
3584,6.67,6.37,54.5
3585,5.24,4.9,55.06
3586,4.97,5.01,55.3
3587,4.82,4.76,54.14
3588,5.87,5.89,52.39
3589,6.92,7.02,50.63
3590,8.3,8.85,47.66
3591,9.35,10.16,45.8
3592,11.3,12.34,43.25
3593,15.72,16.77,37.92
3594,19.58,26.93,29.26
3595,20.22,33.53,24.91
3596,19.73,30.73,34.61
3597,18.0,23.96,41.95
3598,14.88,21.97,46.72
3599,13.31,18.59,47.84
3600,14.29,20.56,50.45
3601,11.59,16.85,56.26
3602,10.73,15.43,60.33
3603,10.33,14.25,63.54
3604,9.72,13.58,65.84
3605,8.87,12.45,68.09
3606,8.3,11.23,70.87
3607,7.63,10.16,73.64
3608,8.32,11.05,74.48
3609,7.59,9.66,75.62
3610,8.91,11.44,75.5
3611,11.74,14.27,73.0
3612,12.39,14.4,72.66
3613,12.2,13.54,72.92
3614,9.81,10.82,75.68
3615,12.7,14.8,68.87
3616,12.3,13.31,66.18
3617,11.88,12.66,66.14
3618,11.02,11.59,67.83
3619,10.14,10.73,69.45
3620,9.68,10.0,70.05
3621,8.87,9.35,69.33
3622,9.26,9.72,66.72
3623,9.1,9.64,64.6
3624,8.4,8.59,64.16
3625,9.03,9.2,62.03
3626,8.61,8.84,59.49
3627,7.5,7.82,58.71
3628,7.17,7.44,56.9
3629,7.27,7.34,56.0
3630,6.6,6.45,54.96
3631,6.46,6.16,54.98
3632,6.08,5.76,54.82
3633,5.74,5.76,54.66
3634,5.78,6.01,56.32
3635,6.04,5.91,57.56
3636,6.01,6.01,56.9
3637,6.88,6.75,56.54
3638,7.7,7.78,54.24
3639,8.53,8.82,51.95
3640,13.12,14.15,46.7
3641,18.13,20.22,40.31
3642,19.58,26.87,34.53
3643,20.22,33.53,31.33
3644,19.73,28.3,33.61
3645,18.0,24.77,35.36
3646,16.21,23.41,35.48
3647,18.93,22.64,34.61
3648,16.26,22.14,35.78
3649,16.74,23.07,33.61
3650,16.35,22.94,34.55
3651,15.57,20.3,35.24
3652,14.54,18.17,36.82
3653,15.16,21.16,35.84
3654,12.1,15.53,38.34
3655,12.17,16.58,41.95
3656,13.27,17.73,43.07
3657,8.53,11.49,54.78
3658,8.85,11.21,55.22
3659,9.45,11.84,54.64
3660,10.6,11.99,59.97
3661,12.18,13.02,56.64
3662,14.31,14.67,57.94
3663,10.21,10.77,70.21
3664,11.04,11.26,70.91
3665,12.43,12.68,71.19
3666,13.08,13.6,69.25
3667,12.97,14.34,66.66
3668,12.02,13.04,65.94
3669,9.72,9.56,71.31
3670,22.69,14.09,50.03
3671,21.92,12.32,47.24
3672,23.41,24.42,37.64
3673,21.26,22.12,38.22
3674,19.72,20.4,39.79
3675,16.84,17.34,40.45
3676,9.34,9.84,43.53
3677,8.37,9.35,43.41
3678,7.71,7.77,44.46
3679,7.5,7.79,50.33
3680,7.5,7.34,47.62
3681,7.13,7.54,43.23
3682,11.9,12.93,40.94
3683,11.74,12.89,38.66
3684,8.39,8.62,50.59
3685,11.77,12.63,41.81
3686,12.45,12.6,42.31
3687,18.54,19.05,37.58
3688,21.88,26.68,32.27
3689,25.22,34.32,26.96
3690,32.72,42.67,15.27
3691,39.11,65.07,5.77
3692,37.51,61.98,23.43
3693,18.0,28.53,43.87
3694,14.67,19.34,50.79
3695,12.18,16.7,52.99
3696,11.44,16.18,55.36
3697,12.57,17.77,56.22
3698,9.6,13.12,62.05
3699,6.41,8.59,71.77
3700,5.57,7.19,75.72
3701,5.16,6.98,77.19
3702,3.88,5.32,78.99
3703,4.26,5.28,79.11
3704,5.74,7.15,77.69
3705,5.34,6.71,78.17
3706,7.5,9.18,75.62
3707,8.3,9.72,75.72
3708,10.6,11.99,74.18
3709,9.26,9.68,80.82
3710,14.52,16.64,66.36
3711,8.38,8.47,72.88
3712,13.9,14.23,63.94
3713,20.64,22.46,50.89
3714,13.09,14.55,57.88
3715,6.52,6.2,67.39
3716,4.74,4.7,69.51
3717,6.45,6.48,65.66
3718,8.66,8.85,60.87
3719,8.4,8.05,59.83
3720,7.73,7.76,56.9
3721,9.72,9.72,56.04
3722,10.25,11.54,54.02
3723,10.28,10.54,53.35
3724,9.34,9.58,52.67
3725,8.37,9.35,44.34
3726,7.71,7.77,43.28
3727,7.5,7.61,42.23
3728,7.83,8.16,38.72
3729,7.13,7.54,36.68
3730,7.16,7.54,46.92
3731,6.92,6.79,46.16
3732,8.32,8.58,41.81
3733,9.72,10.37,37.46
3734,6.31,7.06,41.99
3735,9.49,10.35,40.13
3736,11.04,12.35,39.67
3737,25.22,34.32,18.14
3738,32.72,42.67,8.16
3739,39.11,65.07,3.43
3740,37.51,70.32,3.71
3741,32.42,66.71,4.99
3742,27.01,47.6,15.95
3743,18.93,29.94,30.43
3744,16.26,24.86,38.12
3745,16.74,23.07,45.1
3746,16.35,22.94,37.1
3747,10.77,16.7,60.51
3748,9.66,14.86,63.26
3749,9.7,14.73,64.06
3750,8.05,12.03,68.63
3751,11.46,16.58,69.87
3752,5.07,7.48,77.63
3753,4.99,7.38,78.13
3754,12.32,17.05,65.86
3755,13.5,16.97,65.06
3756,14.25,16.46,64.38
3757,15.05,16.47,63.68
3758,16.25,19.7,61.39
3759,14.81,18.46,60.47
3760,15.38,21.84,48.66
3761,20.64,22.46,34.09
3762,19.14,20.62,31.41
3763,18.0,18.52,45.86
3764,18.2,18.89,51.29
3765,20.73,21.49,43.37
3766,26.17,27.12,34.37
3767,25.67,26.84,25.54
3768,23.41,24.42,38.86
3769,21.26,22.12,36.9
3770,19.72,20.4,39.3
3771,16.84,19.01,43.13
3772,16.12,16.53,35.98
3773,14.99,15.36,32.89
3774,7.71,7.77,47.76
3775,13.9,15.37,28.04
3776,12.75,13.89,34.9
3777,11.6,12.41,41.77
3778,11.9,12.93,30.12
3779,11.74,12.89,42.63
3780,8.39,8.62,51.61
3781,11.77,12.63,38.92
3782,15.14,16.09,39.34
3783,18.52,19.55,39.77
3784,15.61,16.05,45.88
3785,25.22,30.8,29.54
3786,32.72,42.67,13.87
3787,39.11,65.07,12.15
3788,37.51,30.73,23.65
3789,32.42,31.66,27.24
3790,27.01,47.6,30.19
3791,15.5,22.64,49.95
3792,15.62,22.14,54.16
3793,10.12,13.6,65.14
3794,6.18,8.28,71.33
3795,5.85,7.84,73.64
3796,7.75,11.07,72.56
3797,11.96,15.97,65.1
3798,12.1,15.53,65.04
3799,9.51,13.75,70.65
3800,7.94,11.04,72.58
3801,7.29,9.6,73.96
3802,7.98,10.31,75.02
3803,10.69,13.06,73.48
3804,7.31,8.64,75.94
3805,10.12,11.63,72.38
3806,10.73,12.03,71.11
3807,12.51,13.44,69.31
3808,14.63,16.31,66.92
3809,14.17,16.64,65.48
3810,13.09,14.34,66.52
3811,12.7,13.08,66.48
3812,11.65,11.7,65.38
3813,11.91,14.13,60.43
3814,11.88,14.09,54.36
3815,11.17,12.32,53.56
3816,23.41,24.42,47.96
3817,18.67,11.83,51.21
3818,17.63,11.54,50.41
3819,10.28,11.33,50.95
3820,9.34,9.84,51.01
3821,8.37,9.35,50.45
3822,7.71,7.77,49.41
3823,7.5,7.79,50.19
3824,7.83,8.16,48.28
3825,7.13,7.54,51.61
3826,7.16,7.54,52.92
3827,7.8,7.96,54.22
3828,6.5,6.52,59.25
3829,6.29,5.99,58.45
3830,7.8,7.99,55.14
3831,8.78,8.85,53.48
3832,8.78,8.84,53.49
3833,8.78,8.82,53.5
3834,11.74,12.09,51.39
3835,13.16,14.15,51.45
3836,19.73,30.73,35.82
3837,18.0,30.85,43.15
3838,16.21,21.69,55.18
3839,13.08,17.61,62.23
3840,9.77,13.18,69.81
3841,7.02,9.49,74.44
3842,6.58,8.34,75.86
3843,7.13,8.74,75.8
3844,6.41,7.76,76.83
3845,8.05,10.04,75.1
3846,5.39,6.46,77.49
3847,5.51,6.83,76.22
3848,5.16,6.79,76.28
3849,6.27,8.3,75.44
3850,5.93,7.13,76.61
3851,5.49,6.66,77.09
3852,6.25,7.32,76.56
3853,5.53,6.48,77.23
3854,7.48,8.19,75.5
3855,7.82,7.96,75.82
3856,10.23,10.08,74.12
3857,12.45,12.83,68.77
3858,13.09,17.33,62.66
3859,18.0,18.52,44.05
3860,18.2,18.89,32.95
3861,20.73,21.49,32.43
3862,26.17,27.12,33.55
3863,25.67,26.84,40.19
3864,23.41,24.42,39.2
3865,21.26,22.12,42.15
3866,19.72,20.4,37.52
3867,18.76,19.01,40.01
3868,15.1,15.71,42.57
3869,14.99,15.36,42.93
3870,7.71,7.77,44.68
3871,7.5,7.79,46.44
3872,7.83,8.16,53.96
3873,7.13,7.54,53.21
3874,7.16,7.36,55.46
3875,5.78,5.74,60.35
3876,5.6,5.78,57.0
3877,5.43,5.83,53.66
3878,6.79,7.08,50.27
3879,7.13,7.36,49.49
3880,9.47,9.22,47.16
3881,10.88,11.25,43.77
3882,18.51,19.97,34.63
3883,17.14,19.47,37.2
3884,18.99,23.52,36.78
3885,10.23,12.91,56.0
3886,9.6,12.97,54.7
3887,9.35,13.06,58.23
3888,5.64,7.25,73.04
3889,8.41,12.13,69.33
3890,4.59,6.69,75.0
3891,5.11,7.29,75.06
3892,5.91,8.41,74.7
3893,6.08,8.61,75.18
3894,5.6,8.22,76.91
3895,5.05,6.98,78.73
3896,4.19,5.43,79.76
3897,4.09,5.62,80.05
3898,6.5,8.7,77.33
3899,8.19,10.4,76.36
3900,7.63,9.28,76.81
3901,7.08,8.26,77.87
3902,3.79,4.3,80.99
3903,9.56,10.52,73.78
3904,14.57,15.22,67.79
3905,14.17,17.43,63.42
3906,13.09,17.54,62.65
3907,18.0,18.52,59.45
3908,18.2,18.89,56.72
3909,20.73,21.49,43.31
3910,26.17,27.12,30.53
3911,25.67,26.84,33.89
3912,23.41,24.42,44.72
3913,21.26,22.12,49.95
3914,10.25,11.54,55.02
3915,18.76,19.01,32.05
3916,16.12,16.53,33.53
3917,14.99,15.36,44.16
3918,15.58,16.13,41.87
3919,13.9,15.05,42.27
3920,7.83,8.16,44.34
3921,7.13,7.54,46.42
3922,7.16,7.54,49.73
3923,8.11,8.03,49.57
3924,7.86,8.3,46.66
3925,9.22,9.83,42.79
3926,12.22,12.68,39.08
3927,15.22,15.53,35.38
3928,22.46,26.04,28.02
3929,25.22,34.32,14.03
3930,32.72,42.67,15.13
3931,39.11,65.07,7.96
3932,37.51,70.32,9.8
3933,32.42,66.71,12.63
3934,27.01,47.6,18.9
3935,18.93,29.94,32.69
