Real_NO2,Real_NOx
8.66,12.14
10.77,16.12
10.56,16.24
9.77,14.76
10.02,15.76
8.57,13.27
9.87,14.48
10.96,16.47
8.76,13.31
12.34,18.4
11.25,17.61
9.58,15.53
8.26,12.41
9.96,15.17
8.76,13.16
7.92,10.88
8.36,12.24
7.48,12.01
6.35,8.78
6.16,7.67
6.04,8.07
4.76,7.5
4.4,6.43
4.61,5.76
5.7,8.43
4.32,6.23
5.07,5.24
5.6,5.87
5.76,6.06
2.54,3.4
2.95,2.58
2.31,2.12
2.33,1.87
2.83,3.29
2.37,3.06
5.81,6.04
5.79,5.87
3.52,3.54
3.0,3.94
5.28,8.64
7.34,11.4
9.39,14.15
10.25,15.74
11.38,17.71
10.69,15.3
10.94,15.64
11.93,19.64
10.35,14.78
12.79,21.21
11.17,18.51
12.34,20.29
10.42,18.42
11.99,19.81
9.29,17.35
12.87,22.3
10.61,18.34
13.94,25.97
8.97,15.93
13.31,22.74
11.67,19.76
14.38,23.28
14.32,25.23
20.41,33.43
13.41,21.08
14.84,19.99
16.2,22.61
12.3,19.16
9.85,16.06
11.78,17.81
9.33,13.43
9.87,15.51
8.51,12.18
10.5,15.13
8.17,10.86
8.53,12.01
5.74,7.57
3.77,4.46
4.0,4.93
2.47,2.18
3.88,5.89
2.6,3.35
3.67,4.7
2.1,2.43
4.76,5.47
4.2,4.89
3.63,4.32
8.85,10.37
11.02,14.29
13.71,24.44
15.28,23.1
15.28,23.54
17.1,30.49
20.88,32.13
19.58,29.51
19.79,31.21
21.53,38.08
25.63,46.59
20.08,37.48
20.41,37.5
19.99,35.5
20.22,34.21
13.64,25.0
14.15,25.86
14.54,25.46
16.43,26.72
17.63,27.25
23.45,37.05
15.66,24.06
12.78,18.7
15.97,23.79
20.22,29.26
19.49,30.06
18.61,25.63
17.82,25.24
11.21,15.36
10.61,15.89
9.18,12.53
10.73,15.26
7.65,10.6
8.74,13.5
8.41,12.07
7.67,12.16
6.6,10.35
7.99,11.48
7.0,9.33
5.78,9.01
6.75,7.8
6.22,7.29
4.07,5.45
5.43,8.82
3.54,4.11
3.6,3.88
3.35,4.15
3.81,4.7
3.35,3.88
2.89,3.06
3.67,4.92
5.41,6.98
5.22,6.58
4.93,6.56
4.67,6.04
6.69,9.2
9.72,14.04
13.79,20.02
13.25,18.25
13.0,18.76
14.23,19.95
14.4,23.5
13.6,22.57
13.12,20.1
11.23,18.49
12.45,19.7
12.24,20.54
13.92,23.83
11.15,18.61
11.61,18.74
9.03,13.44
11.15,18.13
12.49,17.63
13.87,19.12
12.37,17.1
10.96,16.87
11.09,15.87
8.41,12.87
7.25,10.94
6.45,9.22
6.64,11.53
5.14,9.05
3.67,6.39
4.17,7.29
6.45,10.88
5.68,9.05
5.47,9.37
4.48,6.9
3.27,6.43
3.56,6.37
3.27,4.67
4.26,5.53
3.84,4.99
4.26,5.47
3.23,5.16
2.3,3.52
2.7,3.81
3.21,5.41
2.82,4.69
2.43,3.96
2.58,4.61
4.09,5.57
4.32,4.95
4.74,5.89
5.09,6.67
6.2,7.82
6.31,9.28
11.42,16.03
34.18,72.35
28.5,55.75
31.04,62.63
30.69,60.0
20.12,89.25
29.57,52.57
24.5,39.05
27.83,41.08
16.94,23.89
18.49,24.56
18.99,25.61
24.0,33.83
29.91,48.29
27.27,38.61
20.43,27.46
19.2,26.56
26.88,45.44
23.79,44.73
22.03,29.3
20.73,26.76
23.12,30.73
15.76,20.39
12.89,16.96
9.31,11.46
12.72,15.49
5.91,8.17
2.6,4.21
3.31,4.72
4.53,5.3
3.12,4.34
3.0,4.08
2.87,3.82
2.47,3.77
3.79,4.42
6.02,7.52
8.26,10.61
10.84,13.04
18.84,26.66
31.19,67.85
45.73,77.76
34.36,58.27
40.66,81.87
51.49,94.08
53.89,133.16
41.5,77.83
41.25,102.14
34.76,79.49
34.29,87.32
34.18,84.91
38.21,95.4
31.04,61.85
30.69,62.52
35.13,81.23
34.78,81.45
35.12,87.72
23.94,77.88
33.41,58.12
38.44,104.21
38.89,112.36
37.58,106.87
38.16,96.37
34.14,83.41
35.86,76.48
38.0,67.14
38.07,75.92
32.8,56.55
36.44,77.08
29.52,50.0
40.91,76.64
31.81,53.34
32.57,59.9
34.18,64.88
32.42,63.09
30.57,53.37
23.34,34.53
19.56,41.76
15.71,25.4
12.62,23.14
15.57,21.3
14.83,21.86
15.46,24.04
16.53,23.53
19.64,41.42
22.77,56.36
28.9,74.03
35.04,91.69
41.92,67.85
45.73,145.72
47.53,116.86
55.42,103.56
48.25,147.16
32.78,88.73
41.5,77.83
41.25,102.14
34.76,106.38
34.29,87.32
34.18,84.91
38.21,96.24
31.04,87.48
33.87,114.13
35.13,89.25
34.78,112.48
35.12,107.13
37.8,98.72
38.35,108.51
38.44,104.21
33.99,77.69
32.78,60.15
31.09,66.75
33.56,68.12
35.86,76.48
38.0,67.14
38.07,75.92
32.8,56.55
36.44,77.08
29.52,50.0
37.51,76.64
31.81,53.34
22.14,41.12
14.78,22.8
29.38,37.08
27.53,48.4
23.34,34.53
19.56,23.86
15.71,25.4
11.3,12.3
15.57,21.3
11.36,21.86
12.69,13.98
16.53,23.53
19.64,25.11
22.77,39.43
25.83,55.51
35.04,88.26
39.84,92.21
44.63,96.16
47.53,116.86
55.42,103.56
51.17,155.62
53.89,138.48
41.5,101.68
41.25,102.14
34.76,106.38
34.29,87.32
34.18,84.91
38.21,96.24
31.04,87.48
33.87,114.13
35.13,89.25
34.78,112.48
35.12,107.13
37.8,98.72
38.35,108.51
38.44,104.21
31.65,112.36
37.58,106.87
38.16,77.11
34.14,83.41
35.86,76.48
38.0,67.14
38.07,75.92
32.8,56.55
24.38,40.81
22.01,33.66
21.55,32.74
21.25,36.3
22.14,34.86
20.92,44.53
19.57,37.08
11.38,15.47
7.92,10.04
11.46,16.03
10.84,15.64
8.3,9.91
7.27,9.52
6.73,18.24
10.96,13.83
13.96,18.4
17.46,23.28
20.96,28.17
22.53,30.01
27.54,55.33
31.19,67.85
36.47,92.01
34.36,93.61
37.14,97.16
33.14,94.08
32.78,88.73
41.5,101.68
30.05,102.14
34.76,106.38
34.29,87.32
34.18,84.91
36.02,96.24
31.04,87.48
33.87,114.13
35.13,89.25
31.65,78.49
35.12,84.51
34.05,77.65
31.96,65.08
34.14,73.57
31.82,70.0
33.17,65.01
38.16,77.11
34.14,83.41
35.86,66.74
38.0,67.14
26.88,50.09
23.79,42.73
24.38,52.42
24.09,39.51
22.3,31.25
20.0,31.29
15.74,22.59
12.83,17.08
10.92,17.21
8.07,11.02
6.16,8.47
6.43,8.3
6.52,7.4
5.45,5.99
5.28,5.55
4.86,5.53
4.67,5.26
5.99,6.67
6.83,8.26
7.06,7.44
5.29,6.57
3.52,5.7
4.32,7.88
4.4,10.1
3.94,8.7
6.98,15.51
7.96,15.09
16.7,28.48
10.25,20.79
9.12,21.15
14.21,33.56
16.2,37.79
17.16,38.36
18.93,44.89
28.27,60.19
21.55,55.88
28.99,71.3
30.68,70.05
35.12,81.13
37.8,90.28
38.35,84.32
21.06,33.68
18.42,25.61
13.9,20.12
13.02,17.67
11.44,16.73
12.83,18.49
10.1,12.79
7.5,10.48
6.33,7.98
7.15,8.84
7.44,11.32
6.96,8.76
7.21,9.68
6.35,8.45
5.45,8.3
6.22,8.32
6.37,10.6
5.62,9.31
4.57,7.65
3.42,5.07
2.28,3.81
2.91,3.94
4.51,5.3
3.23,3.98
1.97,2.31
7.84,14.02
8.85,13.06
6.62,7.32
7.21,7.63
21.08,30.57
34.96,53.51
47.53,79.12
30.75,47.81
51.49,94.08
32.78,88.73
41.5,101.68
21.5,29.62
10.94,16.14
8.07,11.8
9.16,14.32
8.97,14.0
11.49,18.9
11.0,17.02
14.19,24.38
11.69,18.93
9.81,14.82
11.4,17.94
15.61,23.43
10.94,16.35
11.9,16.29
12.34,16.18
10.94,16.37
11.21,15.2
11.04,15.82
11.72,17.5
13.1,20.1
13.12,18.82
9.58,13.56
10.69,15.07
17.54,38.5
31.81,53.34
32.57,59.9
34.18,64.88
32.42,63.09
27.53,29.83
23.34,34.53
19.56,41.76
15.71,25.4
12.62,23.14
15.57,21.3
14.83,21.86
15.46,24.04
16.53,23.53
19.65,31.2
22.77,38.88
25.83,44.6
22.62,48.2
31.19,63.11
38.66,96.16
34.36,90.48
40.66,100.6
33.14,72.41
32.78,86.29
41.5,101.68
41.25,102.14
34.76,106.38
34.29,87.32
34.18,84.91
38.21,96.24
31.04,87.48
33.87,114.13
35.13,89.25
34.78,112.48
35.12,107.13
37.8,98.72
38.35,108.51
38.44,104.21
38.89,112.36
37.58,106.87
38.16,96.37
34.14,83.41
35.86,76.48
38.0,67.14
38.07,75.92
32.8,56.55
36.44,77.08
29.52,50.0
40.91,76.64
31.81,53.34
32.57,59.9
34.18,64.88
32.42,63.09
30.57,48.4
23.34,34.53
19.56,23.86
15.71,25.4
12.62,23.14
15.57,21.3
14.83,21.86
14.4,19.93
13.96,18.0
12.68,16.37
15.32,28.74
15.04,27.7
14.76,26.66
25.19,53.97
32.99,71.87
24.04,48.96
40.66,87.08
27.46,55.56
24.12,44.14
23.52,40.89
27.14,52.78
29.74,79.49
23.73,51.16
24.06,52.42
23.62,52.48
27.46,57.6
25.74,53.72
25.63,57.3
19.14,45.46
31.36,69.81
21.13,49.07
30.1,70.51
30.93,87.52
38.89,88.21
28.94,67.01
22.13,47.18
24.81,47.6
14.02,37.31
17.5,40.87
9.33,24.21
15.63,26.81
12.66,21.97
12.39,21.21
9.45,18.76
11.65,23.28
9.52,21.99
8.82,19.11
12.57,21.17
8.43,11.49
6.22,10.6
7.23,11.11
5.05,15.01
7.17,9.6
8.57,10.56
8.26,14.29
8.07,9.68
9.64,10.27
10.38,14.4
8.03,10.35
9.03,12.85
12.3,17.33
13.28,23.2
14.25,29.07
18.15,34.71
22.59,50.87
18.65,33.99
18.99,36.32
20.22,48.96
18.51,40.35
17.73,46.26
22.28,43.28
23.6,59.42
27.67,74.03
31.04,87.48
30.69,80.98
35.13,89.25
34.78,112.48
34.74,87.72
21.21,60.24
31.21,86.52
26.32,74.28
30.98,88.21
33.17,106.87
31.09,96.37
30.63,72.72
35.86,76.48
27.55,66.99
26.88,75.92
32.8,56.55
36.44,77.08
29.52,50.0
37.51,76.64
21.25,53.34
30.62,59.9
20.92,64.88
32.42,63.09
15.58,53.37
23.34,34.53
19.56,41.76
15.71,25.4
12.62,23.14
15.57,21.3
14.83,21.35
12.69,19.72
12.91,16.75
16.35,21.08
19.79,25.42
14.67,26.49
16.81,29.09
14.11,51.33
31.82,70.63
34.36,116.86
33.62,103.56
51.17,94.08
32.78,88.73
41.5,101.68
41.25,102.14
34.76,106.38
34.29,87.32
34.18,84.91
36.02,96.24
31.04,87.48
33.87,114.13
35.13,89.25
34.78,112.48
35.12,107.13
37.8,98.72
38.35,108.51
35.34,104.21
38.89,112.36
37.58,106.87
31.09,96.37
30.63,83.41
13.58,64.76
22.55,55.02
26.51,55.72
22.09,56.55
20.85,47.28
18.26,34.71
19.87,40.85
21.25,42.68
17.12,44.22
16.28,31.75
19.57,35.23
15.58,29.83
14.34,34.53
14.25,23.86
12.23,17.06
12.62,17.63
11.33,16.56
11.36,14.21
12.45,13.94
12.26,12.78
11.53,12.05
11.69,14.0
9.52,12.6
7.36,11.21
6.46,9.16
6.6,9.58
5.62,9.89
7.86,12.51
7.86,14.92
7.92,12.85
11.15,20.1
9.18,15.03
11.59,18.88
14.9,26.93
14.1,22.13
17.14,27.41
19.43,33.11
18.91,33.89
16.64,27.48
16.72,27.64
15.09,24.86
16.91,28.78
19.16,32.67
12.34,20.88
11.13,18.47
9.73,15.84
9.6,14.99
8.13,13.94
7.52,11.97
7.08,12.24
7.0,13.02
6.06,9.79
5.66,9.7
5.05,8.26
5.7,9.62
5.14,7.96
4.32,7.57
4.36,6.39
3.39,4.88
2.64,3.08
2.91,2.81
3.4,5.49
2.52,2.72
3.0,2.95
3.19,3.42
2.3,1.95
2.01,1.51
1.49,1.22
2.07,2.28
4.26,4.48
2.72,4.67
3.71,4.49
7.63,11.02
11.55,17.54
6.5,10.06
7.23,12.41
4.38,6.96
5.16,9.41
8.45,15.47
5.58,9.64
6.66,11.69
8.8,15.09
8.15,15.19
9.43,15.4
9.45,17.44
7.8,13.1
10.27,17.88
11.55,18.32
10.54,18.26
8.45,14.34
10.29,17.82
9.45,16.45
7.52,13.69
7.55,14.54
8.3,13.83
5.7,9.41
5.01,8.15
4.72,6.85
4.55,7.32
3.23,5.41
3.08,4.88
4.05,6.77
4.19,7.06
3.52,6.2
3.12,7.0
3.46,6.81
5.66,8.8
4.97,9.39
23.34,34.53
7.25,10.77
5.91,8.24
3.9,7.42
3.27,5.89
5.81,9.43
7.69,10.82
5.58,7.11
6.2,7.78
6.83,8.45
8.7,10.1
3.5,5.7
4.51,6.2
4.11,6.2
4.8,7.13
3.39,5.97
6.29,7.34
5.57,7.23
8.34,11.23
4.8,7.8
9.75,13.92
17.37,28.61
17.69,36.68
16.41,37.81
17.98,38.63
12.97,29.61
11.88,30.29
11.63,35.3
12.01,36.95
19.91,59.69
14.57,37.24
14.97,38.29
13.77,41.1
11.93,31.75
12.09,28.63
13.14,33.6
12.68,30.37
17.29,45.61
24.58,49.19
16.7,27.14
14.65,25.97
14.06,24.94
17.75,29.93
11.34,18.36
8.55,12.78
9.52,15.36
8.07,11.61
6.75,9.62
6.35,8.55
6.29,8.05
5.16,6.66
4.86,6.73
5.07,6.23
5.41,6.83
4.9,6.31
4.49,6.25
5.01,6.48
5.05,6.06
5.32,6.57
5.58,7.08
4.69,6.04
5.97,8.53
4.63,5.2
4.51,6.2
5.51,6.81
5.3,7.31
7.21,9.54
6.2,9.28
8.55,12.93
7.34,10.31
7.55,11.07
9.35,12.39
11.7,18.11
14.57,22.68
11.86,17.81
13.94,20.73
18.07,29.18
18.61,29.8
16.12,26.43
15.19,23.24
15.15,24.15
10.81,15.85
10.58,14.27
8.41,12.58
8.49,12.7
7.54,12.64
7.31,9.96
6.45,9.03
7.46,11.36
5.91,8.51
4.82,7.13
4.3,7.27
4.93,6.73
4.42,5.97
4.21,5.34
2.81,3.94
1.84,3.14
2.49,3.33
2.35,3.03
2.2,2.73
2.73,3.12
2.33,3.65
3.02,4.57
3.61,5.07
3.48,4.28
6.52,8.05
4.61,7.29
11.21,16.06
15.4,23.42
19.6,30.79
12.53,21.06
15.43,25.38
13.33,21.71
14.36,21.63
10.23,16.35
7.82,13.79
8.38,13.1
9.01,15.85
6.41,11.93
7.86,13.54
7.0,11.86
9.2,16.52
8.01,15.64
9.56,16.98
8.59,15.63
9.07,16.01
10.16,17.58
7.75,16.12
7.42,13.48
9.47,15.55
7.13,13.18
6.73,11.86
5.55,9.85
4.65,7.34
4.42,7.98
4.42,7.98
6.43,10.19
6.5,10.67
6.75,9.94
6.01,9.7
5.37,8.28
4.57,7.63
3.69,6.64
3.67,6.2
1.19,2.75
2.37,4.25
2.24,3.12
2.16,4.07
1.66,3.02
3.04,5.76
3.12,5.11
2.89,5.53
7.06,9.89
11.23,14.25
8.64,14.23
11.78,19.95
20.87,42.94
19.76,33.3
24.67,43.22
24.75,45.44
18.34,30.68
25.99,42.63
24.59,38.9
30.05,57.57
25.91,45.36
21.48,37.6
22.47,39.91
19.39,35.04
24.48,44.24
16.56,30.96
17.6,31.75
24.17,43.91
24.37,47.54
23.31,44.7
24.33,44.64
27.85,50.78
29.49,57.39
18.26,29.66
9.72,18.03
13.23,24.21
14.52,24.29
9.98,14.25
11.25,17.04
23.28,36.03
13.1,22.72
6.27,12.2
9.33,16.37
5.97,11.55
7.15,14.23
7.17,14.06
6.23,11.3
6.22,8.87
2.03,3.25
1.53,3.12
1.82,3.35
1.99,3.21
1.74,1.8
2.07,4.69
2.81,4.25
2.26,4.0
3.25,4.69
4.86,6.1
6.02,8.9
7.17,11.7
7.8,14.86
12.41,19.41
16.16,26.79
17.79,30.43
17.23,26.37
15.09,22.72
12.66,18.59
14.61,22.78
24.17,35.25
20.73,30.52
27.27,55.63
29.07,72.58
20.33,47.14
21.88,48.39
27.14,81.23
29.45,60.63
29.3,68.14
37.8,98.72
34.84,90.52
32.19,62.1
26.09,50.83
20.18,36.32
26.74,54.77
14.25,28.69
23.05,64.66
20.5,41.83
19.76,42.3
23.79,49.38
24.38,50.57
19.22,35.25
15.59,26.6
10.9,17.0
11.74,16.18
12.22,18.07
9.18,14.94
4.34,6.69
3.1,4.67
6.88,10.23
4.53,6.27
3.73,5.24
4.4,5.32
4.57,5.39
8.24,15.24
10.42,23.53
9.35,14.8
20.62,39.43
34.87,73.06
35.04,91.69
40.38,118.7
45.73,145.72
47.53,116.86
55.42,212.63
51.49,155.62
53.89,138.48
41.5,101.68
41.25,102.14
34.76,106.38
34.29,87.32
34.18,84.91
38.21,96.24
31.04,87.48
33.87,80.98
35.13,89.25
34.78,65.33
32.4,64.41
37.8,98.72
38.35,108.51
38.44,89.58
38.22,68.49
31.8,57.59
38.16,77.11
34.14,83.41
35.86,76.48
38.0,67.14
38.07,75.92
32.8,56.55
36.44,52.42
29.52,46.72
37.51,52.28
31.81,53.34
32.57,57.91
20.92,44.53
29.38,58.75
13.2,20.9
14.34,24.72
14.25,23.86
10.98,15.34
6.5,6.98
3.52,4.53
14.83,21.86
15.46,24.04
6.77,23.53
8.34,19.11
9.91,14.69
14.32,24.42
25.76,53.36
23.12,47.33
31.56,62.18
31.29,65.69
40.66,88.03
33.14,68.62
31.08,58.12
29.77,57.43
30.05,58.73
26.83,54.45
28.3,54.87
27.96,58.98
38.21,80.02
31.04,87.48
33.87,80.98
31.14,71.13
34.02,65.06
35.12,107.13
37.8,98.72
38.35,108.51
38.44,104.21
38.89,112.36
37.58,106.87
38.16,77.11
34.14,83.41
35.86,76.48
38.0,67.14
38.07,55.72
23.79,39.67
24.38,52.42
22.72,35.25
24.42,52.28
31.81,53.34
22.14,59.9
20.18,33.07
19.57,37.08
12.05,19.76
13.54,20.79
19.56,38.43
9.35,14.59
9.39,14.36
11.07,18.57
10.42,16.26
7.88,13.62
6.22,12.05
8.64,11.32
18.05,29.51
13.26,20.16
8.47,10.81
9.29,12.34
19.89,33.53
12.95,19.72
13.54,20.33
11.53,13.92
12.66,16.81
5.03,7.38
5.39,7.11
7.96,11.69
7.73,10.69
10.25,14.36
13.1,21.08
18.91,31.8
13.58,18.23
16.83,26.16
14.23,19.37
15.4,21.78
16.33,23.39
14.25,20.69
17.69,25.72
38.89,72.33
37.58,83.5
38.16,96.37
34.14,83.41
35.86,76.48
38.0,67.14
35.21,75.92
23.79,50.38
24.38,77.08
29.52,50.0
24.42,52.28
21.25,53.34
21.59,49.17
18.86,34.23
14.4,26.99
8.13,17.06
6.22,8.24
11.21,14.42
7.98,10.94
8.3,11.38
7.04,9.87
6.22,7.08
5.57,5.95
6.45,6.45
6.22,5.72
4.92,5.89
6.92,8.84
5.55,5.87
6.84,9.72
8.13,13.56
12.79,17.1
12.85,16.35
27.23,33.97
5.43,9.35
14.29,21.21
13.77,22.85
20.25,36.26
17.1,36.68
20.23,47.2
13.87,36.18
23.06,56.99
18.88,40.51
15.74,34.0
17.44,39.65
20.0,42.76
18.34,42.57
16.75,39.82
31.73,68.75
33.51,71.99
20.87,42.44
18.61,38.9
15.09,33.22
14.84,34.04
15.47,32.38
14.23,31.4
12.87,26.55
14.67,27.71
18.67,40.11
11.21,23.31
12.66,27.67
10.88,19.3
5.39,15.72
10.63,18.84
7.27,13.88
5.26,10.9
13.02,23.6
4.55,12.58
4.11,7.86
4.18,8.11
4.25,8.36
3.75,5.05
4.86,7.96
6.38,8.46
7.9,8.97
11.11,14.11
19.93,43.13
31.19,67.85
35.52,96.16
34.36,93.61
39.51,103.56
33.14,94.08
32.78,85.47
27.58,77.83
30.05,76.27
34.76,79.49
30.33,87.32
34.18,84.91
38.21,96.24
27.79,78.25
33.87,80.98
34.31,81.23
30.79,83.56
35.12,87.72
30.37,73.36
34.84,92.78
38.44,104.21
32.49,84.05
33.17,106.87
38.16,77.11
34.14,83.41
18.4,76.48
14.44,31.35
13.9,31.82
18.78,36.47
21.32,52.42
14.42,32.19
17.33,33.28
19.05,32.7
12.49,22.49
13.64,20.62
11.05,25.34
5.64,7.96
6.77,7.02
19.56,23.86
5.66,6.79
6.16,6.08
5.79,6.41
6.48,6.14
7.9,8.91
10.19,12.68
7.29,9.22
20.94,32.67
24.24,43.12
27.54,53.57
27.41,67.85
24.77,96.16
30.49,93.61
35.84,102.01
3.96,94.08
32.78,88.73
29.77,77.83
30.05,78.21
23.7,77.07
30.33,87.32
31.61,71.34
29.07,78.28
28.57,78.25
33.87,107.41
31.14,71.78
31.65,75.64
35.12,87.72
37.8,98.72
38.35,108.51
35.34,89.58
38.89,75.77
37.58,79.06
31.09,63.19
30.63,60.05
27.9,43.45
26.93,40.6
26.28,39.47
23.28,32.49
20.52,27.62
18.26,23.12
17.35,22.51
14.32,18.93
10.86,14.55
9.68,12.49
7.98,10.67
7.19,8.55
6.04,7.76
4.97,6.12
4.69,5.93
4.99,6.06
4.32,5.39
3.9,4.55
3.5,4.36
4.51,6.46
4.11,5.13
4.63,6.23
6.39,9.14
9.2,14.34
9.78,13.66
10.37,12.97
15.32,22.19
16.79,25.32
20.96,31.42
16.85,22.76
13.71,17.21
16.96,23.93
18.95,27.98
14.46,21.19
11.51,17.79
9.89,13.29
10.92,14.99
9.54,12.68
10.14,12.85
9.39,12.78
10.75,14.34
12.11,17.9
11.23,15.8
8.24,11.93
8.01,10.23
9.45,12.03
9.1,12.07
8.38,11.67
6.81,8.09
7.59,9.51
6.73,7.67
6.87,7.02
6.56,7.06
5.41,5.62
5.93,5.81
4.95,4.65
5.07,4.76
3.82,3.02
4.4,3.94
3.46,1.36
3.48,1.74
2.85,1.38
2.89,0.42
2.6,0.0
3.17,0.33
2.73,0.44
3.02,1.57
3.4,1.32
2.98,2.67
2.56,4.02
2.6,4.25
4.9,8.61
5.43,13.1
6.04,9.73
6.75,11.65
6.2,11.19
7.0,12.74
5.78,10.38
4.65,8.59
7.88,13.29
7.61,14.11
9.18,17.17
7.1,14.88
6.87,12.93
7.17,12.68
7.17,12.45
7.32,13.94
7.13,13.23
6.88,12.16
8.53,15.61
7.21,12.66
8.24,13.85
10.4,17.02
7.78,12.74
6.39,11.38
4.42,7.98
3.94,8.17
5.72,8.93
4.4,7.9
4.26,7.44
3.82,6.25
3.08,4.84
3.21,5.49
2.81,4.17
3.16,5.3
3.25,5.32
2.6,4.04
2.05,3.17
2.05,2.47
1.01,0.69
2.1,1.82
1.51,1.57
1.05,1.13
0.63,1.45
0.52,0.96
0.65,1.42
0.86,0.86
0.98,2.79
1.55,4.11
2.12,5.43
5.22,11.17
6.69,13.71
7.76,16.43
11.32,22.74
9.08,18.67
13.56,25.02
11.99,21.23
10.33,19.18
11.36,22.7
13.58,27.21
14.46,25.15
22.17,39.38
17.06,32.38
13.25,25.23
19.03,36.15
22.13,42.63
25.4,46.05
23.01,43.55
23.52,45.88
29.66,51.39
27.88,49.88
25.17,42.78
22.59,36.49
27.46,44.66
27.39,43.99
27.55,58.11
24.35,37.08
23.79,42.78
18.88,26.32
20.77,37.16
19.18,37.91
31.81,53.34
21.34,33.01
12.11,18.97
10.54,16.73
4.19,8.01
3.39,7.34
3.35,7.42
3.44,6.08
5.3,9.05
15.57,21.3
11.36,21.35
15.04,24.04
9.2,12.09
5.7,9.18
2.81,6.14
11.95,35.92
20.0,66.4
29.33,65.24
38.66,64.07
34.36,57.64
28.34,41.6
33.14,68.51
20.92,27.04
8.51,10.98
9.52,13.25
9.47,13.31
10.21,14.17
10.21,13.39
9.66,13.62
9.81,14.29
9.58,14.57
10.75,15.47
9.89,15.63
10.35,16.45
11.95,18.65
11.19,15.43
13.04,17.33
13.25,18.21
13.1,18.74
15.64,27.98
17.14,25.28
17.02,27.21
21.23,33.81
14.76,22.24
15.03,23.01
13.96,20.04
10.79,15.7
8.59,13.06
8.89,14.15
11.49,19.11
12.47,19.24
10.82,15.11
6.1,9.56
4.86,7.17
5.39,9.03
3.61,4.17
3.23,3.39
2.81,2.73
2.68,2.26
2.49,2.18
2.52,2.64
3.26,3.66
4.0,4.69
5.41,5.95
7.25,7.59
8.53,9.89
8.17,9.12
8.55,10.37
8.03,10.17
8.43,9.73
6.5,7.71
5.57,7.9
5.37,7.59
6.71,8.97
6.08,8.28
6.27,8.49
6.29,9.41
6.71,9.37
6.14,10.44
5.7,9.45
4.93,7.76
4.84,7.92
5.76,8.09
6.39,9.81
5.68,8.66
6.14,10.71
6.22,11.21
6.35,11.32
5.7,9.75
5.14,8.95
6.35,11.69
6.88,11.19
4.4,7.25
3.44,6.06
3.63,5.2
2.43,4.11
2.43,3.23
3.04,4.17
1.97,3.44
1.78,3.86
0.94,2.33
0.61,0.98
1.05,2.08
1.09,0.61
0.88,0.96
0.8,0.92
0.88,0.57
1.25,1.62
1.61,2.66
2.01,3.19
2.33,0.8
3.21,2.53
4.09,4.26
5.53,8.32
9.89,13.73
10.4,14.78
16.64,24.69
15.8,21.84
20.94,29.45
11.25,14.69
10.98,16.12
11.76,15.8
11.57,16.24
11.05,16.5
11.8,18.02
8.28,13.96
9.1,15.78
10.35,16.03
9.81,15.43
12.66,27.04
18.09,26.93
12.51,19.85
17.04,24.82
21.44,36.57
32.67,52.78
31.09,56.07
21.57,28.0
24.77,32.61
18.19,23.62
18.36,27.21
23.66,31.5
17.25,22.09
16.83,22.76
15.2,20.5
17.23,21.57
10.6,11.88
10.98,14.21
11.74,15.43
4.9,5.16
5.32,4.86
3.94,3.19
10.08,12.09
11.84,15.11
3.96,3.4
5.34,4.84
5.39,5.68
4.9,4.36
3.52,3.06
4.95,4.9
5.89,5.64
7.1,6.81
7.67,9.22
8.24,11.63
12.97,20.5
11.38,17.63
9.79,14.77
8.2,11.9
7.46,11.99
6.5,10.82
6.48,10.38
7.11,11.93
7.21,12.22
5.74,10.12
8.4,14.29
6.5,10.17
5.91,10.33
9.26,13.73
8.82,13.71
8.37,13.68
7.93,13.66
7.48,13.64
7.49,13.31
7.5,12.99
7.52,12.66
7.53,12.34
7.54,12.01
9.7,15.09
8.7,11.93
9.33,11.67
9.07,11.38
9.41,11.99
8.97,10.92
10.0,14.32
11.26,13.9
12.01,13.71
11.84,13.67
12.18,13.23
12.72,14.38
11.38,12.76
10.08,11.9
9.33,10.52
8.85,9.47
9.39,10.02
9.64,10.65
11.63,12.49
14.78,17.68
17.92,22.87
17.02,21.17
16.66,22.61
18.7,26.12
16.16,24.27
13.06,21.76
15.26,24.02
13.0,20.48
12.93,19.03
13.0,20.75
13.64,20.56
13.06,19.66
11.38,16.87
9.87,16.43
9.1,15.28
11.7,19.28
13.37,22.66
11.95,20.92
14.19,22.99
16.31,31.75
14.61,25.03
14.67,27.0
11.55,20.18
9.05,15.53
7.31,12.35
6.18,8.99
8.09,13.16
6.02,10.63
6.08,11.25
5.51,9.6
5.3,8.89
3.6,6.39
2.6,4.97
2.87,5.89
3.6,6.71
3.52,6.23
2.49,4.69
2.39,4.55
1.84,3.23
0.99,2.6
1.43,3.12
0.94,1.84
1.28,2.58
0.94,1.87
1.05,2.95
0.73,2.22
2.14,4.25
1.3,2.54
1.13,1.59
2.21,3.56
3.29,5.53
5.36,9.45
8.57,13.66
10.16,17.71
11.32,21.13
10.16,17.77
11.63,19.47
11.13,18.36
10.14,17.6
11.4,19.55
9.91,19.89
13.98,27.58
11.21,22.07
10.06,19.26
13.75,27.21
12.49,23.73
16.24,34.96
17.31,31.04
12.53,25.13
12.13,23.35
12.89,23.16
13.02,25.57
10.33,18.05
9.62,18.15
11.3,21.31
8.97,15.13
8.87,15.4
7.99,11.67
5.57,7.88
7.92,12.55
7.57,11.84
7.17,10.6
10.56,15.17
7.96,11.51
7.96,10.56
6.88,12.41
3.56,5.22
8.36,11.44
9.72,14.52
2.73,2.87
2.14,2.51
2.98,4.23
4.15,4.92
3.14,3.94
3.08,4.19
3.71,4.11
3.58,4.23
3.82,5.39
6.96,9.08
15.56,21.41
24.15,33.74
24.48,33.18
26.97,38.42
23.52,30.58
16.05,22.95
16.06,21.84
26.3,42.44
22.19,35.29
19.95,32.57
15.72,24.46
14.23,20.6
25.95,34.56
11.23,17.54
10.0,15.66
16.22,24.63
19.16,30.91
16.56,27.2
13.94,23.49
12.97,22.53
11.4,17.65
12.49,18.15
15.38,24.21
18.21,26.87
10.23,30.87
16.72,21.99
25.02,37.71
18.46,24.33
21.23,31.21
29.52,47.1
24.42,52.28
31.81,53.34
32.57,59.9
34.18,64.88
32.42,63.09
30.57,53.37
23.34,34.53
19.56,41.76
15.71,25.4
12.62,23.14
15.57,21.3
14.83,21.86
15.46,24.04
16.53,23.53
17.42,23.6
18.3,23.66
24.81,46.01
19.37,29.45
24.38,36.38
36.55,56.61
32.42,45.77
23.62,44.37
29.09,45.71
32.78,60.28
29.77,77.83
39.39,78.21
34.76,106.38
34.29,79.15
34.18,62.29
17.54,27.31
12.87,17.77
14.61,19.74
15.76,22.57
13.48,18.95
15.61,22.49
14.32,19.32
13.98,20.02
15.53,21.9
19.91,26.85
15.74,19.91
21.11,27.02
20.56,27.35
18.86,26.72
21.32,26.87
24.31,31.19
15.74,19.07
13.58,19.62
13.75,17.58
14.19,19.14
13.92,18.36
12.28,15.74
16.16,21.08
8.76,11.26
9.35,12.68
5.3,7.02
6.08,7.17
5.32,6.87
4.59,5.41
4.53,4.97
4.11,4.61
6.9,8.26
3.5,4.05
2.37,3.35
3.19,2.62
3.56,3.32
3.94,4.02
3.12,1.86
3.39,3.04
3.77,4.4
3.98,2.33
3.44,3.08
2.81,3.29
2.66,3.52
2.87,3.63
3.35,3.29
4.72,6.1
4.78,5.76
4.84,7.0
7.73,11.13
7.82,11.59
6.25,9.07
6.58,9.96
7.44,10.5
7.25,9.6
7.78,10.73
5.57,7.78
5.53,7.42
5.58,7.73
7.02,10.04
5.6,8.22
4.93,6.96
4.49,5.95
5.58,7.67
5.81,8.93
4.74,6.43
4.49,5.64
4.21,5.58
3.42,4.72
3.08,3.84
2.1,2.6
1.53,1.78
0.92,0.54
0.96,0.17
0.59,0.52
0.79,0.54
0.99,0.55
0.52,0.0
0.69,0.02
0.59,0.29
0.67,0.29
0.34,0.0
0.54,0.13
1.11,1.43
2.45,4.05
4.58,8.05
6.71,12.05
7.99,13.18
7.86,12.24
8.74,15.17
6.88,10.98
7.71,13.22
7.84,13.43
7.54,12.47
7.19,12.18
8.45,14.71
8.38,14.23
10.31,18.13
8.93,15.41
7.54,13.29
8.4,13.71
9.77,16.81
10.37,17.67
8.95,16.12
7.98,13.79
6.71,11.63
6.33,11.65
6.52,10.06
6.75,11.19
6.67,10.19
5.01,8.55
5.28,8.57
4.09,7.17
4.82,7.54
4.78,7.55
4.55,7.84
3.73,6.83
3.02,4.55
3.16,4.49
3.08,4.42
2.41,3.27
2.28,2.66
2.62,3.23
3.02,3.82
3.27,4.28
1.55,2.51
1.26,1.89
1.51,1.49
2.79,3.39
4.02,4.3
5.24,5.22
6.71,7.08
7.08,9.54
10.23,14.76
14.15,19.58
18.55,29.38
31.96,54.39
23.56,32.19
18.36,24.52
14.17,18.59
14.19,19.49
20.87,28.61
12.47,18.55
18.3,28.19
18.47,28.48
17.77,28.82
21.09,33.32
19.58,32.21
18.0,28.02
18.72,31.65
15.47,23.37
19.62,29.13
18.3,29.61
12.53,17.6
12.83,17.54
9.52,13.46
10.98,15.03
11.84,17.31
9.81,13.6
10.92,14.15
8.8,12.26
8.2,10.52
6.56,9.62
5.76,8.72
6.16,8.32
5.62,8.36
3.75,4.42
3.19,4.49
2.18,1.95
2.03,1.97
1.97,2.33
1.89,1.51
1.86,2.16
1.87,1.59
2.22,2.35
1.61,1.22
1.7,1.7
1.63,1.09
1.78,1.51
2.4,2.54
3.02,3.58
3.52,6.25
5.28,9.18
4.72,8.24
6.14,11.95
5.66,9.72
4.55,7.36
4.86,8.03
6.62,11.32
8.93,13.73
10.58,17.81
10.73,16.77
7.57,11.28
5.51,9.24
6.41,10.48
6.75,10.69
9.26,13.41
9.43,12.91
9.52,13.88
8.41,11.91
10.17,14.4
8.51,11.9
9.12,13.1
7.1,11.61
5.37,7.82
5.43,8.05
7.5,9.12
6.46,9.47
5.34,6.9
4.25,5.79
6.33,8.41
5.41,6.94
3.92,4.92
4.28,5.37
4.59,4.9
2.3,2.56
2.33,2.58
1.8,1.68
2.41,2.41
1.86,0.96
2.35,1.07
1.86,1.24
1.87,1.28
1.42,1.19
1.59,0.96
1.61,1.15
1.72,1.17
1.61,1.68
3.48,4.21
4.1,5.5
4.72,6.79
5.01,7.5
5.2,7.94
6.08,9.62
3.39,4.97
3.94,5.81
4.49,6.69
3.98,7.23
4.42,8.38
4.8,8.32
4.92,7.82
5.49,9.1
5.03,7.92
4.23,7.84
4.34,7.96
4.48,9.75
4.99,8.66
5.03,9.43
6.25,12.58
5.64,11.25
10.35,18.82
9.93,17.88
8.11,14.36
8.47,13.56
7.23,11.13
7.32,12.85
6.39,9.68
4.61,6.1
3.4,6.08
3.79,5.34
3.4,4.92
4.36,6.33
3.56,4.59
2.81,2.52
2.89,3.0
1.74,1.63
1.86,1.59
1.42,1.42
2.39,2.7
1.51,0.88
1.57,1.28
0.98,1.19
2.08,2.1
2.28,2.64
2.47,3.17
3.67,4.49
7.04,9.94
12.81,18.32
13.64,18.53
19.89,31.17
30.16,45.5
33.14,60.28
32.78,61.58
39.03,65.24
28.23,45.73
27.06,45.75
30.33,54.85
26.07,40.32
24.31,41.58
18.17,30.87
13.37,21.02
13.79,21.8
11.86,20.6
13.02,21.61
12.91,20.85
14.76,23.7
9.83,15.74
11.42,17.73
13.73,20.58
15.15,21.27
12.47,17.48
18.0,25.26
13.87,19.93
13.56,19.93
11.04,14.88
12.01,16.91
13.23,19.3
15.03,22.49
15.74,25.82
14.0,23.14
14.4,22.97
8.87,14.21
5.18,8.8
4.88,8.17
2.68,5.99
3.63,5.18
3.9,5.05
3.08,3.58
4.26,5.68
4.84,5.95
4.0,3.88
4.44,4.26
3.54,2.75
3.12,2.08
2.7,1.4
2.2,1.17
2.85,3.06
2.62,1.84
2.56,3.35
1.84,2.18
3.46,3.16
3.08,3.56
3.17,4.76
2.96,4.13
3.46,4.04
3.77,5.43
2.68,3.67
3.94,5.45
3.19,4.23
2.93,4.09
2.93,5.34
2.83,4.44
2.72,4.02
2.47,2.72
2.45,2.96
2.08,2.3
2.43,3.37
2.43,2.89
2.58,3.25
3.84,5.47
2.01,3.16
2.77,4.0
3.1,5.07
2.77,3.98
2.18,2.72
2.18,3.63
2.77,5.05
1.87,2.95
2.05,2.98
3.04,4.61
1.01,0.92
0.59,0.0
1.34,1.28
1.43,0.21
1.68,1.03
0.54,0.0
0.84,0.06
0.19,0.0
0.38,0.0
0.77,0.0
0.57,0.17
0.5,0.0
0.38,0.0
1.12,1.18
1.86,2.35
0.8,1.07
0.88,1.89
1.24,2.2
1.59,3.46
1.84,3.25
2.43,3.42
3.44,6.29
3.4,5.85
3.73,6.73
3.14,5.79
3.96,8.11
4.86,8.53
5.93,10.04
6.35,10.86
5.01,8.93
7.0,9.91
6.18,9.01
6.98,10.81
16.26,24.48
13.31,18.76
18.26,26.43
22.62,31.52
21.86,31.4
19.74,25.57
17.04,22.38
17.37,22.72
15.13,20.37
9.68,13.04
11.67,17.44
18.49,26.03
32.57,59.9
34.18,64.88
32.42,63.09
15.58,27.44
14.34,21.61
12.05,16.47
9.08,11.32
6.88,9.52
5.72,7.72
4.55,5.93
3.79,5.18
12.34,15.97
12.67,18.16
13.0,20.35
6.88,12.55
16.06,29.43
31.19,63.44
45.73,96.16
47.53,116.86
55.42,103.56
51.49,155.62
53.89,138.48
41.5,77.83
41.25,102.14
34.76,79.49
34.29,87.32
34.18,84.91
38.21,96.24
31.04,87.48
33.87,114.13
35.13,89.25
34.78,112.48
35.12,107.13
37.8,82.45
38.35,92.78
38.44,89.58
38.22,70.44
37.58,80.31
38.16,67.15
30.63,48.65
20.14,25.34
27.0,37.83
18.95,25.15
14.17,19.16
11.72,15.93
9.87,12.91
14.57,19.6
14.42,21.92
10.21,14.67
6.79,9.52
4.97,6.66
3.86,4.34
4.61,5.09
19.43,41.76
3.71,4.53
4.67,5.03
4.11,5.55
2.24,3.12
2.12,3.17
2.39,3.17
2.52,2.07
2.73,3.16
4.64,5.9
6.54,8.64
10.71,15.49
21.36,32.65
11.48,17.5
34.85,53.76
51.49,94.08
53.89,138.48
41.5,77.83
41.25,102.14
34.76,79.49
34.29,79.15
34.18,73.86
36.02,77.84
31.04,72.98
10.46,15.51
10.67,15.78
6.73,9.73
10.16,16.87
10.02,18.34
9.03,16.03
10.37,17.16
7.88,13.1
12.26,20.29
10.37,14.36
12.76,18.25
11.59,15.93
14.71,20.6
13.5,18.95
11.11,13.92
12.16,17.14
13.67,18.25
15.11,21.32
8.84,10.86
6.71,8.91
5.55,7.0
4.65,7.25
3.86,4.63
1.95,2.31
2.49,3.17
3.94,4.15
2.37,2.56
1.55,0.77
2.14,1.86
1.78,1.17
2.2,1.34
4.04,3.0
6.73,7.48
10.48,14.69
19.28,29.95
17.88,28.61
16.49,27.27
20.46,42.67
28.96,50.36
23.91,39.28
26.74,42.74
17.63,27.92
25.84,43.07
25.47,43.28
30.33,53.82
22.62,41.86
12.53,21.94
17.04,33.93
11.34,21.02
16.91,26.74
12.05,17.92
16.94,28.17
13.6,21.02
17.29,26.85
18.78,30.94
26.03,43.89
25.76,42.92
21.67,33.79
16.37,25.15
14.44,21.04
12.57,17.77
11.9,16.1
11.99,16.26
9.18,11.59
12.57,17.38
9.45,15.09
6.66,9.45
7.02,10.5
5.14,6.85
5.51,8.76
2.26,2.43
2.72,3.12
3.42,4.0
3.31,3.19
3.16,2.91
2.1,1.66
2.3,1.82
3.56,3.6
7.48,7.54
14.22,17.03
20.96,26.51
18.47,26.05
34.24,55.98
41.92,67.85
38.66,96.16
34.36,90.56
34.16,85.64
33.14,89.91
32.78,72.75
26.78,77.83
41.25,102.14
28.74,71.97
34.29,87.32
34.18,84.91
38.21,81.64
22.11,39.95
15.28,23.91
15.11,24.38
10.29,15.8
11.55,16.94
11.78,16.73
11.74,18.07
13.2,20.29
13.06,20.02
14.55,21.15
14.23,19.03
14.59,21.9
11.99,16.64
12.55,15.91
12.07,16.54
10.12,12.95
9.56,12.28
10.69,14.17
10.04,13.1
9.81,11.99
12.99,20.25
10.08,14.17
11.63,16.08
5.6,6.71
4.63,4.25
5.43,6.35
4.04,2.7
4.57,3.79
4.05,3.44
3.92,3.02
3.81,5.18
4.49,4.48
5.3,4.78
6.31,7.75
7.26,10.75
8.22,13.75
15.49,25.05
15.78,25.32
17.69,30.68
21.06,35.13
18.38,34.41
12.05,18.4
10.84,16.62
21.08,32.51
10.79,15.01
15.84,26.07
20.04,32.03
10.06,14.17
10.14,17.25
9.41,14.94
10.29,14.76
12.07,18.32
8.89,14.94
14.08,22.62
17.52,27.39
21.63,34.48
20.92,30.87
18.76,27.77
16.06,22.61
26.76,38.15
17.04,23.91
12.74,19.3
15.66,25.0
14.54,21.76
8.87,12.83
6.87,10.12
7.86,13.08
6.43,10.75
6.23,10.44
4.99,8.19
6.43,10.92
5.85,9.7
5.34,8.87
2.91,4.78
2.07,4.57
1.09,2.72
1.61,2.98
1.01,2.56
1.76,3.77
2.3,3.39
2.22,3.39
0.36,1.22
1.57,2.54
1.2,1.61
2.04,2.91
2.87,4.21
2.41,2.39
3.4,4.05
4.92,5.99
4.84,6.35
3.71,5.95
3.88,6.16
5.32,8.28
5.11,8.26
4.34,6.33
4.13,6.62
9.91,15.17
7.17,11.51
4.82,8.4
4.04,6.69
3.98,6.71
6.31,9.45
5.14,7.82
6.67,11.05
5.99,8.66
8.11,11.59
10.37,15.11
10.69,16.2
10.38,16.06
9.73,14.92
7.5,11.88
7.55,11.09
5.95,8.19
6.31,8.57
7.55,11.55
7.52,11.53
7.21,11.51
6.04,8.89
4.02,4.78
3.16,4.84
3.0,3.81
2.77,4.26
1.95,3.0
2.26,2.05
1.63,2.01
1.49,1.74
1.61,1.95
2.7,3.39
3.14,3.0
3.58,2.6
3.54,2.75
2.68,2.18
3.35,2.52
4.72,4.25
4.97,5.14
7.76,8.53
3.9,3.82
11.0,14.59
8.2,9.98
5.99,7.06
5.68,6.58
5.83,8.2
14.55,21.11
16.26,22.7
12.11,17.75
13.62,19.05
13.04,16.77
17.17,22.7
8.63,11.65
10.31,14.52
9.26,12.3
11.46,15.19
9.2,12.11
7.98,9.96
8.99,11.99
7.38,9.68
12.3,15.32
12.26,15.11
11.72,14.08
10.5,13.12
9.68,12.34
8.24,9.77
7.15,8.45
6.04,7.67
4.04,5.51
6.56,7.73
7.38,8.47
4.28,4.88
2.08,1.24
2.33,1.68
1.74,1.05
2.39,2.28
2.01,0.8
1.93,1.38
2.22,2.04
2.51,2.7
3.75,3.73
2.98,4.69
4.28,8.06
5.57,11.42
7.27,12.13
9.01,21.04
11.26,24.02
12.79,23.77
14.5,26.47
12.66,23.54
12.68,23.98
17.29,28.78
10.81,21.5
9.81,17.42
8.53,17.08
8.49,16.26
7.55,17.88
13.37,26.32
10.27,23.45
8.97,18.23
14.19,28.23
14.57,26.12
5.16,32.13
16.24,28.55
19.03,30.33
17.17,28.02
11.51,18.11
9.6,14.94
8.13,13.71
8.01,13.73
8.61,13.44
4.67,7.4
4.02,8.34
4.05,6.79
4.7,7.67
5.99,9.31
10.6,16.14
7.0,9.96
6.16,10.33
2.26,3.25
2.95,4.23
2.51,4.36
1.13,2.05
1.36,2.43
1.19,2.12
1.59,2.45
2.98,3.54
3.29,3.37
3.86,4.53
5.6,6.92
3.37,4.63
3.21,4.3
4.86,6.26
6.52,8.22
7.25,11.42
7.15,11.46
6.18,10.33
5.74,8.63
10.19,14.17
10.04,15.51
7.52,13.39
9.54,17.02
8.59,14.44
9.08,16.79
6.75,12.14
7.9,14.52
8.72,15.97
7.23,12.68
9.08,16.43
7.27,15.55
9.93,18.0
10.54,18.49
8.01,13.39
7.5,11.76
6.33,9.77
7.52,11.36
9.41,12.91
11.63,16.7
8.91,12.41
5.97,9.24
6.27,9.31
5.81,8.64
6.67,9.68
7.27,9.96
8.2,13.2
8.26,12.03
5.7,8.72
3.27,4.13
3.61,4.55
3.33,4.32
2.98,3.52
3.27,4.0
2.93,3.25
2.26,2.85
2.28,2.66
2.95,3.75
5.49,6.83
8.03,9.91
4.49,4.93
5.41,8.3
7.25,11.3
8.24,13.77
9.75,15.43
11.72,18.47
12.78,20.35
8.99,13.88
7.63,12.05
7.02,10.65
6.23,11.21
6.83,10.75
6.02,9.31
6.04,9.43
6.18,10.56
4.86,8.59
5.13,7.92
5.93,10.69
13.62,22.51
7.78,13.25
7.84,13.69
6.79,11.65
6.81,11.59
7.71,12.7
7.78,11.53
8.76,12.03
7.54,11.8
8.66,11.88
7.76,11.07
5.24,7.36
4.82,6.62
4.95,7.06
3.71,5.83
4.55,6.33
3.44,4.15
3.25,4.32
3.27,4.21
2.39,3.6
2.24,2.85
2.12,3.48
1.74,1.43
2.28,2.49
2.31,2.37
2.41,2.85
1.63,1.61
1.78,1.64
1.8,1.49
3.63,3.96
5.34,6.54
7.04,9.12
9.56,15.32
14.8,22.78
20.22,32.46
26.05,40.39
18.7,29.76
13.48,20.79
14.31,21.13
14.29,23.66
10.81,17.9
9.45,14.86
10.9,17.73
11.76,20.67
7.19,12.58
7.48,11.48
8.2,13.92
7.1,11.44
11.05,16.79
10.94,17.31
11.21,17.84
10.75,17.61
7.13,11.61
9.37,14.57
6.43,10.08
7.04,10.84
8.38,11.97
7.46,11.55
9.01,12.07
6.87,8.76
6.29,9.28
7.54,10.63
9.43,11.97
6.6,8.91
7.8,10.37
6.12,7.75
5.72,7.34
3.5,3.61
2.73,3.33
3.21,3.71
2.16,2.47
2.7,2.79
2.7,2.49
2.28,2.33
2.93,2.87
2.41,2.31
3.31,3.54
4.09,5.97
7.34,9.43
15.47,21.21
20.86,30.04
26.24,38.88
33.03,49.27
32.13,47.66
22.87,34.9
16.7,21.84
19.6,28.59
17.79,26.89
15.91,25.34
19.53,29.38
10.82,17.61
13.5,24.44
11.57,19.35
10.82,19.72
11.4,20.25
11.97,19.05
13.46,23.26
15.17,24.9
15.47,23.85
21.48,34.39
25.57,43.59
21.08,33.11
20.54,30.98
22.3,31.98
17.61,24.69
19.2,26.07
18.65,26.49
10.52,14.36
9.39,13.06
8.74,11.93
9.1,13.66
11.17,15.63
11.28,15.85
7.75,10.94
6.81,9.31
6.1,8.57
4.38,5.97
3.42,5.09
3.44,4.3
5.18,7.59
5.18,7.84
2.96,4.69
2.89,3.71
3.08,4.11
3.26,4.43
3.44,4.74
4.32,6.39
4.82,6.67
4.55,6.87
10.27,14.84
4.65,6.2
6.75,11.0
7.92,11.09
9.22,14.21
9.89,16.03
10.67,17.1
16.47,27.1
14.34,23.54
11.36,19.97
13.41,21.86
15.11,24.5
15.8,24.25
15.15,24.84
15.2,23.12
14.08,22.85
19.07,29.97
18.65,29.78
21.67,32.86
20.5,31.44
20.31,29.3
24.88,38.33
22.47,35.57
21.38,34.1
16.87,26.91
15.4,26.87
14.65,20.66
16.93,23.85
16.08,22.74
15.66,24.27
13.52,19.47
13.94,19.56
15.01,20.62
12.76,18.0
13.02,19.58
11.21,14.29
11.42,14.52
10.63,13.22
8.61,10.42
8.26,11.34
8.2,13.27
7.46,9.51
8.36,11.74
9.24,11.63
7.96,10.75
7.74,9.39
7.52,8.03
7.67,8.4
8.01,9.7
7.82,8.89
10.71,12.83
7.32,8.47
9.16,11.57
9.33,11.57
9.89,13.83
12.01,17.35
15.17,21.78
15.89,25.24
18.74,30.35
20.48,35.04
23.73,40.24
23.98,43.05
25.86,45.57
20.87,35.3
21.08,34.23
20.25,34.83
22.72,35.09
23.79,38.65
27.02,51.81
31.09,56.74
25.86,48.02
24.96,45.82
23.35,42.15
22.89,45.31
20.08,34.04
16.81,26.35
21.99,37.1
19.78,30.33
21.25,37.22
22.14,39.55
14.96,23.81
14.75,23.12
11.17,15.09
14.34,24.12
11.19,14.99
9.76,16.39
8.34,17.79
6.52,7.55
8.11,11.69
10.48,16.56
11.15,23.53
13.46,17.1
20.96,28.71
15.41,22.84
17.56,38.9
21.9,41.68
26.24,44.47
34.36,71.36
38.54,71.53
33.14,70.61
32.78,66.19
29.77,63.07
28.78,48.42
34.76,65.75
34.29,71.03
34.18,75.49
38.21,78.57
31.04,87.48
33.87,80.98
34.31,70.48
31.65,71.81
35.12,77.07
34.05,67.09
25.03,42.29
13.98,23.05
11.44,21.38
16.87,28.48
13.39,23.96
12.6,27.83
11.46,16.58
13.25,19.83
13.08,20.92
10.82,16.26
11.46,16.22
10.21,14.29
8.3,11.69
6.88,9.7
10.29,14.44
7.55,9.98
9.49,13.29
8.24,10.63
6.54,7.42
6.58,8.89
4.02,4.09
3.82,4.15
3.35,3.75
4.55,4.53
4.88,5.07
3.69,3.54
4.74,4.96
5.79,6.37
2.98,3.42
4.0,5.14
5.64,7.99
8.09,13.0
10.08,15.34
9.85,14.97
8.05,13.83
7.02,10.67
5.97,9.35
9.91,14.57
8.2,13.54
8.63,13.9
7.02,10.6
9.52,14.65
6.96,13.2
7.75,12.66
6.54,11.7
5.93,10.0
9.01,15.09
13.62,20.71
12.74,22.36
19.11,33.72
29.89,52.48
26.22,38.88
38.16,76.0
30.63,62.04
28.48,57.89
27.5,52.25
22.89,40.56
21.46,36.24
20.25,36.57
19.22,34.71
14.42,23.98
12.13,16.49
11.4,17.21
9.37,11.78
8.09,11.36
4.84,5.36
3.58,3.92
3.71,4.19
1.38,0.86
1.45,1.32
1.57,0.46
1.84,2.72
2.89,2.64
3.02,4.05
2.58,2.52
8.15,9.56
11.12,14.98
14.08,20.41
31.19,65.87
34.02,68.49
34.36,82.85
40.66,70.13
51.49,94.08
49.6,88.73
41.5,101.68
41.25,78.21
34.76,79.49
30.33,74.13
31.65,72.89
29.07,74.61
20.22,54.6
28.17,69.63
20.56,56.42
20.06,45.5
23.62,47.85
20.02,54.98
38.35,92.78
38.44,89.58
38.89,108.5
37.58,106.87
30.85,76.04
34.14,83.41
35.86,66.74
35.71,67.14
22.93,47.26
32.8,55.71
22.17,33.11
13.27,18.55
11.04,17.56
14.9,20.52
18.76,27.43
9.03,12.74
12.28,16.35
11.38,13.54
4.78,4.72
2.33,2.96
2.47,3.14
4.57,4.93
5.62,6.35
5.11,6.2
3.58,4.07
5.34,6.92
2.81,3.04
4.11,5.03
3.92,4.78
9.1,13.5
12.6,22.34
16.1,31.19
19.85,34.04
20.73,34.2
21.5,32.09
17.08,25.07
17.54,39.17
17.38,29.24
13.06,23.58
10.61,18.55
8.8,16.29
8.66,16.01
9.29,15.93
7.94,14.29
9.08,18.53
11.46,21.96
9.31,17.81
12.18,22.66
11.63,21.27
10.31,18.15
11.15,18.15
7.42,12.18
9.51,14.52
10.75,16.91
9.64,14.4
9.91,14.42
8.41,12.28
6.85,9.49
6.67,9.52
6.77,9.14
5.32,7.86
4.55,6.73
3.35,5.51
5.16,7.31
2.95,4.25
1.51,3.0
1.42,3.0
1.4,2.64
2.2,3.65
0.71,1.26
1.03,2.45
1.78,2.85
1.09,1.38
1.51,1.97
1.44,2.28
1.38,2.6
1.95,3.25
1.55,3.58
4.13,9.16
6.64,11.4
9.47,15.4
14.99,24.73
9.29,15.55
7.67,13.04
8.13,13.66
8.11,13.69
8.85,14.04
15.22,25.68
17.54,29.66
26.41,45.56
31.04,60.34
33.87,107.41
35.13,89.25
34.78,83.56
30.75,74.63
30.26,68.47
27.08,57.64
20.31,55.88
15.74,55.02
24.08,60.86
14.08,34.06
14.42,34.71
16.79,37.85
17.35,47.24
26.88,55.72
18.9,38.69
36.44,77.08
29.52,50.0
24.42,52.28
14.38,24.27
22.14,47.22
16.01,27.04
9.52,16.29
27.53,29.83
14.34,24.72
14.25,23.68
15.71,25.4
12.62,23.14
15.57,21.3
3.75,5.57
4.3,6.37
2.77,4.34
2.2,4.34
2.12,2.22
3.08,3.52
4.04,4.82
4.42,8.8
5.76,7.32
7.02,13.73
9.31,13.1
6.1,8.36
7.84,11.21
6.69,9.33
6.31,8.41
6.94,9.41
8.03,13.04
5.6,10.02
6.46,10.96
7.15,12.6
6.88,10.82
6.25,10.25
7.08,11.93
10.79,16.37
9.72,13.18
8.55,13.08
9.18,13.71
10.65,14.73
11.0,16.05
16.68,24.27
10.23,14.67
14.21,19.28
12.34,17.84
12.01,17.38
7.34,10.63
6.23,8.68
7.84,10.42
7.67,12.07
5.3,8.22
5.03,7.5
6.04,9.1
5.34,7.63
6.18,8.78
4.78,5.83
4.44,6.85
7.13,9.94
6.39,7.9
11.33,21.3
10.02,12.93
4.93,6.37
4.67,6.67
4.53,5.24
4.9,6.1
4.15,5.39
4.69,5.7
4.78,6.28
4.88,6.87
10.75,18.53
12.55,17.48
19.32,25.84
20.35,31.23
29.26,47.09
26.11,45.82
30.52,56.07
23.49,42.74
22.68,45.29
19.16,42.4
22.84,44.83
22.45,42.38
22.68,49.86
9.64,21.86
11.19,26.68
12.55,28.15
13.06,33.11
17.31,31.86
19.3,39.15
22.3,41.92
38.16,75.16
30.49,53.55
29.94,48.96
11.46,16.7
8.47,13.73
5.78,10.08
10.61,16.56
8.74,13.0
13.23,17.67
18.4,24.69
22.14,44.75
20.92,44.53
17.38,27.16
8.51,12.13
2.28,3.23
4.02,4.99
4.9,5.55
3.14,3.6
2.13,2.42
1.13,1.24
1.89,2.31
1.51,1.13
2.02,2.04
2.54,2.95
3.52,4.69
6.83,12.41
12.57,22.26
15.22,25.59
17.25,30.91
17.86,32.11
16.5,29.01
13.69,22.87
9.91,15.8
8.3,12.05
11.23,17.31
10.33,18.21
8.41,16.64
6.9,13.46
11.38,22.28
11.0,20.58
8.49,17.96
7.5,13.5
8.63,18.61
8.57,14.48
8.89,15.38
7.9,13.64
8.91,14.78
11.74,18.63
14.21,21.55
17.14,30.7
22.59,48.48
23.66,38.17
24.15,55.72
20.64,31.94
34.24,52.42
15.17,21.31
17.75,24.04
17.23,23.43
22.14,33.76
16.28,22.68
19.57,28.23
6.62,8.63
5.11,6.66
4.97,6.12
3.71,4.36
3.17,3.46
3.39,4.42
3.06,4.19
3.35,4.4
3.37,4.55
3.77,5.22
5.68,8.38
8.88,11.67
12.07,14.96
19.87,32.57
33.3,59.65
47.53,116.86
55.42,103.56
51.49,155.62
53.89,138.48
41.5,101.68
41.25,102.14
34.76,106.38
30.33,79.15
31.65,76.33
29.07,73.0
31.04,78.25
33.87,107.41
35.13,89.25
34.78,83.56
31.61,62.73
30.47,55.77
20.64,34.5
22.8,43.99
30.75,55.63
37.58,104.68
31.09,63.07
27.87,63.07
29.07,66.74
27.55,67.14
19.81,46.3
32.8,56.55
24.38,44.43
6.04,9.39
3.42,6.52
4.26,7.48
4.07,6.56
2.51,4.32
4.07,8.03
2.12,3.35
2.89,3.6
2.03,3.79
1.07,1.24
0.71,1.64
0.94,1.7
0.54,1.63
0.94,1.11
0.65,1.38
1.2,1.82
1.38,2.35
2.93,4.26
3.81,6.87
5.4,8.56
7.0,10.25
6.85,11.84
7.8,12.22
8.82,13.64
6.81,10.77
10.19,16.79
7.34,11.67
6.71,11.4
7.63,13.67
6.1,9.89
5.6,10.71
5.37,10.48
7.92,13.52
6.08,10.98
8.26,14.23
8.72,15.43
13.79,24.96
10.88,18.51
8.84,14.13
12.72,20.02
13.08,23.83
13.25,20.54
11.57,20.73
11.17,17.82
11.21,16.56
8.66,13.6
8.7,14.06
7.4,10.42
6.58,10.73
6.98,9.47
6.46,9.87
6.73,8.78
6.06,7.88
7.19,8.41
5.41,6.29
5.3,6.35
6.22,6.98
4.3,4.15
3.21,3.37
3.84,3.9
3.65,3.48
3.65,3.39
3.4,3.63
4.08,4.29
4.76,4.95
4.86,6.22
11.38,14.99
13.83,18.51
45.73,78.13
34.36,68.93
40.66,67.76
33.14,63.17
32.78,50.97
24.81,39.47
20.96,41.81
12.87,23.29
10.12,18.78
8.26,13.98
7.06,11.46
8.17,13.44
11.86,18.55
10.56,16.47
6.87,11.19
14.96,23.98
34.05,58.98
38.35,92.78
38.44,68.41
23.12,36.41
23.62,38.75
17.14,24.5
11.69,17.35
11.15,15.8
8.74,12.34
11.21,15.91
9.45,14.82
11.32,15.72
7.96,11.72
8.66,13.58
11.11,15.51
7.8,12.01
7.04,10.38
4.76,7.98
3.54,6.31
2.43,3.96
2.93,6.08
1.2,1.72
2.96,4.32
2.1,2.79
2.05,3.69
1.74,3.06
1.51,2.47
3.6,4.86
4.53,5.51
7.0,9.85
9.47,14.19
15.55,26.83
18.82,27.12
18.93,30.45
25.7,44.98
16.81,54.47
14.76,26.28
16.14,35.34
9.12,14.06
10.27,15.26
8.19,12.76
8.55,14.44
6.98,10.92
8.63,13.54
7.98,12.79
6.54,11.19
9.18,14.65
10.06,16.93
11.59,19.68
14.1,25.84
12.24,19.74
11.42,19.39
12.43,21.86
10.35,15.15
15.8,22.87
26.93,42.29
15.78,20.43
12.89,17.35
14.86,20.73
17.84,23.05
13.29,17.52
19.76,26.83
18.91,26.51
22.14,42.73
20.92,35.55
32.42,37.08
30.57,53.37
23.34,34.53
14.25,23.18
12.23,16.01
9.47,11.93
15.57,18.61
14.83,21.86
15.46,24.04
16.53,23.53
19.64,41.42
22.77,56.36
34.87,73.06
34.96,49.9
40.34,73.03
45.73,96.16
34.36,77.63
40.66,103.56
48.25,94.08
32.78,88.73
41.5,101.68
41.25,102.14
23.87,46.65
23.08,39.59
19.51,32.19
16.33,25.42
14.52,21.48
15.28,22.62
16.91,31.0
14.76,22.99
11.53,20.33
13.69,20.96
21.53,33.3
22.84,34.98
18.36,27.1
22.64,34.46
25.67,39.67
34.14,83.41
35.86,76.48
38.0,67.14
38.07,75.92
32.8,56.55
36.44,77.08
29.52,50.0
40.91,76.64
31.81,53.34
32.57,59.9
20.92,40.72
32.42,63.09
15.58,29.83
23.34,34.53
19.56,41.76
15.71,25.4
12.62,23.14
15.57,21.3
14.83,21.86
15.46,24.04
16.53,21.22
17.92,24.99
19.3,28.76
16.77,23.64
13.58,18.8
29.38,41.29
32.42,43.87
34.36,52.61
25.03,35.17
26.39,36.15
25.82,45.0
25.28,42.34
23.96,41.37
21.55,51.06
17.42,35.15
23.18,44.73
22.8,50.43
22.97,53.51
26.85,54.75
22.22,51.96
25.24,47.93
21.69,38.96
25.28,47.47
20.75,34.81
24.27,48.85
18.65,40.51
18.51,46.09
20.27,47.95
22.01,54.3
20.44,47.97
24.44,51.24
26.88,55.72
21.8,39.28
18.19,33.79
24.09,44.92
24.42,52.28
19.85,35.94
18.69,27.54
14.11,21.36
12.32,20.06
10.52,17.58
8.11,10.54
9.18,11.28
10.16,14.08
9.18,10.92
9.16,10.61
5.79,5.89
5.46,6.06
5.13,6.23
6.67,9.01
5.83,9.28
11.58,18.56
17.33,27.85
23.05,56.27
28.73,71.78
34.36,93.61
52.38,103.56
51.49,94.08
32.78,88.73
41.5,77.83
30.05,71.47
34.76,79.49
34.29,79.15
31.65,68.72
29.07,81.64
29.52,63.11
27.96,63.4
29.07,60.7
29.43,60.15
17.35,71.26
27.88,56.06
34.84,92.78
38.44,78.62
38.89,71.62
37.58,83.5
38.16,77.11
34.14,83.41
35.86,76.48
37.78,58.11
26.88,55.72
20.37,40.95
24.38,52.42
24.09,50.0
23.62,48.39
31.81,53.34
22.14,37.31
20.67,35.86
17.94,63.09
14.27,29.83
9.77,15.41
12.24,17.21
6.58,10.17
7.46,8.32
6.64,7.1
7.08,8.3
8.22,9.52
9.51,12.34
14.06,18.42
22.46,39.43
34.87,55.51
22.53,36.72
34.13,66.44
45.73,96.16
34.36,80.63
40.66,103.56
33.14,94.08
53.89,88.73
41.5,77.83
30.05,65.45
34.76,76.17
34.29,76.65
31.65,61.41
24.27,41.52
21.44,40.18
18.99,34.35
19.39,32.95
18.93,33.93
19.91,35.95
16.14,28.44
16.89,28.4
15.85,25.19
19.35,28.67
24.4,35.04
26.07,37.41
25.51,36.72
25.99,32.38
24.84,33.53
26.88,36.03
23.79,32.68
23.49,27.12
15.15,19.03
15.03,19.09
14.29,17.84
22.14,43.66
31.03,44.53
19.57,24.42
10.82,12.79
14.34,24.15
11.84,23.86
7.86,11.32
5.09,5.57
10.69,11.0
14.83,18.24
15.46,24.04
16.53,20.87
15.04,19.92
13.54,18.97
17.46,22.85
14.84,22.89
20.33,37.66
28.36,49.67
26.56,44.37
31.69,53.88
33.14,74.3
28.3,46.44
20.39,36.28
21.02,34.6
26.41,47.3
21.69,36.82
20.67,34.08
19.41,32.46
17.19,30.47
13.98,23.29
14.63,25.51
8.99,14.21
15.64,39.7
22.49,38.44
18.51,29.55
18.21,29.4
17.81,27.37
30.49,43.74
18.26,25.65
22.19,30.73
29.82,46.93
18.61,24.98
26.88,41.86
14.71,19.72
17.71,29.34
17.73,29.57
13.12,18.02
14.88,18.7
12.55,16.47
20.92,39.67
19.57,37.08
14.63,29.83
10.86,15.13
19.56,41.76
10.71,15.38
7.11,7.04
4.8,4.46
14.83,17.29
10.37,10.75
5.57,5.28
9.93,9.94
7.04,7.5
11.24,16.26
15.45,25.02
27.79,56.36
45.73,145.72
47.53,116.86
55.42,212.63
51.49,155.62
53.89,138.48
41.5,101.68
41.25,102.14
34.76,106.38
34.29,87.32
34.18,84.91
38.21,96.24
31.04,87.48
33.87,114.13
35.13,89.25
34.78,83.56
35.12,107.13
37.8,98.72
38.35,108.51
38.44,104.21
38.89,112.36
37.58,106.87
38.16,96.37
34.14,83.41
35.86,76.48
38.0,67.14
38.07,75.92
32.8,56.55
36.44,77.08
29.52,50.0
40.91,76.64
31.81,53.34
32.57,59.9
34.18,64.88
32.42,63.09
30.57,53.37
23.34,34.53
19.56,41.76
15.71,25.4
12.62,23.14
15.57,21.3
14.83,21.86
15.46,24.04
16.53,23.53
15.18,21.63
22.77,28.13
20.12,28.96
25.07,39.7
35.4,88.0
45.73,136.29
47.53,116.86
55.42,212.63
51.49,155.62
53.89,138.48
41.5,101.68
41.25,78.21
30.85,73.63
34.29,87.32
34.18,80.98
38.21,81.64
31.04,87.48
33.87,80.46
35.13,89.25
31.52,76.67
21.63,87.72
18.4,90.28
31.25,79.1
35.04,86.98
33.99,88.21
37.58,106.87
38.16,96.37
34.14,83.41
35.86,76.48
38.0,67.14
38.07,75.92
23.79,56.55
36.44,77.08
29.52,50.0
37.51,76.64
31.81,53.34
32.57,59.9
34.18,64.88
32.42,63.09
30.57,53.37
23.34,34.53
19.56,41.76
15.71,25.4
12.62,23.14
15.57,21.3
14.83,21.86
15.46,24.04
16.53,21.22
16.38,20.38
16.24,19.53
16.79,26.16
20.56,27.71
31.19,44.24
38.66,63.07
46.37,75.66
40.66,86.06
33.14,87.82
53.89,88.73
41.5,77.83
30.05,46.99
24.1,42.86
19.07,30.77
22.82,36.38
23.81,40.49
18.93,28.67
25.23,43.6
21.25,37.18
17.77,26.89
19.72,33.99
25.7,49.8
29.3,54.51
24.94,39.93
14.36,20.33
24.44,37.75
23.98,38.9
23.85,30.7
20.98,26.93
23.47,28.17
38.07,71.0
23.79,44.85
24.38,40.39
23.75,31.96
40.91,76.64
15.74,19.81
13.14,16.14
10.96,13.1
11.21,14.15
11.21,13.31
9.62,11.57
11.57,14.38
8.47,9.31
9.01,10.67
6.33,6.96
6.06,6.1
6.37,6.16
7.04,6.92
6.33,6.69
6.54,7.99
8.48,10.09
10.42,12.18
16.14,19.7
33.53,54.47
16.91,21.25
14.06,16.98
13.37,17.65
16.64,23.18
14.11,20.85
14.67,20.96
28.08,51.71
15.99,25.15
24.46,38.17
15.95,24.35
18.46,34.2
13.5,19.95
23.03,42.59
13.96,21.73
4.92,64.45
30.47,53.53
14.75,20.56
15.99,21.82
11.9,17.4
13.73,19.6
13.41,18.32
14.21,18.17
29.94,50.36
27.55,45.15
38.07,55.72
32.8,47.64
36.44,52.42
24.09,37.37
40.91,52.28
21.25,32.11
22.14,29.91
20.92,26.35
16.08,19.62
30.57,48.4
14.34,22.24
9.6,10.56
9.18,9.74
8.76,8.91
6.92,7.21
6.06,6.54
10.52,11.95
5.7,5.51
10.88,13.29
22.77,56.36
34.87,73.06
35.04,91.69
40.38,118.7
45.73,145.72
47.53,116.86
55.42,212.63
51.49,155.62
53.89,138.48
39.03,74.2
41.25,102.14
